GameId,Quarter,Minute,Second,Down,ToGo,YardLine,SeasonYear,Yards
2019112406,2,0,44,4,15,70,2019,0
2019112406,2,3,16,4,15,83,2019,0
2019112406,1,5,5,4,6,94,2019,0
2019111709,3,3,27,4,6,59,2019,0
2019111709,3,7,28,4,2,78,2019,0
2019111709,2,0,8,4,4,65,2019,0
2019111709,1,5,21,4,3,64,2019,18
2019111709,3,12,42,4,10,55,2019,0
2019110700,2,14,34,4,1,50,2019,1
2019110700,3,0,28,4,5,91,2019,0
2019110307,1,2,38,4,2,98,2019,2
2019110307,4,11,42,4,10,61,2019,0
2019110307,3,4,47,4,5,95,2019,0
2019102704,3,10,33,4,21,78,2019,0
2019102704,2,1,7,4,9,85,2019,0
2019100605,1,5,9,4,8,51,2019,0
2019091510,3,12,15,4,18,54,2019,0
2019090901,4,8,43,4,9,79,2019,0
2019090901,3,3,45,4,5,92,2019,0
2019090901,3,9,22,4,8,92,2019,0
2019090901,2,0,5,4,20,54,2019,0
2019090901,2,12,14,4,22,57,2019,0
2019090901,1,6,44,4,4,31,2019,0
2019090901,4,15,0,4,3,12,2019,0
2019091510,3,5,4,4,16,26,2019,0
2019091510,4,11,51,4,9,36,2019,0
2019091510,1,7,29,4,9,43,2019,0
2019091510,1,2,11,4,12,33,2019,0
2019092205,1,8,54,4,4,29,2019,0
2019122201,3,3,9,4,2,54,2019,10
2019121510,3,0,32,4,21,75,2019,0
2019121510,1,8,12,4,6,90,2019,0
2019120105,1,5,24,4,1,85,2019,0
2019120105,3,12,8,4,2,68,2019,0
2019112406,4,6,30,4,10,60,2019,0
2019092205,2,5,22,4,9,40,2019,0
2019092905,1,8,22,4,12,23,2019,0
2019102004,4,9,39,4,5,6,2019,0
2019102004,4,2,24,4,8,15,2019,0
2019102704,1,9,28,4,9,37,2019,0
2019102704,1,7,23,4,2,38,2019,0
2019102704,2,14,26,4,10,27,2019,0
2019102704,2,7,12,4,19,16,2019,0
2019102704,3,12,42,4,1,34,2019,9
2019110307,4,9,21,4,3,42,2019,0
2019110700,1,3,1,4,11,36,2019,0
2019110700,3,10,7,4,12,7,2019,0
2019110700,3,6,52,4,24,29,2019,0
2019092905,4,1,19,4,6,52,2019,48
2019092905,2,0,37,4,9,61,2019,0
2019092905,2,1,27,4,3,54,2019,6
2019092905,2,7,37,4,8,92,2019,0
2019092205,4,3,49,4,4,94,2019,0
2019092205,4,15,0,4,4,69,2019,0
2019121510,1,3,55,4,7,37,2019,0
2019121510,2,12,11,4,15,11,2019,0
2019121510,2,6,6,4,12,2,2019,0
2019121510,2,1,23,4,7,39,2019,0
2019121510,3,13,38,4,4,31,2019,0
2019121510,4,7,56,4,1,41,2019,1
2019122201,4,1,33,4,9,91,2019,0
2019122201,1,12,56,4,7,38,2019,0
2019122201,1,4,48,4,10,20,2019,0
2019122201,2,14,12,4,1,33,2019,0
2019122201,2,7,31,4,2,38,2019,0
2019122201,4,6,49,4,20,35,2019,0
2019122201,1,9,31,4,2,34,2019,0
2019112406,3,2,0,4,7,18,2019,0
2019122201,1,6,33,4,9,58,2019,0
2019122201,4,3,40,4,2,50,2019,0
2019122201,4,8,34,4,2,71,2019,0
2019122201,2,1,3,4,2,58,2019,10
2019121510,4,1,48,4,6,73,2019,0
2019121510,3,9,1,4,1,51,2019,0
2019121510,2,2,24,4,8,85,2019,0
2019092905,1,6,55,4,20,15,2019,0
2019092905,3,12,34,4,6,44,2019,0
2019092905,3,0,32,4,6,41,2019,0
2019092905,4,8,59,4,2,18,2019,4
2019100605,2,7,44,4,14,16,2019,0
2019100605,2,0,27,4,13,30,2019,0
2019100605,3,14,16,4,10,25,2019,0
2019100605,4,8,22,4,6,58,2019,0
2019100605,4,7,58,4,6,58,2019,0
2019102004,1,5,8,4,18,34,2019,0
2019121510,2,7,46,4,25,54,2019,0
2019120812,3,10,35,4,6,57,2019,0
2019111709,4,2,0,4,8,67,2019,0
2019111709,4,9,15,4,1,99,2019,0
2019111709,4,11,5,4,1,96,2019,3
2019110700,3,8,1,4,1,66,2019,0
2019110700,3,11,36,4,2,96,2019,0
2019110700,2,2,0,4,1,60,2019,3
2019110700,1,8,5,4,13,78,2019,0
2019110307,3,10,55,4,2,73,2019,0
2019102704,4,10,52,4,7,75,2019,0
2019102004,4,11,15,4,1,99,2019,0
2019102004,1,12,25,4,7,74,2019,0
2019100605,2,2,0,4,14,77,2019,0
2019111709,2,14,4,4,9,32,2019,0
2019111709,2,5,23,4,7,23,2019,0
2019111709,4,13,42,4,15,10,2019,0
2019112406,4,13,25,4,19,13,2019,0
2019112406,4,1,11,4,14,22,2019,0
2019120105,2,12,53,4,14,32,2019,0
2019120105,2,0,7,4,15,29,2019,0
2019120812,3,8,56,4,6,10,2019,0
2019120812,4,7,53,4,5,25,2019,0
2019100605,1,9,50,4,18,64,2019,0
2019092905,3,3,18,4,8,92,2019,0
2019090901,4,4,41,4,3,89,2019,0
2019090901,3,1,24,4,3,51,2019,0
2019090901,1,2,37,4,4,48,2019,0
2019090901,3,7,10,4,1,34,2019,0
2019091510,4,12,50,4,7,25,2019,0
2019091510,4,9,6,4,2,44,2019,8
2019091510,4,6,38,4,21,41,2019,0
2019091510,1,1,12,4,8,42,2019,0
2019091510,2,12,36,4,1,46,2019,0
2019091510,2,0,59,4,22,13,2019,0
2019092205,1,10,0,4,8,27,2019,0
2019092205,1,5,32,4,6,32,2019,0
2019092205,3,13,4,4,10,25,2019,0
2019092205,3,5,20,4,1,34,2019,18
2019092905,2,6,41,4,7,28,2019,0
2019120105,2,9,58,4,1,60,2019,0
2019120105,1,0,48,4,8,62,2019,0
2019120105,3,2,50,4,1,60,2019,4
2019120105,2,1,9,4,17,74,2019,0
2019112406,4,11,39,4,11,52,2019,0
2019112406,2,7,17,4,2,75,2019,0
2019112406,1,10,0,4,8,71,2019,0
2019092905,2,0,16,4,10,47,2019,0
2019092905,4,10,31,4,8,44,2019,0
2019100605,3,1,58,4,14,44,2019,0
2019100605,4,0,21,4,1,35,2019,0
2019102004,1,8,17,4,4,31,2019,0
2019102004,4,4,43,4,4,40,2019,0
2019102704,1,13,42,4,11,37,2019,0
2019102704,1,8,37,4,3,27,2019,0
2019102704,1,0,12,4,4,31,2019,0
2019102704,2,4,52,4,5,33,2019,0
2019102704,2,0,48,4,3,32,2019,0
2019102704,4,4,3,4,16,49,2019,0
2019110307,3,13,0,4,3,38,2019,0
2019110307,4,10,22,4,17,13,2019,0
2019110307,4,7,46,4,3,34,2019,0
2019110307,2,13,34,4,5,86,2019,0
2019110700,1,1,48,4,13,17,2019,0
2019110700,2,6,30,4,2,19,2019,0
2019110700,3,4,2,4,10,53,2019,0
2019092905,3,8,32,4,1,58,2019,1
2019092205,2,1,15,4,6,52,2019,0
2019092205,4,8,35,4,18,67,2019,0
2019092205,3,3,19,4,1,61,2019,0
2019092205,4,12,0,4,3,56,2019,6
2019091510,2,3,44,4,5,50,2019,0
2019091510,1,10,24,4,1,90,2019,0
2019110700,4,12,19,4,17,39,2019,0
2019111709,1,12,20,4,15,41,2019,0
2019121510,4,11,21,4,21,35,2019,0
2019122201,1,2,33,4,4,42,2019,0
2019122201,2,12,4,4,13,38,2019,0
2019122201,2,6,5,4,13,15,2019,0
2019112406,3,3,26,4,4,41,2019,0
2019092905,2,2,17,4,16,9,2019,0
2019122213,2,1,52,4,2,53,2019,14
2019122213,1,3,51,4,7,61,2019,0
2019122212,4,4,40,4,18,52,2019,0
2019122212,4,8,4,4,4,69,2019,0
2019122210,4,12,38,4,3,52,2019,0
2019122214,2,7,45,4,7,57,2019,0
2019122214,2,11,46,4,9,61,2019,0
2019122212,2,0,34,4,6,65,2019,0
2019092905,4,2,36,4,7,39,2019,0
2019100605,3,10,27,4,3,44,2019,0
2019122211,2,5,48,4,8,59,2019,0
2019122300,2,7,4,4,5,85,2019,0
2019122300,1,2,5,4,3,76,2019,0
2019122300,1,8,44,4,8,58,2019,0
2019122300,1,13,14,4,5,95,2019,0
2019122214,4,1,44,4,6,86,2019,0
2019122208,3,3,45,4,3,66,2019,34
2019122208,2,0,11,4,1,54,2019,12
2019122208,2,0,58,4,3,57,2019,0
2019122213,4,10,7,4,10,67,2019,0
2019122213,4,15,0,4,6,88,2019,0
2019122213,3,1,20,4,5,74,2019,0
2019122213,3,11,40,4,8,73,2019,0
2019122210,2,13,41,4,17,71,2019,0
2019122214,3,0,3,4,8,72,2019,0
2019111709,3,5,31,4,6,29,2019,0
2019111709,3,0,26,4,4,38,2019,0
2019112406,1,3,10,4,13,39,2019,0
2019112406,2,2,0,4,9,22,2019,0
2019112406,2,0,15,4,3,45,2019,0
2019112406,3,8,49,4,1,39,2019,0
2019112406,4,14,19,4,2,46,2019,0
2019112406,4,3,34,4,5,35,2019,0
2019120105,3,9,12,4,13,23,2019,0
2019120105,4,15,0,4,11,85,2019,0
2019120812,2,14,23,4,9,49,2019,0
2019120812,3,8,11,4,8,49,2019,0
2019120812,3,3,28,4,3,37,2019,0
2019120812,4,10,36,4,16,45,2019,0
2019121510,1,4,56,4,7,85,2019,0
2019121510,2,13,44,4,26,44,2019,0
2019122212,2,7,26,4,8,53,2019,0
2019122212,2,13,0,4,3,69,2019,0
2019122212,1,9,36,4,4,82,2019,0
2019122208,4,3,12,4,3,71,2019,0
2019122208,2,10,51,4,2,98,2019,0
2019122205,3,9,12,4,10,63,2019,0
2019122207,4,9,15,4,13,60,2019,0
2019122207,4,13,45,4,1,88,2019,0
2019122207,3,0,47,4,10,54,2019,12
2019122207,3,4,21,4,12,68,2019,0
2019122207,3,11,3,4,14,83,2019,0
2019122207,2,0,45,4,1,97,2019,-1
2019122207,2,10,22,4,6,91,2019,0
2019122207,2,12,21,4,3,61,2019,12
2019122207,1,1,39,4,5,95,2019,-9
2019122207,1,9,30,4,1,99,2019,1
2019122209,1,11,23,4,1,69,2019,7
2019122206,4,11,36,4,13,87,2019,0
2019122206,3,3,29,4,10,71,2019,0
2019111709,2,15,0,4,9,36,2019,0
2019122209,4,3,15,4,2,76,2019,0
2019122209,4,8,45,4,24,54,2019,0
2019122209,3,0,43,4,7,60,2019,0
2019122209,3,6,34,4,10,81,2019,0
2019122209,2,1,22,4,11,69,2019,0
2019122206,1,5,29,4,5,53,2019,0
2019122205,4,5,45,4,4,72,2019,23
2019122205,4,6,55,4,10,52,2019,14
2019121513,2,4,22,4,7,74,2019,0
2019121512,3,5,20,4,4,72,2019,0
2019121512,2,0,27,4,4,96,2019,0
2019121512,2,2,41,4,7,75,2019,0
2019121512,1,3,6,4,1,64,2019,5
2019121508,2,1,53,4,7,52,2019,0
2019121508,1,1,26,4,7,93,2019,0
2019121600,1,4,2,4,8,61,2019,0
2019121600,1,7,32,4,2,85,2019,0
2019121511,3,11,14,4,5,68,2019,0
2019121508,1,9,11,4,4,57,2019,0
2019122211,4,11,25,4,4,65,2019,0
2019122208,4,0,33,4,3,97,2019,3
2019121507,4,0,28,4,12,56,2019,0
2019121507,2,0,13,4,9,52,2019,0
2019121507,1,7,8,4,7,73,2019,0
2019121504,2,0,2,4,15,74,2019,0
2019121507,4,3,31,4,11,89,2019,0
2019121506,4,12,27,4,18,82,2019,0
2019121600,4,5,2,4,4,60,2019,11
2019121509,4,5,21,4,3,97,2019,0
2019121500,4,7,23,4,1,94,2019,6
2019121509,2,2,12,4,1,74,2019,3
2019121509,2,4,39,4,8,74,2019,0
2019121506,2,8,6,4,8,50,2019,0
2019121505,3,8,49,4,6,71,2019,0
2019121505,2,0,47,4,1,94,2019,0
2019121505,2,5,12,4,2,52,2019,0
2019121505,2,14,57,4,5,57,2019,0
2019121505,1,2,24,4,1,90,2019,-3
2019122205,3,2,32,4,4,91,2019,0
2019122205,2,0,14,4,2,95,2019,0
2019122205,2,5,10,4,9,60,2019,0
2019121511,4,6,44,4,6,76,2019,0
2019121511,4,15,0,4,8,76,2019,0
2019121511,2,3,47,4,1,93,2019,2
2019122205,2,9,17,4,3,78,2019,0
2019122205,1,1,27,4,6,76,2019,0
2019122206,2,5,5,4,6,55,2019,0
2019122200,1,1,57,4,3,51,2019,0
2019122200,1,9,4,4,6,93,2019,0
2019121513,3,7,10,4,1,91,2019,0
2019121513,3,12,41,4,4,80,2019,0
2019121505,1,10,44,4,9,69,2019,0
2019120900,4,10,0,4,11,71,2019,0
2019121507,3,5,40,4,1,99,2019,1
2019121504,2,2,0,4,14,86,2019,0
2019121501,2,0,10,4,15,72,2019,0
2019121501,2,3,55,4,4,78,2019,0
2019121501,2,7,14,4,1,70,2019,0
2019121501,1,0,18,4,9,84,2019,0
2019121500,3,0,32,4,1,88,2019,0
2019121506,2,11,31,4,13,69,2019,0
2019121503,2,1,48,4,6,88,2019,0
2019121502,3,11,36,4,9,72,2019,0
2019121502,2,3,21,4,7,74,2019,0
2019121502,2,14,22,4,7,56,2019,0
2019121506,1,1,55,4,6,64,2019,10
2019121505,4,2,26,4,1,69,2019,2
2019121505,4,12,52,4,15,56,2019,0
2019122200,3,10,27,4,8,92,2019,0
2019122200,2,0,29,4,6,84,2019,0
2019121513,2,15,0,4,6,93,2019,0
2019121513,1,4,40,4,4,77,2019,0
2019121509,4,12,9,4,3,73,2019,0
2019121512,4,1,52,4,1,75,2019,0
2019121509,1,2,12,4,4,54,2019,0
2019121508,4,4,56,4,1,75,2019,0
2019121508,4,8,6,4,12,65,2019,0
2019121500,3,9,19,4,9,55,2019,0
2019121500,3,11,40,4,9,66,2019,0
2019121200,1,5,13,4,9,69,2019,0
2019121504,2,6,27,4,6,94,2019,0
2019121504,2,13,2,4,5,95,2019,0
2019121503,4,4,19,4,15,62,2019,0
2019121503,4,5,4,4,15,62,2019,0
2019121503,4,15,0,4,6,91,2019,0
2019121502,1,11,52,4,13,53,2019,0
2019121501,4,6,38,4,15,70,2019,0
2019121501,4,9,30,4,4,57,2019,4
2019120900,2,5,33,4,16,84,2019,0
2019120813,4,7,7,4,15,84,2019,0
2019120813,3,5,45,4,7,81,2019,0
2019121511,1,12,57,4,15,54,2019,0
2019120810,4,1,46,4,7,93,2019,0
2019121500,2,6,20,4,7,51,2019,0
2019120811,3,8,50,4,2,77,2019,0
2019120811,3,11,10,4,1,67,2019,2
2019120811,2,1,2,4,3,87,2019,0
2019120811,2,3,58,4,6,50,2019,0
2019120811,1,2,6,4,3,77,2019,0
2019120811,1,7,17,4,2,70,2019,0
2019120811,1,11,9,4,11,59,2019,0
2019120810,2,0,4,4,6,81,2019,0
2019120808,3,12,9,4,11,51,2019,0
2019120808,2,0,13,4,1,97,2019,2
2019120808,2,8,15,4,1,89,2019,9
2019120810,2,7,11,4,4,58,2019,0
2019120810,2,11,19,4,12,88,2019,0
2019120810,1,4,24,4,3,88,2019,0
2019120806,3,4,56,4,4,70,2019,0
2019120806,3,6,29,4,1,59,2019,5
2019120811,4,3,26,4,6,71,2019,17
2019120811,4,7,31,4,12,50,2019,0
2019120811,4,11,45,4,11,89,2019,0
2019120808,4,4,38,4,2,84,2019,4
2019120808,4,8,18,4,14,71,2019,0
2019120808,4,13,5,4,10,74,2019,0
2019120808,1,6,58,4,8,68,2019,0
2019120807,4,1,37,4,14,81,2019,0
2019120807,4,4,9,4,6,76,2019,0
2019120807,4,7,3,4,1,71,2019,0
2019120807,3,10,46,4,13,87,2019,0
2019120807,2,0,22,4,4,90,2019,0
2019120807,2,5,44,4,4,94,2019,0
2019120807,2,11,5,4,5,81,2019,0
2019120807,1,3,10,4,4,96,2019,0
2019121502,4,8,4,4,7,64,2019,0
2019120900,2,9,36,4,16,84,2019,0
2019120900,1,6,7,4,10,57,2019,0
2019120813,1,8,39,4,9,79,2019,0
2019121503,2,14,48,4,4,57,2019,0
2019121503,1,4,53,4,4,71,2019,29
2019121502,4,0,36,4,11,68,2019,0
2019120807,1,11,25,4,5,60,2019,0
2019120806,4,2,28,4,9,77,2019,0
2019120805,4,1,50,4,2,56,2019,0
2019120805,4,2,14,4,5,90,2019,10
2019120805,4,5,48,4,12,50,2019,0
2019120805,4,15,0,4,7,68,2019,0
2019120806,3,12,41,4,7,63,2019,0
2019120805,2,12,2,4,8,61,2019,0
2019120805,1,12,1,4,7,55,2019,0
2019120804,4,1,1,4,1,87,2019,10
2019120804,2,3,7,4,7,82,2019,0
2019120804,2,8,53,4,15,64,2019,0
2019120807,4,10,56,4,12,65,2019,0
2019120800,4,7,59,4,24,76,2019,0
2019120800,4,11,44,4,7,68,2019,0
2019120807,4,14,51,4,7,56,2019,0
2019120807,3,1,6,4,1,86,2019,0
2019120807,3,6,9,4,3,84,2019,0
2019120803,4,2,38,4,1,85,2019,0
2019120803,4,10,5,4,6,50,2019,0
2019120803,3,0,16,4,8,66,2019,0
2019120803,3,6,52,4,5,56,2019,0
2019120803,3,10,11,4,4,85,2019,0
2019120801,2,0,30,4,3,71,2019,0
2019120801,2,3,36,4,17,59,2019,0
2019120801,2,8,24,4,15,82,2019,0
2019120801,1,5,0,4,10,82,2019,0
2019120801,1,10,43,4,8,55,2019,0
2019120800,3,4,59,4,5,89,2019,0
2019120800,3,7,44,4,5,56,2019,0
2019120111,2,0,26,4,10,61,2019,0
2019120804,1,10,32,4,10,59,2019,0
2019120500,2,8,10,4,5,82,2019,0
2019120200,4,0,25,4,6,82,2019,0
2019120200,3,5,49,4,7,89,2019,0
2019120500,4,15,0,4,1,98,2019,2
2019120500,3,2,26,4,3,53,2019,21
2019120809,1,7,27,4,6,92,2019,0
2019120803,1,5,25,4,11,51,2019,0
2019120802,4,1,9,4,4,87,2019,0
2019120806,2,7,31,4,1,99,2019,1
2019120802,2,1,51,4,3,51,2019,0
2019120111,4,4,14,4,6,83,2019,6
2019120111,4,2,44,4,11,57,2019,0
2019120108,4,13,58,4,1,81,2019,-1
2019120111,1,7,7,4,5,95,2019,0
2019120800,2,11,3,4,6,53,2019,0
2019120800,2,14,56,4,6,72,2019,0
2019120800,1,2,51,4,5,81,2019,0
2019120800,1,11,31,4,11,56,2019,0
2019120500,4,2,0,4,8,54,2019,0
2019120500,4,7,50,4,7,51,2019,0
2019120500,4,11,28,4,7,50,2019,0
2019120500,2,5,5,4,4,76,2019,0
2019120110,4,5,46,4,18,62,2019,0
2019120110,4,7,34,4,12,84,2019,0
2019120803,3,12,30,4,1,72,2019,7
2019120803,2,1,5,4,5,64,2019,9
2019120803,2,9,37,4,9,55,2019,0
2019120803,2,11,30,4,12,53,2019,0
2019120200,2,1,2,4,9,89,2019,0
2019120802,3,4,43,4,10,90,2019,0
2019120802,3,5,52,4,1,97,2019,1
2019120805,2,1,10,4,14,73,2019,0
2019120805,2,4,45,4,6,91,2019,0
2019120802,4,7,20,4,4,96,2019,2
2019120802,3,0,20,4,3,65,2019,0
2019120801,3,11,31,4,8,71,2019,0
2019120110,4,13,51,4,11,89,2019,0
2019120109,4,0,19,4,1,71,2019,0
2019120109,4,4,31,4,12,66,2019,0
2019120109,4,9,20,4,9,63,2019,0
2019120109,3,10,26,4,18,61,2019,0
2019120109,2,5,36,4,2,87,2019,0
2019120108,2,11,1,4,11,57,2019,0
2019120106,2,11,13,4,7,75,2019,0
2019120108,3,6,42,4,2,51,2019,-2
2019120106,1,3,14,4,4,57,2019,43
2019120104,4,2,23,4,5,81,2019,0
2019120107,2,12,7,4,8,71,2019,0
2019120104,4,9,18,4,5,81,2019,11
2019120108,1,5,59,4,8,77,2019,0
2019120802,1,11,0,4,13,84,2019,0
2019120108,1,10,0,4,6,91,2019,0
2019120107,3,6,42,4,10,73,2019,0
2019120110,3,6,8,4,1,60,2019,2
2019120110,2,3,0,4,9,79,2019,0
2019120110,1,7,34,4,12,87,2019,0
2019120103,1,0,52,4,12,65,2019,0
2019120103,1,2,16,4,6,63,2019,0
2019112802,3,5,59,4,9,71,2019,0
2019120100,3,3,41,4,8,86,2019,0
2019120100,2,0,4,4,1,67,2019,0
2019120100,2,2,1,4,8,88,2019,0
2019120100,2,5,3,4,2,62,2019,2
2019120100,1,12,0,4,2,67,2019,33
2019112802,4,0,44,4,8,56,2019,-8
2019112802,4,6,32,4,8,73,2019,0
2019112802,4,10,19,4,5,76,2019,0
2019120104,3,0,14,4,4,63,2019,-9
2019120104,3,5,51,4,13,65,2019,0
2019120104,2,1,0,4,6,93,2019,0
2019120103,4,5,12,4,10,72,2019,0
2019120103,4,11,8,4,7,53,2019,0
2019120106,3,4,36,4,17,70,2019,0
2019120101,2,5,34,4,3,57,2019,0
2019120101,1,3,12,4,6,93,2019,0
2019120102,3,1,19,4,5,71,2019,0
2019120102,3,6,27,4,7,50,2019,0
2019120102,3,11,11,4,5,70,2019,0
2019120102,2,0,9,4,1,79,2019,0
2019120102,2,4,36,4,11,59,2019,0
2019120102,2,9,17,4,2,94,2019,0
2019120102,1,9,12,4,3,76,2019,0
2019120106,1,10,15,4,5,70,2019,0
2019112801,4,8,24,4,8,92,2019,0
2019112801,3,7,42,4,11,71,2019,0
2019112801,3,10,52,4,13,77,2019,0
2019120107,3,4,24,4,10,65,2019,15
2019112801,2,4,30,4,13,68,2019,0
2019112801,1,1,7,4,11,55,2019,0
2019112801,1,5,20,4,6,57,2019,0
2019120104,1,8,52,4,17,59,2019,0
2019112411,4,2,29,4,5,50,2019,0
2019112411,2,1,1,4,10,62,2019,0
2019112411,2,7,16,4,6,94,2019,0
2019112411,1,2,6,4,11,53,2019,0
2019112411,1,7,31,4,9,90,2019,0
2019112408,3,2,56,4,2,90,2019,9
2019112408,2,1,55,4,13,69,2019,0
2019112408,1,5,30,4,8,59,2019,0
2019112800,4,10,51,4,1,95,2019,0
2019112800,2,0,25,4,3,88,2019,0
2019112800,2,3,13,4,7,93,2019,0
2019112800,1,0,56,4,5,50,2019,0
2019112800,1,2,45,4,10,51,2019,0
2019112410,2,2,59,4,2,91,2019,0
2019112410,2,11,12,4,1,72,2019,0
2019112410,1,3,17,4,5,89,2019,0
2019112410,1,8,42,4,16,55,2019,0
2019112405,2,13,39,4,14,77,2019,0
2019112408,4,1,44,4,4,68,2019,-6
2019120103,3,4,30,4,8,88,2019,0
2019120103,3,5,59,4,1,87,2019,13
2019120103,2,6,11,4,10,90,2019,0
2019112801,4,2,0,4,1,67,2019,1
2019120107,2,2,35,4,9,91,2019,0
2019120107,2,6,25,4,2,59,2019,2
2019120107,1,5,31,4,5,67,2019,8
2019120106,4,1,55,4,16,81,2019,0
2019120106,4,3,42,4,13,67,2019,0
2019120106,4,5,21,4,1,62,2019,8
2019112408,4,4,53,4,20,68,2019,0
2019112409,2,0,4,4,1,70,2019,0
2019112409,2,2,31,4,5,91,2019,0
2019112409,2,6,51,4,15,72,2019,0
2019112409,2,8,40,4,3,72,2019,0
2019112409,1,5,4,4,8,55,2019,0
2019112409,1,7,44,4,6,72,2019,0
2019112407,4,1,54,4,4,76,2019,0
2019112407,4,12,3,4,3,97,2019,0
2019112405,4,2,0,4,10,90,2019,0
2019112405,4,9,28,4,2,98,2019,2
2019112405,2,8,13,4,6,77,2019,0
2019112404,3,4,8,4,16,73,2019,0
2019112402,4,9,13,4,7,63,2019,0
2019112402,3,7,12,4,6,94,2019,0
2019112410,4,11,35,4,8,73,2019,-4
2019112410,3,9,1,4,4,52,2019,15
2019112500,4,6,41,4,13,84,2019,0
2019112500,3,2,18,4,4,67,2019,15
2019112500,2,2,0,4,16,72,2019,0
2019112500,2,9,50,4,12,86,2019,0
2019112500,1,2,6,4,1,77,2019,5
2019112802,2,0,26,4,3,51,2019,9
2019112409,4,2,48,4,10,59,2019,0
2019112409,4,6,8,4,7,89,2019,0
2019112409,4,9,37,4,20,76,2019,0
2019112802,2,4,1,4,8,75,2019,0
2019112802,2,9,9,4,4,96,2019,0
2019112802,1,7,54,4,7,60,2019,0
2019112400,3,1,45,4,14,78,2019,0
2019111800,1,4,41,4,5,78,2019,0
2019111800,1,9,34,4,7,91,2019,0
2019111711,3,1,36,4,7,57,2019,0
2019111711,2,0,27,4,10,61,2019,0
2019111711,2,11,38,4,1,80,2019,0
2019111711,1,1,2,4,6,71,2019,0
2019111711,1,11,59,4,7,70,2019,0
2019112403,2,3,24,4,5,92,2019,0
2019112400,1,4,8,4,17,56,2019,0
2019111800,4,8,12,4,7,50,2019,0
2019111800,2,0,1,4,16,69,2019,0
2019112401,4,8,1,4,3,59,2019,0
2019112401,4,13,11,4,9,59,2019,0
2019120101,3,3,31,4,10,57,2019,0
2019120101,3,8,37,4,15,82,2019,0
2019112409,2,12,51,4,7,74,2019,0
2019112411,4,5,13,4,19,61,2019,0
2019112401,3,5,41,4,15,52,2019,0
2019112401,3,7,45,4,13,73,2019,0
2019112401,2,8,12,4,5,95,2019,0
2019111710,2,1,47,4,9,79,2019,0
2019111710,2,3,24,4,4,96,2019,0
2019111710,2,8,40,4,7,83,2019,0
2019111710,1,13,42,4,8,76,2019,0
2019111706,4,5,59,4,3,62,2019,0
2019111706,4,9,7,4,1,53,2019,2
2019111708,4,0,11,4,1,79,2019,-1
2019111708,1,10,35,4,8,92,2019,0
2019111705,1,11,36,4,1,71,2019,0
2019111704,4,3,48,4,1,96,2019,0
2019111704,4,8,10,4,6,56,2019,0
2019112403,4,3,21,4,5,92,2019,0
2019112403,4,5,41,4,7,56,2019,0
2019112403,4,12,4,4,4,71,2019,0
2019112407,2,13,12,4,4,95,2019,0
2019112407,1,2,34,4,8,90,2019,0
2019112403,3,5,11,4,4,91,2019,0
2019112402,4,4,17,4,18,77,2019,23
2019112402,2,0,11,4,5,92,2019,0
2019112100,2,13,46,4,4,83,2019,0
2019111800,4,2,0,4,6,56,2019,0
2019112400,1,9,31,4,8,60,2019,0
2019112400,1,12,52,4,7,93,2019,0
2019112402,2,2,0,4,5,75,2019,0
2019112402,2,5,50,4,5,76,2019,0
2019112407,2,2,25,4,12,61,2019,0
2019112407,2,5,48,4,17,81,2019,0
2019112404,4,6,54,4,7,92,2019,0
2019112404,4,11,25,4,6,79,2019,0
2019112402,1,12,57,4,10,53,2019,0
2019112400,4,12,53,4,4,86,2019,0
2019111707,4,4,37,4,4,69,2019,0
2019111706,1,0,54,4,8,92,2019,0
2019111706,1,8,49,4,6,74,2019,0
2019111705,4,0,33,4,1,85,2019,11
2019111705,4,1,57,4,6,70,2019,6
2019111705,4,3,27,4,6,55,2019,11
2019111708,2,10,55,4,1,66,2019,4
2019111705,4,8,19,4,3,75,2019,0
2019111705,1,7,8,4,2,53,2019,0
2019111701,4,4,57,4,7,63,2019,10
2019111701,4,7,5,4,11,89,2019,0
2019111701,4,13,4,4,7,87,2019,0
2019111701,3,2,56,4,18,59,2019,0
2019111701,3,9,43,4,1,56,2019,1
2019111701,3,11,38,4,5,65,2019,-12
2019111701,2,0,53,4,5,50,2019,19
2019111701,2,5,45,4,4,95,2019,0
2019111701,2,12,7,4,2,62,2019,8
2019112407,1,9,57,4,6,79,2019,0
2019112401,1,1,15,4,11,79,2019,0
2019112401,1,10,7,4,19,56,2019,0
2019112400,4,1,56,4,7,79,2019,21
2019112400,4,3,53,4,10,57,2019,0
2019112400,4,8,16,4,16,80,2019,0
2019112400,4,11,0,4,4,50,2019,5
2019111800,2,1,47,4,7,77,2019,0
2019111800,2,5,3,4,8,92,2019,0
2019112100,4,3,0,4,7,53,2019,6
2019111708,3,2,58,4,10,75,2019,0
2019111708,2,0,3,4,19,75,2019,0
2019112100,3,2,47,4,4,82,2019,0
2019111710,3,0,14,4,17,53,2019,0
2019111710,3,3,24,4,3,55,2019,0
2019111400,1,7,52,4,3,74,2019,0
2019111100,4,1,49,4,2,72,2019,0
2019111100,4,6,21,4,8,79,2019,0
2019111400,4,1,47,4,12,61,2019,0
2019111400,4,6,43,4,11,52,2019,0
2019111400,3,0,1,4,9,69,2019,0
2019111400,3,8,18,4,6,55,2019,0
2019111400,2,2,36,4,7,73,2019,0
2019111400,1,4,13,4,7,57,2019,0
2019111100,2,10,46,4,13,58,2019,0
2019111700,3,6,56,4,6,84,2019,0
2019111700,2,0,11,4,2,75,2019,0
2019111705,3,4,27,4,9,77,2019,0
2019111705,2,1,10,4,4,89,2019,0
2019111705,2,14,13,4,1,93,2019,1
2019111702,1,2,22,4,12,88,2019,0
2019111701,1,3,42,4,5,55,2019,0
2019111701,1,6,39,4,12,80,2019,0
2019111008,4,3,36,4,5,70,2019,0
2019111008,4,5,50,4,14,70,2019,0
2019111707,3,5,53,4,10,57,2019,0
2019111707,2,6,41,4,5,89,2019,0
2019111707,2,9,9,4,20,74,2019,0
2019111707,1,6,31,4,6,50,2019,0
2019111706,3,11,13,4,6,63,2019,0
2019111701,1,11,39,4,4,80,2019,0
2019111009,1,7,33,4,6,56,2019,0
2019111008,4,0,45,4,10,84,2019,8
2019111100,5,3,10,4,1,71,2019,0
2019111008,3,0,43,4,17,79,2019,0
2019111008,2,3,45,4,7,62,2019,0
2019111008,2,5,32,4,2,55,2019,1
2019111008,2,9,51,4,26,59,2019,0
2019111008,2,14,54,4,3,97,2019,0
2019111008,1,2,59,4,3,65,2019,12
2019111008,1,6,49,4,6,71,2019,0
2019111007,4,3,19,4,8,79,2019,0
2019111010,3,0,6,4,2,98,2019,2
2019111005,2,1,29,4,7,64,2019,0
2019111004,2,1,35,4,10,82,2019,0
2019111004,2,6,54,4,6,53,2019,0
2019111010,3,9,41,4,9,91,2019,0
2019111010,2,13,39,4,4,60,2019,0
2019111010,1,6,58,4,6,52,2019,0
2019111010,1,12,8,4,6,61,2019,0
2019111704,2,7,46,4,3,97,2019,0
2019111704,1,4,34,4,6,85,2019,0
2019111704,1,6,50,4,1,78,2019,3
2019111704,1,12,9,4,5,67,2019,0
2019111703,2,8,30,4,2,84,2019,0
2019111702,4,3,52,4,9,60,2019,0
2019111702,4,13,45,4,10,57,2019,0
2019111702,3,5,5,4,10,84,2019,0
2019111009,4,2,49,4,7,85,2019,0
2019111007,2,1,17,4,3,77,2019,0
2019111006,1,11,17,4,14,81,2019,0
2019111005,4,7,39,4,5,83,2019,0
2019111005,3,1,46,4,8,65,2019,0
2019111008,3,7,54,4,7,93,2019,0
2019111004,1,0,36,4,4,56,2019,5
2019111004,4,0,2,4,14,86,2019,13
2019111004,1,9,32,4,16,81,2019,0
2019111003,4,0,56,4,10,75,2019,12
2019111003,4,2,32,4,8,57,2019,0
2019111003,4,9,24,4,6,51,2019,0
2019111003,3,1,26,4,16,71,2019,0
2019111007,1,0,56,4,14,51,2019,0
2019111007,1,4,47,4,2,88,2019,0
2019111003,1,11,50,4,3,58,2019,0
2019111002,4,0,22,4,4,65,2019,0
2019111703,4,14,57,4,9,72,2019,0
2019111703,3,8,54,4,1,99,2019,1
2019111700,1,0,10,4,3,55,2019,0
2019111700,1,2,5,4,4,63,2019,-2
2019111700,1,10,7,4,8,75,2019,0
2019111010,4,4,43,4,7,53,2019,0
2019111010,4,10,3,4,5,95,2019,0
2019111009,3,0,14,4,8,88,2019,0
2019111009,3,5,51,4,20,59,2019,0
2019111009,2,7,9,4,13,53,2019,0
2019111004,4,7,33,4,9,70,2019,0
2019111004,3,6,9,4,10,90,2019,0
2019111002,1,3,18,4,1,99,2019,-2
2019111002,1,7,44,4,2,59,2019,16
2019111000,1,3,11,4,7,60,2019,0
2019111000,1,3,11,4,7,60,2019,0
2019111000,1,8,45,4,4,96,2019,0
2019110400,4,0,47,4,10,64,2019,12
2019110400,4,4,25,4,11,51,2019,0
2019110400,4,11,53,4,10,89,2019,0
2019110400,3,0,30,4,5,92,2019,0
2019110400,3,4,46,4,3,90,2019,0
2019110400,3,11,6,4,16,53,2019,0
2019110400,2,0,3,4,5,66,2019,0
2019110400,2,2,53,4,5,93,2019,0
2019110400,1,2,14,4,13,64,2019,0
2019111006,2,1,20,4,5,56,2019,11
2019111006,4,9,48,4,3,77,2019,0
2019111006,3,8,42,4,8,73,2019,0
2019111003,2,5,15,4,14,52,2019,0
2019111003,2,15,0,4,13,68,2019,0
2019111006,2,8,57,4,9,88,2019,0
2019111006,2,14,19,4,15,64,2019,0
2019110400,1,8,23,4,15,83,2019,0
2019110400,1,13,25,4,3,97,2019,0
2019111001,2,13,39,4,8,76,2019,0
2019110310,2,4,29,4,7,55,2019,0
2019110310,2,4,29,4,7,55,2019,0
2019110309,3,5,23,4,1,95,2019,0
2019110309,2,0,19,4,3,88,2019,0
2019110309,2,1,52,4,7,75,2019,0
2019110309,2,3,53,4,9,91,2019,0
2019110309,2,7,17,4,5,88,2019,0
2019110309,2,12,52,4,3,79,2019,0
2019111001,1,6,40,4,3,56,2019,4
2019111000,4,1,48,4,2,54,2019,0
2019111000,2,4,46,4,12,64,2019,0
2019110311,2,0,10,4,1,99,2019,0
2019110306,4,1,14,4,4,75,2019,0
2019110306,4,6,39,4,8,92,2019,0
2019110306,4,8,47,4,2,96,2019,4
2019110306,4,15,0,4,8,85,2019,0
2019110306,3,2,42,4,24,51,2019,0
2019110306,3,12,40,4,2,54,2019,5
2019111002,3,3,53,4,6,71,2019,0
2019111002,3,11,9,4,10,50,2019,0
2019111002,2,0,20,4,10,84,2019,0
2019111002,2,3,38,4,8,92,2019,0
2019111005,2,5,33,4,4,61,2019,39
2019111005,1,4,20,4,1,59,2019,2
2019111004,4,2,35,4,4,88,2019,0
2019111001,4,2,34,4,14,78,2019,0
2019110306,2,6,7,4,2,65,2019,0
2019110310,1,1,9,4,19,78,2019,0
2019110310,1,7,0,4,11,89,2019,0
2019110308,2,11,8,4,5,71,2019,0
2019110308,4,14,30,4,5,81,2019,0
2019110311,3,3,33,4,4,62,2019,7
2019110308,3,3,22,4,13,77,2019,0
2019110304,1,2,10,4,12,69,2019,0
2019110304,1,11,33,4,2,68,2019,15
2019110303,4,2,36,4,27,64,2019,0
2019110306,1,7,12,4,7,93,2019,0
2019110305,3,2,46,4,6,56,2019,0
2019110304,4,0,19,4,10,89,2019,0
2019110304,4,2,55,4,11,57,2019,0
2019110304,4,6,42,4,8,61,2019,0
2019110302,4,2,36,4,11,56,2019,0
2019110302,4,6,6,4,5,69,2019,0
2019110302,3,2,27,4,6,54,2019,0
2019110302,2,0,4,4,19,62,2019,0
2019110302,2,8,10,4,2,93,2019,7
2019110302,2,13,34,4,17,83,2019,0
2019110304,3,11,48,4,15,69,2019,0
2019110302,1,9,47,4,1,75,2019,0
2019110301,4,10,18,4,10,54,2019,0
2019110301,3,1,25,4,6,79,2019,0
2019110301,3,10,58,4,1,76,2019,0
2019110304,3,1,5,4,8,92,2019,0
2019110304,3,6,52,4,4,78,2019,0
2019110311,1,2,33,4,10,79,2019,0
2019110310,4,2,15,4,4,74,2019,0
2019110310,4,10,36,4,1,99,2019,1
2019110310,3,0,50,4,13,64,2019,0
2019110310,3,9,46,4,3,75,2019,0
2019110303,3,0,35,4,12,73,2019,0
2019110303,3,7,11,4,9,55,2019,0
2019103100,4,9,28,4,13,82,2019,0
2019103100,2,0,4,4,1,99,2019,1
2019110303,2,0,9,4,10,89,2019,0
2019110303,2,0,29,4,1,85,2019,4
2019110308,3,10,56,4,4,50,2019,0
2019110305,4,0,29,4,2,80,2019,0
2019110303,2,4,38,4,6,94,2019,0
2019110303,2,6,13,4,1,93,2019,2
2019110302,4,0,52,4,3,74,2019,0
2019110301,2,0,36,4,8,85,2019,0
2019110301,2,4,52,4,1,99,2019,1
2019110300,2,1,52,4,6,88,2019,0
2019110301,2,10,45,4,3,89,2019,0
2019110301,1,0,28,4,24,76,2019,0
2019110300,4,2,0,4,10,60,2019,0
2019110300,3,5,2,4,15,76,2019,0
2019110305,1,6,48,4,10,90,2019,0
2019110305,1,10,52,4,2,60,2019,15
2019110300,1,8,24,4,7,66,2019,0
2019102711,2,2,25,4,6,89,2019,0
2019102711,2,4,16,4,4,76,2019,4
2019102710,4,14,1,4,16,56,2019,0
2019102706,2,15,0,4,7,90,2019,0
2019102706,1,2,38,4,2,65,2019,22
2019102706,1,6,44,4,5,95,2019,0
2019102706,1,12,53,4,4,50,2019,0
2019102705,4,0,35,4,13,70,2019,0
2019102705,4,10,20,4,4,55,2019,0
2019102710,3,6,9,4,8,73,2019,0
2019102710,2,2,21,4,11,57,2019,0
2019102710,2,5,37,4,6,89,2019,0
2019102710,2,13,0,4,3,97,2019,0
2019102712,2,1,0,4,5,90,2019,0
2019102710,1,11,27,4,1,73,2019,0
2019102708,2,1,15,4,14,67,2019,0
2019102708,2,3,50,4,6,94,2019,0
2019102708,2,7,56,4,13,70,2019,0
2019102708,2,11,34,4,1,59,2019,2
2019102708,1,11,33,4,4,96,2019,0
2019103100,3,1,8,4,9,55,2019,0
2019102707,3,1,47,4,4,68,2019,0
2019102706,4,12,21,4,4,50,2019,0
2019102706,3,4,38,4,11,60,2019,0
2019102708,4,2,0,4,1,68,2019,-1
2019102708,4,3,45,4,2,72,2019,0
2019102708,3,0,42,4,7,76,2019,0
2019102708,3,5,28,4,1,57,2019,0
2019102705,2,3,0,4,11,89,2019,0
2019102705,1,7,26,4,1,53,2019,2
2019102701,2,6,9,4,6,55,2019,0
2019102701,2,9,44,4,9,56,2019,0
2019102709,4,6,32,4,12,53,2019,-12
2019102709,4,12,56,4,2,98,2019,0
2019102707,2,14,17,4,4,93,2019,0
2019102707,1,5,46,4,9,87,2019,0
2019102707,1,9,0,4,4,71,2019,0
2019102706,4,5,16,4,6,94,2019,3
2019102711,2,13,5,4,16,54,2019,0
2019102711,1,6,38,4,2,98,2019,0
2019102711,1,9,12,4,7,67,2019,10
2019102710,4,0,26,4,9,67,2019,0
2019102710,4,1,55,4,5,57,2019,0
2019102710,4,5,59,4,12,50,2019,0
2019102800,3,0,20,4,1,53,2019,0
2019102800,2,2,49,4,9,76,2019,0
2019102800,2,9,15,4,6,59,2019,0
2019102712,3,1,35,4,17,83,2019,0
2019110300,2,0,11,4,3,60,2019,0
2019110300,2,9,22,4,2,61,2019,12
2019102708,1,4,42,4,7,55,2019,0
2019102712,1,4,16,4,12,68,2019,0
2019102711,4,1,12,4,5,59,2019,0
2019102711,4,2,38,4,6,71,2019,0
2019102711,4,4,12,4,12,84,2019,0
2019102711,4,7,46,4,9,89,2019,0
2019102711,3,8,41,4,13,80,2019,0
2019102100,4,2,0,4,11,70,2019,0
2019102100,4,6,14,4,13,52,2019,0
2019102100,4,9,43,4,2,67,2019,0
2019102100,4,9,58,4,2,67,2019,0
2019102100,4,10,23,4,2,67,2019,0
2019102700,1,11,22,4,9,76,2019,0
2019102007,4,0,27,4,5,89,2019,0
2019102009,1,11,25,4,1,50,2019,0
2019102008,4,2,39,4,1,51,2019,0
2019102702,4,2,9,4,16,54,2019,0
2019102702,4,10,57,4,14,76,2019,0
2019102702,3,0,42,4,2,98,2019,0
2019102705,2,0,16,4,10,75,2019,0
2019102702,2,0,1,4,1,99,2019,0
2019102701,4,2,43,4,1,79,2019,-1
2019102701,1,3,42,4,5,81,2019,0
2019102011,2,1,34,4,4,92,2019,0
2019102700,4,5,58,4,9,64,2019,0
2019102700,3,3,30,4,16,71,2019,0
2019102700,2,2,33,4,10,65,2019,0
2019102700,2,15,0,4,1,67,2019,0
2019102800,4,5,37,4,11,77,2019,0
2019102706,2,1,14,4,19,61,2019,0
2019102709,2,6,32,4,16,51,2019,0
2019102706,4,6,30,4,13,73,2019,18
2019102703,2,0,25,4,14,66,2019,0
2019102703,2,8,14,4,12,65,2019,0
2019102709,1,4,28,4,7,77,2019,0
2019102700,4,2,49,4,6,55,2019,0
2019102400,3,5,15,4,10,75,2019,0
2019102400,2,2,0,4,12,88,2019,0
2019102400,2,14,3,4,3,97,2019,0
2019102100,3,8,34,4,2,60,2019,0
2019102009,3,10,22,4,15,66,2019,0
2019102009,2,2,22,4,4,76,2019,0
2019102009,2,6,35,4,12,80,2019,0
2019102009,2,11,38,4,14,72,2019,0
2019102008,3,5,32,4,8,50,2019,0
2019102008,2,11,24,4,5,60,2019,0
2019102008,1,0,7,4,10,89,2019,0
2019102008,1,6,6,4,5,73,2019,0
2019102008,1,8,18,4,8,57,2019,11
2019102702,2,4,20,4,7,93,2019,0
2019102702,2,14,48,4,4,96,2019,0
2019102702,1,2,18,4,6,85,2019,0
2019102100,1,1,41,4,6,65,2019,7
2019102100,1,3,53,4,14,84,2019,0
2019102011,4,12,40,4,5,89,2019,0
2019102011,3,5,2,4,17,81,2019,0
2019102400,4,0,32,4,4,93,2019,3
2019102007,3,5,32,4,5,90,2019,0
2019102010,4,1,53,4,5,83,2019,0
2019102010,4,3,50,4,4,96,2019,0
2019102010,3,1,24,4,2,92,2019,8
2019102010,3,6,51,4,3,65,2019,0
2019102005,1,1,57,4,7,62,2019,0
2019102008,4,10,59,4,13,68,2019,0
2019102005,2,0,27,4,8,92,2019,0
2019102005,2,9,5,4,25,71,2019,0
2019102002,3,0,36,4,1,81,2019,0
2019102002,3,3,45,4,9,53,2019,0
2019102002,3,6,56,4,8,81,2019,0
2019102002,1,10,42,4,1,99,2019,0
2019102001,4,2,39,4,8,57,2019,9
2019102003,3,3,26,4,8,72,2019,0
2019102400,2,7,29,4,11,89,2019,0
2019102003,1,12,46,4,13,58,2019,0
2019102002,4,2,0,4,6,92,2019,0
2019102006,2,5,58,4,11,62,2019,0
2019102006,1,10,14,4,3,65,2019,4
2019102005,4,12,17,4,9,53,2019,0
2019101310,4,3,27,4,4,80,2019,0
2019101310,4,14,13,4,9,78,2019,0
2019101310,3,7,54,4,14,86,2019,0
2019101310,2,3,51,4,2,93,2019,-1
2019101310,2,15,0,4,4,68,2019,0
2019102001,3,6,42,4,1,96,2019,2
2019102001,2,10,11,4,7,74,2019,0
2019102001,1,3,52,4,10,75,2019,0
2019102006,2,13,34,4,9,71,2019,0
2019102003,4,12,56,4,3,73,2019,0
2019102400,4,10,40,4,12,78,2019,0
2019102011,1,0,53,4,13,59,2019,0
2019102010,2,7,39,4,10,84,2019,0
2019102010,2,11,10,4,8,90,2019,0
2019102010,1,10,22,4,3,93,2019,0
2019102009,4,2,36,4,7,93,2019,7
2019102007,4,9,6,4,4,96,2019,0
2019102007,4,12,27,4,1,65,2019,2
2019102007,2,11,0,4,18,73,2019,0
2019102000,4,5,46,4,2,98,2019,0
2019101400,1,12,44,4,7,92,2019,0
2019101311,4,1,11,4,1,64,2019,0
2019101311,4,14,4,4,14,80,2019,0
2019101311,3,8,15,4,2,98,2019,0
2019102002,3,11,26,4,1,52,2019,2
2019102002,2,0,7,4,10,89,2019,0
2019102002,2,5,9,4,4,50,2019,0
2019102002,2,6,34,4,3,97,2019,0
2019102002,2,13,35,4,7,60,2019,0
2019102002,1,2,9,4,17,50,2019,0
2019102002,1,5,54,4,10,59,2019,0
2019101311,2,0,37,4,6,75,2019,0
2019101308,2,0,16,4,1,59,2019,4
2019101308,2,3,20,4,1,99,2019,0
2019102000,2,1,15,4,6,68,2019,0
2019102000,2,2,0,4,7,93,2019,0
2019102000,2,4,24,4,3,54,2019,23
2019102000,2,6,56,4,17,50,2019,0
2019102000,1,0,8,4,10,51,2019,0
2019102000,1,1,47,4,6,63,2019,0
2019102000,1,5,11,4,2,78,2019,0
2019102000,1,11,28,4,3,66,2019,0
2019101700,4,5,8,4,2,79,2019,0
2019102006,4,2,13,4,10,83,2019,0
2019101400,3,9,4,4,8,77,2019,0
2019101400,3,12,39,4,2,70,2019,0
2019101400,2,0,11,4,19,81,2019,0
2019101400,2,13,32,4,4,96,2019,0
2019102006,3,1,11,4,5,81,2019,0
2019102006,3,3,34,4,6,61,2019,15
2019102006,2,0,57,4,20,53,2019,0
2019101400,4,12,22,4,2,65,2019,0
2019101309,3,10,59,4,5,50,2019,0
2019101303,3,3,14,4,6,86,2019,0
2019101303,3,8,42,4,3,97,2019,0
2019101303,2,1,6,4,8,51,2019,0
2019101303,2,2,44,4,4,96,2019,0
2019101303,1,6,15,4,5,56,2019,0
2019101307,3,12,56,4,2,65,2019,6
2019101307,2,3,41,4,7,89,2019,0
2019101307,1,5,45,4,3,79,2019,0
2019101306,4,3,20,4,5,74,2019,15
2019101306,4,5,52,4,5,54,2019,0
2019101306,3,6,23,4,3,78,2019,0
2019101309,4,12,44,4,13,59,2019,0
2019101300,1,13,25,4,12,69,2019,0
2019101305,4,4,53,4,17,52,2019,0
2019101305,4,7,58,4,5,52,2019,0
2019101700,2,3,9,4,17,73,2019,0
2019101700,2,8,4,4,1,99,2019,0
2019101700,2,10,0,4,1,95,2019,2
2019101700,1,1,4,4,4,85,2019,0
2019101400,4,0,2,4,4,95,2019,0
2019101305,4,15,0,4,9,63,2019,0
2019101305,3,4,19,4,3,97,2019,0
2019101305,2,1,13,4,5,79,2019,0
2019101300,1,1,11,4,1,99,2019,1
2019101304,4,2,0,4,3,73,2019,8
2019101000,3,2,52,4,8,78,2019,0
2019101000,2,14,6,4,5,52,2019,0
2019101000,1,5,29,4,5,55,2019,0
2019101000,1,11,27,4,1,81,2019,0
2019100700,4,5,13,4,7,74,2019,0
2019101302,4,10,43,4,1,99,2019,-1
2019101302,4,14,24,4,3,77,2019,3
2019101302,2,7,28,4,2,98,2019,0
2019101302,2,10,49,4,8,80,2019,0
2019101302,1,1,25,4,9,61,2019,0
2019101302,1,6,4,4,7,62,2019,27
2019101301,4,3,49,4,2,98,2019,0
2019100700,1,12,9,4,9,60,2019,0
2019101301,3,0,7,4,6,69,2019,0
2019101301,3,7,7,4,4,50,2019,0
2019101303,2,13,28,4,4,50,2019,0
2019101303,1,2,33,4,12,71,2019,0
2019101400,3,3,31,4,5,67,2019,0
2019101309,4,4,57,4,15,70,2019,0
2019101309,4,9,17,4,4,87,2019,-8
2019101309,2,4,42,4,1,65,2019,0
2019101309,1,2,7,4,2,51,2019,0
2019101309,1,10,19,4,7,87,2019,0
2019101308,4,12,8,4,1,85,2019,0
2019101308,3,5,2,4,7,93,2019,0
2019101307,3,7,51,4,7,74,2019,0
2019101305,1,0,24,4,15,56,2019,0
2019101305,1,2,40,4,3,55,2019,0
2019101304,3,11,0,4,5,72,2019,0
2019101304,2,1,44,4,10,68,2019,0
2019101304,2,4,53,4,1,79,2019,7
2019100700,3,1,44,4,4,86,2019,0
2019100700,2,0,15,4,6,66,2019,0
2019100610,4,6,52,4,12,73,2019,0
2019100610,4,9,0,4,10,64,2019,0
2019100700,2,2,5,4,1,73,2019,8
2019100700,2,11,26,4,12,88,2019,0
2019100700,1,1,14,4,10,71,2019,0
2019101301,2,6,27,4,6,54,2019,0
2019101301,2,10,42,4,12,60,2019,0
2019101301,2,14,52,4,8,78,2019,0
2019101300,4,1,16,4,9,77,2019,0
2019101300,4,5,36,4,1,83,2019,5
2019101300,4,7,59,4,11,89,2019,0
2019100612,2,0,13,4,1,86,2019,0
2019100612,2,1,51,4,6,58,2019,0
2019100612,4,11,15,4,1,73,2019,2
2019100612,4,13,52,4,1,61,2019,3
2019100612,3,2,30,4,7,59,2019,0
2019100609,3,7,45,4,13,50,2019,0
2019101304,1,10,24,4,15,77,2019,0
2019101301,3,11,50,4,9,53,2019,0
2019101301,2,0,39,4,4,96,2019,0
2019101300,3,5,32,4,6,64,2019,0
2019101300,3,8,25,4,1,72,2019,0
2019100608,4,6,35,4,4,65,2019,0
2019100608,4,12,27,4,15,85,2019,0
2019100612,2,11,16,4,12,86,2019,0
2019100611,3,5,58,4,18,82,2019,0
2019100610,3,4,30,4,3,51,2019,0
2019100610,3,8,14,4,7,50,2019,0
2019100607,5,5,31,4,4,72,2019,0
2019100607,2,4,43,4,17,77,2019,0
2019100610,3,11,3,4,7,54,2019,0
2019100610,2,5,22,4,5,78,2019,0
2019100610,2,8,49,4,19,70,2019,0
2019100612,4,1,19,4,18,82,2019,0
2019100612,4,2,30,4,1,88,2019,0
2019100606,2,11,5,4,5,50,2019,0
2019100604,2,7,56,4,12,70,2019,0
2019100604,1,5,54,4,8,61,2019,0
2019100604,1,8,50,4,10,87,2019,0
2019100603,4,1,16,4,3,78,2019,0
2019100608,2,0,49,4,15,82,2019,0
2019100608,2,12,17,4,6,57,2019,0
2019100608,2,15,0,4,15,68,2019,0
2019100608,1,3,16,4,2,69,2019,1
2019100608,1,4,55,4,1,59,2019,2
2019100610,4,2,0,4,1,72,2019,0
2019100607,1,7,24,4,7,91,2019,0
2019100606,4,3,4,4,4,52,2019,0
2019100606,3,1,28,4,7,90,2019,0
2019100606,3,12,14,4,1,60,2019,0
2019100609,2,0,34,4,4,95,2019,0
2019100609,2,10,39,4,2,81,2019,0
2019100609,1,2,35,4,1,78,2019,0
2019100604,4,1,14,4,4,79,2019,17
2019100604,4,4,13,4,12,73,2019,0
2019100604,3,0,15,4,2,97,2019,-9
2019100603,3,8,18,4,1,61,2019,14
2019100612,1,9,5,4,8,89,2019,0
2019100611,4,1,44,4,10,85,2019,0
2019100611,4,8,11,4,1,80,2019,0
2019100607,4,0,14,4,10,70,2019,0
2019100607,4,2,41,4,7,85,2019,0
2019100607,4,7,24,4,12,54,2019,0
2019100602,2,14,56,4,4,83,2019,0
2019100606,2,12,55,4,3,63,2019,0
2019100604,3,7,39,4,14,86,2019,0
2019100601,2,3,32,4,5,70,2019,0
2019100601,2,5,13,4,4,95,2019,0
2019100300,1,12,29,4,6,71,2019,0
2019093000,2,1,1,4,7,89,2019,0
2019093000,2,14,18,4,4,53,2019,0
2019093000,1,4,6,4,1,58,2019,0
2019093000,1,8,25,4,5,90,2019,0
2019092912,4,13,45,4,2,92,2019,0
2019100604,2,0,50,4,14,86,2019,0
2019100601,2,13,0,4,6,81,2019,0
2019100601,1,3,46,4,2,94,2019,6
2019100601,1,8,31,4,5,95,2019,0
2019100611,2,0,45,4,5,64,2019,0
2019100611,2,2,23,4,2,98,2019,0
2019100611,1,5,30,4,17,56,2019,0
2019100600,4,1,53,4,12,61,2019,0
2019100600,4,5,57,4,10,80,2019,0
2019100300,4,9,23,4,7,82,2019,0
2019092908,2,7,43,4,8,70,2019,0
2019092910,4,15,0,4,23,57,2019,0
2019100300,4,13,41,4,17,76,2019,0
2019100300,2,1,38,4,1,70,2019,0
2019100300,1,4,59,4,6,86,2019,0
2019100601,3,8,38,4,5,95,2019,0
2019092909,4,2,37,4,3,97,2019,0
2019092911,4,2,58,4,7,84,2019,0
2019092911,4,10,3,4,8,58,2019,0
2019092911,3,6,56,4,1,85,2019,2
2019092911,2,0,11,4,14,78,2019,0
2019092911,2,4,20,4,14,85,2019,0
2019092911,1,11,14,4,1,61,2019,0
2019092910,4,0,30,4,12,72,2019,1
2019100607,4,11,42,4,6,92,2019,0
2019100603,1,4,2,4,6,89,2019,0
2019100602,4,13,5,4,2,92,2019,7
2019100600,2,1,1,4,2,83,2019,0
2019100600,2,3,5,4,24,62,2019,0
2019100603,1,5,50,4,1,79,2019,6
2019100300,4,0,15,4,6,74,2019,0
2019093000,1,10,9,4,11,54,2019,0
2019092912,4,1,45,4,24,53,2019,0
2019100602,3,7,40,4,4,93,2019,0
2019100602,2,4,7,4,4,68,2019,0
2019092909,3,4,38,4,10,60,2019,0
2019092912,2,15,0,4,18,78,2019,0
2019092912,1,12,3,4,6,51,2019,0
2019092910,3,3,7,4,2,88,2019,0
2019092904,2,13,40,4,6,66,2019,0
2019092904,1,2,28,4,5,70,2019,0
2019092910,3,12,52,4,14,80,2019,0
2019092910,2,0,4,4,1,92,2019,0
2019092910,2,2,2,4,3,66,2019,5
2019092910,1,3,8,4,10,53,2019,0
2019092910,1,10,14,4,1,57,2019,1
2019092906,2,3,39,4,8,68,2019,0
2019092906,2,11,15,4,12,88,2019,0
2019092906,1,10,17,4,9,74,2019,0
2019092911,1,3,16,4,6,93,2019,0
2019092901,3,11,19,4,8,77,2019,0
2019092901,2,0,11,4,6,94,2019,0
2019092901,2,0,30,4,1,92,2019,1
2019100600,4,11,59,4,1,95,2019,-2
2019100600,3,3,9,4,6,51,2019,0
2019100600,3,6,55,4,8,72,2019,0
2019100300,4,2,34,4,5,95,2019,5
2019092901,2,8,26,4,7,50,2019,0
2019092901,4,7,1,4,4,75,2019,0
2019092600,1,7,8,4,3,53,2019,0
2019092904,4,0,31,4,6,92,2019,0
2019092600,4,5,8,4,6,51,2019,0
2019092903,3,6,24,4,6,65,2019,0
2019092903,2,14,16,4,5,95,2019,0
2019092900,4,1,58,4,10,65,2019,0
2019092900,4,7,16,4,4,75,2019,-1
2019092900,4,13,14,4,1,90,2019,-2
2019092900,3,2,55,4,9,51,2019,0
2019092900,3,5,18,4,1,70,2019,-9
2019092900,3,11,41,4,20,76,2019,0
2019092900,2,0,35,4,4,86,2019,0
2019092909,3,9,8,4,22,74,2019,0
2019093000,4,1,56,4,10,52,2019,-8
2019093000,4,5,56,4,8,69,2019,0
2019092909,1,2,7,4,19,54,2019,0
2019092909,1,8,26,4,7,50,2019,0
2019092908,2,0,20,4,6,94,2019,0
2019092908,2,13,54,4,5,85,2019,0
2019092908,1,5,3,4,10,85,2019,0
2019092908,1,9,48,4,4,74,2019,0
2019092907,2,2,17,4,3,97,2019,0
2019092912,2,8,46,4,16,76,2019,0
2019092903,1,5,43,4,10,82,2019,0
2019092903,1,10,9,4,7,93,2019,0
2019092902,4,8,44,4,10,58,2019,0
2019092902,3,1,0,4,4,96,2019,0
2019092902,3,5,35,4,4,60,2019,0
2019092902,3,10,40,4,1,99,2019,1
2019092902,2,0,4,4,15,69,2019,0
2019092902,2,2,0,4,13,72,2019,0
2019092902,2,12,35,4,6,58,2019,0
2019092902,1,3,2,4,16,58,2019,0
2019092300,1,10,48,4,23,50,2019,0
2019092213,4,6,40,4,1,81,2019,0
2019092213,4,9,19,4,9,60,2019,2
2019092213,3,2,5,4,8,51,2019,0
2019092213,2,0,4,4,10,83,2019,0
2019092213,2,2,9,4,14,59,2019,0
2019092213,2,4,13,4,8,70,2019,0
2019092213,2,9,35,4,10,56,2019,0
2019092213,2,11,44,4,5,95,2019,0
2019092900,2,5,57,4,1,61,2019,-1
2019092900,2,10,7,4,3,73,2019,0
2019092210,4,1,5,4,2,66,2019,4
2019092213,1,4,10,4,6,65,2019,0
2019092908,3,6,10,4,10,53,2019,0
2019092904,4,7,10,4,4,53,2019,0
2019092904,4,14,55,4,4,63,2019,0
2019092904,3,5,11,4,9,58,2019,0
2019092904,3,5,11,4,9,58,2019,0
2019092600,2,8,28,4,2,87,2019,0
2019092600,2,14,4,4,7,88,2019,0
2019092907,1,11,41,4,2,76,2019,5
2019092906,4,7,32,4,8,67,2019,0
2019092906,3,1,27,4,19,73,2019,0
2019092212,2,0,58,4,9,59,2019,0
2019092300,3,10,20,4,12,74,2019,0
2019092300,2,13,26,4,20,75,2019,0
2019092211,4,13,24,4,3,66,2019,21
2019092211,1,8,52,4,4,61,2019,0
2019092210,4,7,19,4,2,75,2019,0
2019092207,4,11,38,4,10,52,2019,0
2019092207,2,0,59,4,3,85,2019,0
2019092207,2,3,32,4,7,93,2019,0
2019092207,1,11,30,4,6,93,2019,0
2019092206,4,4,56,4,2,60,2019,0
2019092210,4,13,37,4,9,50,2019,0
2019092210,2,10,36,4,15,85,2019,0
2019092210,1,4,23,4,5,54,2019,0
2019092209,4,1,21,4,5,93,2019,7
2019092209,4,6,4,4,2,95,2019,0
2019092200,2,10,33,4,7,84,2019,0
2019091600,1,6,19,4,5,70,2019,0
2019091900,2,14,22,4,30,54,2019,0
2019091900,1,3,34,4,9,54,2019,0
2019091511,4,13,40,4,10,86,2019,0
2019091600,1,10,30,4,5,95,2019,0
2019091513,4,0,38,4,8,84,2019,7
2019092201,2,5,51,4,4,85,2019,0
2019091512,4,11,2,4,14,76,2019,0
2019091512,3,9,59,4,6,66,2019,0
2019091512,2,0,7,4,3,96,2019,0
2019091505,4,7,13,4,5,50,2019,10
2019091512,2,11,10,4,6,84,2019,0
2019091512,1,8,46,4,5,94,2019,0
2019092212,2,6,48,4,5,94,2019,0
2019092212,1,2,7,4,5,92,2019,0
2019092212,1,7,3,4,7,52,2019,0
2019092212,1,11,52,4,5,72,2019,0
2019092903,2,1,8,4,5,71,2019,0
2019092209,3,12,19,4,3,51,2019,0
2019092209,2,0,4,4,4,66,2019,0
2019092209,2,4,8,4,7,91,2019,0
2019092209,2,7,40,4,19,71,2019,0
2019092209,1,4,11,4,8,82,2019,0
2019092300,4,1,54,4,2,80,2019,0
2019092300,4,13,15,4,2,98,2019,2
2019091511,4,1,2,4,3,88,2019,5
2019091511,4,2,25,4,10,57,2019,10
2019091509,1,8,47,4,3,51,2019,0
2019091507,3,6,25,4,9,85,2019,0
2019091507,2,0,3,4,14,60,2019,0
2019091507,2,2,32,4,5,77,2019,0
2019091511,3,6,50,4,12,56,2019,0
2019091508,4,10,35,4,12,73,2019,0
2019091508,3,4,40,4,8,69,2019,0
2019091508,2,1,21,4,12,53,2019,0
2019091513,3,5,3,4,4,96,2019,4
2019091513,2,7,47,4,9,68,2019,0
2019091513,2,10,50,4,14,84,2019,0
2019091506,2,1,54,4,9,71,2019,0
2019091505,4,0,18,4,10,64,2019,12
2019091511,2,1,53,4,16,53,2019,0
2019091511,2,5,15,4,2,66,2019,0
2019092207,4,1,53,4,10,72,2019,0
2019092207,4,3,24,4,8,60,2019,0
2019092206,4,11,33,4,14,50,2019,0
2019092203,2,2,24,4,11,84,2019,0
2019092203,2,5,54,4,3,97,2019,0
2019092206,3,8,52,4,12,81,2019,0
2019092206,2,0,40,4,1,59,2019,0
2019092208,3,2,52,4,5,70,2019,0
2019092208,3,4,34,4,1,63,2019,2
2019092206,1,12,33,4,6,51,2019,0
2019092204,4,4,39,4,10,82,2019,0
2019092204,4,6,43,4,15,79,2019,0
2019091600,3,11,7,4,4,51,2019,0
2019091600,3,11,17,4,4,51,2019,0
2019091600,2,1,3,4,4,50,2019,0
2019091600,2,1,3,4,4,50,2019,0
2019091600,2,3,0,4,9,72,2019,0
2019092203,1,5,51,4,15,54,2019,0
2019092202,4,1,9,4,6,73,2019,0
2019092202,4,5,53,4,2,77,2019,0
2019092202,3,6,5,4,1,99,2019,1
2019092202,2,3,53,4,12,88,2019,0
2019092202,2,11,23,4,6,76,2019,0
2019092202,1,8,2,4,13,57,2019,0
2019092202,1,10,20,4,14,53,2019,0
2019092201,4,0,43,4,2,60,2019,1
2019092201,4,5,35,4,5,62,2019,-1
2019092201,4,7,59,4,25,63,2019,0
2019092201,2,13,58,4,6,53,2019,0
2019092201,1,0,58,4,3,97,2019,0
2019092201,1,10,31,4,9,90,2019,0
2019092201,1,13,25,4,10,71,2019,0
2019092200,4,4,58,4,8,75,2019,0
2019092200,3,3,8,4,10,60,2019,0
2019092200,2,2,16,4,4,73,2019,0
2019092211,3,7,47,4,1,99,2019,1
2019092211,2,2,37,4,1,59,2019,-1
2019092208,4,4,31,4,6,82,2019,0
2019092208,2,1,40,4,11,84,2019,0
2019091511,2,9,44,4,8,53,2019,0
2019091511,2,13,39,4,2,78,2019,0
2019091511,1,6,10,4,1,51,2019,0
2019091507,4,2,0,4,1,67,2019,2
2019091503,2,1,37,4,1,75,2019,-2
2019091509,4,2,53,4,4,94,2019,5
2019091509,4,13,51,4,7,93,2019,0
2019091509,3,6,38,4,7,69,2019,12
2019091506,4,4,46,4,8,60,2019,0
2019091506,4,13,5,4,2,85,2019,9
2019091500,4,3,55,4,11,55,2019,0
2019091500,4,9,2,4,5,67,2019,0
2019092204,4,13,21,4,5,73,2019,25
2019092204,1,5,8,4,3,91,2019,7
2019092204,1,11,1,4,26,53,2019,0
2019092203,1,9,36,4,7,69,2019,0
2019091600,4,1,13,4,16,59,2019,0
2019091600,4,1,13,4,16,59,2019,0
2019091600,4,12,55,4,3,56,2019,1
2019091600,3,3,49,4,2,88,2019,1
2019091900,3,1,12,4,17,53,2019,0
2019091900,3,7,59,4,4,78,2019,0
2019091900,3,11,31,4,6,89,2019,-9
2019091504,4,0,52,4,10,69,2019,18
2019091504,4,6,5,4,4,86,2019,0
2019091504,4,11,41,4,1,98,2019,2
2019091504,3,3,44,4,8,52,2019,0
2019091200,2,8,30,4,3,81,2019,0
2019091200,1,2,56,4,8,86,2019,0
2019091200,1,5,40,4,2,79,2019,0
2019091200,1,8,40,4,1,53,2019,0
2019091502,2,6,2,4,2,78,2019,0
2019091501,4,7,8,4,16,79,2019,0
2019091503,1,9,21,4,10,71,2019,0
2019091502,4,8,6,4,1,65,2019,4
2019091502,4,11,50,4,1,77,2019,0
2019091502,3,2,13,4,3,79,2019,0
2019091505,3,8,49,4,7,90,2019,0
2019091500,4,15,0,4,6,90,2019,0
2019090900,2,9,27,4,9,86,2019,0
2019091500,3,9,2,4,2,98,2019,0
2019091505,2,8,32,4,3,70,2019,0
2019091513,1,9,33,4,16,68,2019,0
2019091500,2,8,34,4,3,97,2019,0
2019091500,2,12,16,4,2,53,2019,5
2019091500,2,14,11,4,3,85,2019,0
2019091500,1,2,21,4,1,96,2019,0
2019090900,1,9,15,4,2,55,2019,0
2019090812,4,0,36,4,2,68,2019,6
2019090812,4,6,41,4,16,79,2019,0
2019090812,3,0,16,4,12,83,2019,0
2019090812,3,5,27,4,15,53,2019,0
2019090812,3,10,19,4,1,99,2019,0
2019090812,2,0,21,4,6,77,2019,0
2019090811,4,2,21,4,8,71,2019,0
2019090811,4,4,51,4,12,87,2019,0
2019090811,2,2,59,4,13,82,2019,0
2019090812,2,11,54,4,7,93,2019,0
2019090811,1,7,40,4,12,52,2019,0
2019090811,1,11,12,4,8,89,2019,0
2019091504,2,3,21,4,4,78,2019,0
2019091503,2,0,55,4,13,87,2019,0
2019091503,3,1,0,4,15,55,2019,0
2019091200,4,2,30,4,5,86,2019,0
2019091200,3,0,2,4,13,76,2019,0
2019091200,3,7,58,4,22,67,2019,0
2019091200,3,13,29,4,18,50,2019,0
2019090810,1,0,25,4,11,55,2019,0
2019090810,1,12,21,4,5,54,2019,0
2019090809,5,1,10,4,7,54,2019,0
2019090809,5,3,52,4,7,85,2019,0
2019090809,5,7,21,4,10,90,2019,0
2019090809,2,1,22,4,2,98,2019,0
2019090809,2,14,12,4,8,63,2019,0
2019090809,1,9,1,4,6,59,2019,0
2019090808,4,7,3,4,8,92,2019,0
2019090808,3,2,7,4,1,64,2019,0
2019090807,4,3,34,4,3,51,2019,8
2019090807,4,13,32,4,7,89,2019,0
2019090807,3,11,19,4,7,74,2019,0
2019090807,2,1,6,4,10,78,2019,0
2019091200,4,1,28,4,1,98,2019,0
2019091504,1,1,58,4,5,79,2019,0
2019091501,3,4,39,4,2,80,2019,0
2019090811,3,2,42,4,10,61,2019,0
2019091501,2,4,49,4,12,61,2019,0
2019091501,2,7,2,4,5,81,2019,0
2019091501,2,12,53,4,18,66,2019,0
2019090806,4,3,12,4,4,96,2019,0
2019090802,4,3,38,4,15,83,2019,0
2019090806,1,2,51,4,10,77,2019,0
2019090802,2,4,25,4,5,95,2019,0
2019090802,2,7,59,4,7,93,2019,0
2019090800,1,7,49,4,8,58,2019,0
2019090800,1,8,6,4,8,58,2019,0
2019090500,4,5,20,4,2,79,2019,0
2019090500,4,15,0,4,17,50,2019,0
2019090500,3,4,0,4,10,67,2019,3
2019090500,3,10,58,4,22,53,2019,0
2019090802,2,11,39,4,2,81,2019,0
2019090802,1,9,0,4,3,91,2019,0
2019090800,3,11,56,4,8,91,2019,0
2019090500,1,4,14,4,4,80,2019,0
2019090500,1,9,47,4,15,55,2019,0
2019090801,3,8,29,4,7,55,2019,0
2019090801,3,11,58,4,17,65,2019,0
2019090801,2,1,4,4,10,52,2019,0
2019090900,4,0,55,4,6,71,2019,0
2019090805,3,3,52,4,12,75,2019,0
2019090810,4,10,51,4,5,56,2019,0
2019090810,3,11,3,4,9,90,2019,0
2019090810,3,13,30,4,8,60,2019,11
2019090801,1,6,36,4,9,81,2019,0
2019090800,2,9,43,4,16,39,2019,0
2019090800,2,6,27,4,3,21,2019,0
2019090800,2,5,4,4,4,33,2019,0
2019090800,4,13,45,4,12,23,2019,0
2019090803,3,13,14,4,15,30,2019,0
2019090803,3,5,55,4,14,33,2019,0
2019090803,4,8,9,4,15,25,2019,0
2019090804,1,12,59,4,2,33,2019,0
2019090805,2,0,30,4,8,73,2019,0
2019090805,2,8,58,4,16,58,2019,0
2019090804,4,1,27,4,2,77,2019,5
2019090804,4,9,25,4,5,80,2019,20
2019090809,3,4,43,4,4,76,2019,0
2019090808,3,7,43,4,4,73,2019,0
2019090805,4,0,19,4,5,65,2019,0
2019090802,2,0,28,4,7,72,2019,0
2019090808,2,13,17,4,27,51,2019,0
2019090808,1,2,52,4,7,79,2019,0
2019090803,2,10,43,4,19,64,2019,0
2019090500,2,11,20,4,3,59,2019,0
2019090804,2,12,33,4,20,32,2019,0
2019090804,2,1,49,4,27,45,2019,0
2019090804,2,0,49,4,10,10,2019,0
2019090800,4,10,43,4,6,33,2019,0
2019090800,4,4,10,4,1,77,2019,0
2019090801,1,3,43,4,28,6,2019,0
2019090801,1,2,26,4,8,47,2019,0
2019090801,2,14,57,4,3,35,2019,0
2019090801,2,8,34,4,1,39,2019,0
2019090801,2,5,13,4,11,44,2019,0
2019090801,2,3,38,4,13,25,2019,0
2019090801,2,2,0,4,11,27,2019,0
2019090801,3,5,58,4,9,7,2019,0
2019090805,1,6,19,4,18,60,2019,0
2019090804,1,2,38,4,19,59,2019,0
2019090803,4,9,30,4,3,97,2019,3
2019090803,3,0,27,4,5,84,2019,0
2019090800,3,0,16,4,8,66,2019,0
2019090800,2,1,7,4,6,62,2019,0
2019090800,2,13,48,4,8,69,2019,0
2019090800,1,0,47,4,13,65,2019,0
2019090500,1,13,15,4,20,15,2019,0
2019090500,1,8,4,4,17,5,2019,0
2019090500,1,3,20,4,5,45,2019,0
2019090500,2,14,54,4,9,29,2019,0
2019090801,4,1,21,4,2,33,2019,1
2019090802,1,11,53,4,4,31,2019,0
2019090500,2,0,24,4,10,15,2019,0
2019090500,3,13,50,4,8,27,2019,0
2019090500,3,9,10,4,1,19,2019,0
2019090500,3,6,43,4,20,32,2019,0
2019090500,4,11,55,4,31,36,2019,0
2019090500,4,1,45,4,3,27,2019,0
2019090500,4,1,9,4,8,16,2019,-11
2019090800,1,5,39,4,2,43,2019,0
2019090800,1,4,54,4,10,20,2019,0
2019090806,2,8,10,4,3,32,2019,0
2019090806,2,5,59,4,7,17,2019,0
2019090806,2,2,33,4,10,25,2019,0
2019090806,2,1,48,4,5,23,2019,0
2019090806,3,13,3,4,1,34,2019,2
2019090806,3,5,32,4,9,26,2019,0
2019090802,3,0,23,4,13,19,2019,0
2019090802,4,5,34,4,15,49,2019,0
2019090500,2,5,37,4,14,26,2019,0
2019090500,2,2,14,4,14,23,2019,0
2019090500,2,0,55,4,9,49,2019,0
2019090801,4,3,20,4,24,34,2019,0
2019090803,1,5,55,4,16,32,2019,0
2019090803,2,8,35,4,1,34,2019,0
2019090803,2,4,31,4,10,27,2019,0
2019090803,2,2,59,4,1,30,2019,60
2019090804,3,10,56,4,1,48,2019,0
2019090808,1,12,4,4,13,49,2019,0
2019090808,1,10,34,4,3,27,2019,0
2019090808,2,11,20,4,11,10,2019,0
2019090808,2,3,45,4,5,30,2019,0
2019090808,2,2,0,4,1,39,2019,0
2019090805,4,6,2,4,2,44,2019,0
2019090805,4,2,0,4,1,34,2019,1
2019090806,1,8,53,4,17,29,2019,0
2019090808,3,11,56,4,15,19,2019,0
2019090808,3,5,41,4,15,30,2019,0
2019090809,3,13,36,4,13,29,2019,0
2019090809,3,10,51,4,7,34,2019,0
2019090809,3,9,57,4,7,27,2019,0
2019090809,3,7,21,4,5,25,2019,0
2019090804,3,0,3,4,10,23,2019,0
2019090804,4,12,47,4,6,29,2019,0
2019090804,4,4,39,4,7,44,2019,0
2019090805,1,10,49,4,4,44,2019,0
2019090805,1,1,2,4,19,23,2019,0
2019090805,2,14,15,4,8,40,2019,0
2019090805,2,2,40,4,4,43,2019,0
2019090803,1,2,24,4,5,43,2019,0
2019090805,3,12,10,4,15,45,2019,0
2019090806,4,2,26,4,7,41,2019,8
2019090806,4,1,25,4,12,47,2019,18
2019090807,1,12,56,4,12,37,2019,0
2019090807,1,9,19,4,18,19,2019,0
2019090807,2,4,30,4,9,26,2019,0
2019090807,3,4,12,4,11,46,2019,0
2019090807,3,0,48,4,1,33,2019,0
2019090809,4,11,13,4,9,84,2019,0
2019090808,4,5,40,4,4,31,2019,0
2019090808,4,3,30,4,7,44,2019,0
2019090808,4,0,28,4,11,35,2019,0
2019090809,1,12,7,4,2,49,2019,0
2019090809,1,10,28,4,5,15,2019,0
2019090809,2,13,19,4,8,18,2019,0
2019090809,2,10,1,4,11,33,2019,0
2019090809,2,1,49,4,10,36,2019,0
2019090809,2,0,26,4,10,42,2019,0
2019090809,4,9,3,4,3,36,2019,0
2019090812,1,12,1,4,10,35,2019,0
2019090809,4,0,9,4,10,37,2019,0
2019090810,2,8,4,4,4,42,2019,0
2019090810,4,13,49,4,9,34,2019,0
2019090810,4,8,1,4,13,22,2019,0
2019090810,4,5,21,4,15,33,2019,0
2019090805,4,15,0,4,3,44,2019,0
2019090806,3,4,50,4,10,27,2019,0
2019090806,4,12,16,4,6,25,2019,0
2019090900,4,3,38,4,22,45,2019,0
2019090810,4,2,0,4,10,16,2019,0
2019090811,1,13,37,4,4,30,2019,0
2019090811,1,5,10,4,2,29,2019,0
2019090812,1,8,1,4,6,39,2019,0
2019090812,1,2,33,4,11,24,2019,0
2019090812,2,10,10,4,1,30,2019,0
2019090812,2,9,19,4,7,38,2019,0
2019090809,4,2,42,4,5,49,2019,0
2019090811,4,8,31,4,18,4,2019,0
2019090812,2,7,4,4,5,40,2019,0
2019091200,4,13,45,4,12,48,2019,0
2019091502,1,14,0,4,7,29,2019,0
2019091502,1,12,32,4,7,24,2019,0
2019090812,4,2,13,4,13,17,2019,0
2019090900,1,12,50,4,21,27,2019,0
2019090900,4,10,55,4,28,38,2019,0
2019090900,4,7,53,4,13,43,2019,0
2019090900,1,7,6,4,8,23,2019,0
2019091501,1,13,15,4,11,11,2019,0
2019091501,2,14,24,4,17,31,2019,0
2019091501,3,9,18,4,21,26,2019,0
2019091501,3,3,17,4,3,32,2019,0
2019091503,4,4,14,4,2,28,2019,0
2019091503,4,3,24,4,7,27,2019,0
2019091503,4,0,13,4,9,48,2019,0
2019091504,1,12,5,4,13,34,2019,0
2019091504,1,10,38,4,1,26,2019,0
2019091504,1,9,19,4,5,31,2019,0
2019091500,1,12,12,4,1,44,2019,0
2019091500,1,6,43,4,13,20,2019,0
2019091500,2,2,54,4,10,23,2019,0
2019091500,2,1,6,4,21,34,2019,0
2019091500,3,13,3,4,6,29,2019,0
2019091502,2,1,30,4,11,49,2019,0
2019091505,3,7,40,4,12,23,2019,0
2019091505,3,0,38,4,21,24,2019,0
2019091505,4,13,7,4,15,34,2019,0
2019091502,3,6,36,4,2,11,2019,0
2019091501,4,13,37,4,5,15,2019,0
2019091501,4,2,0,4,3,33,2019,0
2019091501,4,0,56,4,4,34,2019,66
2019091502,1,2,0,4,9,26,2019,0
2019091502,2,12,28,4,3,46,2019,0
2019091502,2,10,50,4,6,28,2019,0
2019091200,1,0,51,4,1,34,2019,0
2019091200,2,12,47,4,19,25,2019,0
2019091200,2,10,6,4,14,18,2019,0
2019091200,2,5,44,4,5,44,2019,0
2019091200,2,3,57,4,8,20,2019,0
2019091200,3,11,31,4,13,5,2019,0
2019091200,4,9,37,4,25,31,2019,0
2019091200,4,9,9,4,10,21,2019,0
2019091503,3,5,41,4,17,40,2019,0
2019091503,4,14,52,4,6,20,2019,0
2019091503,4,11,55,4,7,39,2019,0
2019091503,4,10,21,4,16,16,2019,0
2019091503,2,11,47,4,8,30,2019,0
2019091503,2,9,36,4,1,39,2019,0
2019091503,2,8,4,4,2,29,2019,0
2019091503,2,5,6,4,18,27,2019,0
2019091503,2,0,30,4,16,19,2019,0
2019091503,3,13,56,4,1,34,2019,0
2019091504,2,13,44,4,8,44,2019,0
2019091504,2,11,42,4,15,31,2019,0
2019091504,2,10,4,4,6,19,2019,0
2019091504,2,8,44,4,18,25,2019,0
2019091506,4,0,35,4,3,20,2019,0
2019091504,3,11,58,4,7,40,2019,0
2019091504,3,8,59,4,5,41,2019,0
2019091504,3,6,51,4,7,27,2019,0
2019091504,4,13,35,4,5,31,2019,0
2019091504,4,3,47,4,18,27,2019,0
2019091504,4,2,19,4,1,41,2019,1
2019091505,1,13,45,4,13,22,2019,0
2019091200,1,13,12,4,14,43,2019,0
2019091500,4,7,40,4,9,26,2019,0
2019091500,4,3,24,4,16,3,2019,0
2019091502,2,3,40,4,7,39,2019,0
2019091505,1,3,5,4,14,47,2019,0
2019091505,2,15,0,4,2,40,2019,0
2019091506,3,13,41,4,12,23,2019,0
2019091506,3,8,3,4,21,48,2019,0
2019091506,3,6,10,4,5,31,2019,0
2019091506,3,4,57,4,3,27,2019,0
2019091506,3,3,21,4,8,27,2019,0
2019091507,1,13,10,4,12,23,2019,0
2019091507,1,10,51,4,16,48,2019,0
2019091507,1,10,2,4,3,27,2019,0
2019091507,1,5,11,4,20,41,2019,0
2019091507,4,6,2,4,10,43,2019,0
2019091508,1,13,25,4,1,37,2019,0
2019091508,1,7,37,4,1,34,2019,0
2019091508,1,5,41,4,6,22,2019,0
2019091508,2,4,0,4,31,15,2019,0
2019091512,4,5,50,4,20,39,2019,0
2019091512,4,2,35,4,15,21,2019,0
2019091512,4,1,53,4,7,25,2019,0
2019091513,1,6,23,4,7,45,2019,0
2019091513,1,3,49,4,15,18,2019,0
2019091513,1,0,40,4,10,9,2019,0
2019091505,2,12,46,4,1,17,2019,0
2019091505,2,7,38,4,4,44,2019,0
2019091511,1,9,50,4,2,75,2019,0
2019091511,1,8,16,4,9,26,2019,0
2019091506,1,10,30,4,7,28,2019,0
2019091506,1,9,40,4,10,30,2019,0
2019091506,1,2,50,4,9,23,2019,0
2019091506,2,12,7,4,9,40,2019,0
2019091506,2,1,32,4,18,30,2019,0
2019091513,2,1,46,4,10,32,2019,0
2019091513,3,10,4,4,11,42,2019,0
2019091513,4,13,53,4,11,9,2019,0
2019092200,1,7,11,4,24,48,2019,0
2019091508,3,13,20,4,7,13,2019,0
2019091508,3,1,40,4,8,37,2019,0
2019091508,4,8,29,4,5,40,2019,0
2019091508,4,6,53,4,5,25,2019,0
2019091508,4,3,38,4,6,29,2019,0
2019091508,4,2,24,4,1,35,2019,1
2019091508,4,1,14,4,9,37,2019,0
2019091509,1,12,47,4,4,42,2019,0
2019091509,1,11,14,4,4,16,2019,0
2019091511,2,0,52,4,3,22,2019,0
2019091511,2,0,26,4,3,20,2019,0
2019091511,3,11,59,4,23,14,2019,0
2019091507,1,1,30,4,9,46,2019,0
2019091507,2,7,19,4,6,29,2019,0
2019091507,2,6,4,4,6,36,2019,0
2019091507,3,13,32,4,4,22,2019,0
2019091509,2,12,57,4,13,22,2019,0
2019091509,2,9,55,4,24,39,2019,0
2019091900,4,14,54,4,7,23,2019,0
2019091900,4,7,38,4,7,70,2019,0
2019091900,4,4,50,4,31,18,2019,0
2019092200,1,13,32,4,10,25,2019,0
2019092200,1,12,33,4,5,42,2019,0
2019091511,4,3,0,4,5,28,2019,0
2019091511,4,0,9,4,15,40,2019,25
2019091512,1,6,44,4,8,46,2019,0
2019091512,1,3,39,4,24,5,2019,0
2019091512,1,0,2,4,28,48,2019,0
2019091512,2,14,31,4,9,15,2019,0
2019091505,2,0,28,4,3,32,2019,0
2019091505,3,12,51,4,7,46,2019,0
2019091505,4,5,57,4,23,47,2019,17
2019091512,2,2,47,4,1,48,2019,0
2019091512,3,14,13,4,1,34,2019,0
2019091512,3,3,49,4,22,13,2019,0
2019091513,4,11,48,4,19,36,2019,0
2019092201,2,10,47,4,4,26,2019,0
2019092201,2,3,18,4,9,37,2019,0
2019092201,3,9,10,4,19,27,2019,0
2019092201,3,2,0,4,3,32,2019,0
2019092201,4,15,0,4,1,29,2019,0
2019091513,4,2,20,4,3,46,2019,54
2019091513,4,1,29,4,14,39,2019,43
2019091509,2,4,41,4,3,32,2019,0
2019091511,4,12,49,4,8,27,2019,0
2019091511,4,8,47,4,2,55,2019,4
2019091900,1,13,22,4,1,34,2019,0
2019091900,1,10,19,4,16,29,2019,0
2019091900,1,1,42,4,10,15,2019,0
2019091900,2,11,34,4,4,47,2019,0
2019091900,2,10,45,4,6,37,2019,0
2019091900,2,8,11,4,6,24,2019,0
2019091900,2,2,0,4,11,43,2019,0
2019091900,2,1,23,4,4,11,2019,0
2019091900,2,0,52,4,20,46,2019,0
2019091600,1,8,58,4,12,13,2019,0
2019091600,1,5,30,4,6,29,2019,0
2019091600,1,2,43,4,5,46,2019,0
2019092200,2,5,16,4,7,14,2019,0
2019092200,2,1,35,4,18,41,2019,0
2019092200,3,13,1,4,8,43,2019,0
2019092200,3,9,31,4,4,32,2019,0
2019092200,4,9,14,4,1,45,2019,0
2019092201,1,9,31,4,8,23,2019,0
2019092201,4,12,47,4,15,32,2019,0
2019092201,4,7,7,4,6,49,2019,8
2019092202,2,2,35,4,3,32,2019,0
2019092202,2,1,13,4,4,31,2019,0
2019092202,3,4,34,4,3,32,2019,0
2019092202,3,0,16,4,10,39,2019,0
2019092202,4,13,38,4,3,32,2019,0
2019092202,4,2,23,4,17,49,2019,-6
2019091600,2,13,33,4,29,9,2019,0
2019091600,2,0,43,4,13,7,2019,0
2019091600,3,13,0,4,10,12,2019,0
2019091600,3,9,9,4,6,17,2019,0
2019091600,3,7,18,4,9,35,2019,0
2019091600,3,2,17,4,2,27,2019,0
2019091600,3,0,43,4,2,41,2019,0
2019092200,1,6,15,4,4,25,2019,0
2019092200,1,1,15,4,8,27,2019,0
2019092204,2,13,26,4,1,34,2019,5
2019092204,2,4,39,4,4,43,2019,0
2019092204,3,6,29,4,5,48,2019,0
2019092207,2,10,53,4,6,43,2019,0
2019092207,2,8,53,4,8,41,2019,0
2019092204,4,10,49,4,10,43,2019,0
2019092204,2,1,28,4,15,44,2019,0
2019092206,1,5,56,4,23,12,2019,0
2019092208,4,11,27,4,15,30,2019,0
2019092208,4,8,33,4,15,27,2019,0
2019092208,4,7,7,4,10,10,2019,0
2019092206,1,3,6,4,9,26,2019,0
2019092206,2,11,41,4,13,22,2019,0
2019092206,2,10,8,4,14,32,2019,0
2019092206,2,7,20,4,2,30,2019,0
2019092206,2,4,28,4,6,42,2019,0
2019092206,2,2,28,4,5,41,2019,0
2019092206,3,13,16,4,8,37,2019,0
2019092206,3,7,57,4,19,16,2019,0
2019092203,3,9,1,4,15,20,2019,0
2019092206,3,0,34,4,24,49,2019,0
2019092206,4,8,53,4,22,9,2019,0
2019092207,4,2,25,4,8,22,2019,6
2019092208,2,10,46,4,15,49,2019,0
2019092208,2,7,46,4,4,39,2019,0
2019092208,2,0,31,4,5,30,2019,0
2019092208,4,5,31,4,7,49,2019,0
2019092208,4,2,42,4,28,7,2019,0
2019092211,2,7,49,4,2,43,2019,0
2019092211,3,6,0,4,5,30,2019,0
2019092209,4,4,33,4,5,30,2019,0
2019092209,4,3,24,4,1,31,2019,0
2019092210,2,5,13,4,11,49,2019,0
2019092210,2,1,49,4,3,43,2019,0
2019092210,3,13,5,4,7,28,2019,0
2019092210,3,11,23,4,18,18,2019,0
2019092206,4,2,44,4,2,9,2019,0
2019092206,4,1,45,4,5,44,2019,0
2019092206,4,0,56,4,13,24,2019,4
2019092210,1,12,57,4,6,29,2019,0
2019092207,3,12,23,4,15,31,2019,0
2019092207,3,9,32,4,7,48,2019,0
2019092207,3,7,9,4,11,13,2019,0
2019092207,4,13,15,4,20,15,2019,0
2019092210,4,4,30,4,18,28,2019,0
2019092210,4,2,7,4,13,43,2019,15
2019092211,1,12,19,4,20,15,2019,0
2019092211,1,5,59,4,2,18,2019,0
2019092211,2,14,55,4,21,34,2019,0
2019092211,2,11,17,4,2,21,2019,0
2019092211,3,0,9,4,3,32,2019,0
2019092300,4,11,31,4,4,26,2019,0
2019092300,4,10,11,4,1,44,2019,7
2019092209,1,11,54,4,1,59,2019,3
2019092209,2,6,12,4,15,19,2019,0
2019092209,2,0,46,4,1,34,2019,0
2019092209,3,6,47,4,10,25,2019,0
2019092209,3,5,47,4,16,33,2019,0
2019092209,3,1,13,4,8,44,2019,0
2019092209,4,14,20,4,23,6,2019,0
2019092211,4,11,4,4,4,28,2019,0
2019092212,1,5,40,4,5,25,2019,0
2019092212,2,13,21,4,5,24,2019,0
2019092212,2,10,48,4,9,8,2019,0
2019092212,3,8,22,4,5,27,2019,0
2019092212,3,7,20,4,5,30,2019,0
2019092212,4,14,13,4,1,34,2019,0
2019092212,4,11,28,4,13,22,2019,0
2019092213,1,12,9,4,18,27,2019,0
2019092213,1,10,30,4,4,24,2019,0
2019092213,1,9,10,4,3,42,2019,0
2019092900,2,13,37,4,4,37,2019,0
2019092900,2,12,23,4,6,14,2019,0
2019092213,2,7,52,4,4,12,2019,0
2019092213,4,4,32,4,18,2,2019,0
2019092300,1,6,50,4,11,35,2019,0
2019092300,1,3,41,4,9,22,2019,0
2019092211,4,1,55,4,1,32,2019,0
2019092600,1,12,58,4,10,48,2019,0
2019092902,1,1,43,4,4,12,2019,0
2019092902,2,14,48,4,14,25,2019,0
2019092902,2,1,39,4,10,25,2019,0
2019092902,3,9,13,4,8,25,2019,0
2019092902,3,7,2,4,24,25,2019,0
2019092902,4,9,27,4,7,6,2019,0
2019092902,4,7,46,4,5,25,2019,0
2019092902,4,5,27,4,6,41,2019,0
2019092902,4,3,19,4,7,35,2019,0
2019092900,3,9,48,4,6,45,2019,0
2019092900,3,1,56,4,8,12,2019,0
2019092900,4,12,26,4,4,18,2019,8
2019092903,2,10,25,4,4,32,2019,0
2019092903,2,8,18,4,10,21,2019,0
2019092600,3,13,3,4,7,45,2019,0
2019092600,3,7,58,4,3,32,2019,0
2019092600,3,6,56,4,5,21,2019,0
2019092900,1,13,13,4,14,35,2019,0
2019092900,1,12,17,4,6,21,2019,0
2019092901,1,13,39,4,11,24,2019,0
2019092901,1,11,34,4,8,37,2019,0
2019092901,4,5,36,4,10,20,2019,0
2019092901,4,1,9,4,5,26,2019,29
2019092902,1,13,25,4,10,30,2019,0
2019092902,1,6,30,4,14,33,2019,0
2019092903,4,9,25,4,21,34,2019,0
2019092903,4,6,54,4,13,39,2019,0
2019092906,3,12,7,4,6,36,2019,0
2019092906,4,15,0,4,17,1,2019,0
2019092906,4,4,0,4,12,46,2019,2
2019092907,1,4,10,4,11,36,2019,0
2019092903,4,1,55,4,8,34,2019,15
2019092904,2,0,48,4,3,32,2019,0
2019092904,2,0,16,4,1,31,2019,0
2019092904,3,12,34,4,6,44,2019,0
2019092904,3,3,51,4,10,10,2019,0
2019092904,4,12,59,4,19,16,2019,0
2019092908,3,11,49,4,4,42,2019,0
2019092908,3,10,20,4,9,20,2019,0
2019092908,3,2,30,4,7,43,2019,0
2019092908,4,13,40,4,6,29,2019,0
2019092901,2,15,0,4,14,47,2019,0
2019092901,2,11,40,4,5,32,2019,0
2019092907,2,9,17,4,4,25,2019,0
2019092907,2,7,21,4,10,47,2019,0
2019092910,2,13,17,4,2,45,2019,0
2019092910,3,11,26,4,2,33,2019,0
2019092904,1,5,6,4,23,40,2019,0
2019092904,2,12,41,4,4,48,2019,0
2019092910,3,9,22,4,1,25,2019,0
2019092910,3,8,11,4,15,29,2019,0
2019092910,3,1,49,4,4,31,2019,39
2019092912,2,13,38,4,5,30,2019,0
2019092912,2,4,49,4,9,48,2019,0
2019092912,3,13,43,4,1,34,2019,0
2019092907,3,10,20,4,10,36,2019,0
2019092907,3,8,58,4,3,20,2019,0
2019092907,4,13,35,4,20,12,2019,0
2019092907,4,12,44,4,5,31,2019,0
2019092907,4,6,39,4,1,41,2019,0
2019092907,4,4,41,4,2,11,2019,0
2019092911,1,2,21,4,11,25,2019,0
2019092911,1,1,19,4,17,24,2019,0
2019092911,2,12,7,4,9,37,2019,0
2019092911,2,11,7,4,8,9,2019,0
2019092911,2,8,51,4,17,38,2019,0
2019093000,4,4,29,4,1,34,2019,3
2019092909,2,4,16,4,12,23,2019,0
2019092910,4,11,0,4,15,23,2019,0
2019092910,4,7,17,4,11,44,2019,0
2019092911,1,9,19,4,7,4,2019,0
2019092911,2,2,29,4,7,28,2019,0
2019092911,3,3,8,4,4,26,2019,0
2019092911,3,0,23,4,8,42,2019,0
2019092911,4,11,37,4,23,25,2019,0
2019100601,4,13,28,4,3,96,2019,0
2019100601,4,10,35,4,8,22,2019,0
2019100601,4,3,52,4,10,25,2019,0
2019100300,1,0,28,4,10,25,2019,0
2019100300,2,12,33,4,8,34,2019,0
2019100300,2,11,1,4,6,24,2019,0
2019100300,3,9,52,4,13,43,2019,0
2019100300,3,8,51,4,9,2,2019,0
2019092910,4,13,35,4,3,12,2019,0
2019092908,2,5,22,4,1,47,2019,0
2019092908,2,4,21,4,11,5,2019,0
2019100601,1,14,18,4,7,26,2019,0
2019100601,1,2,27,4,7,28,2019,0
2019100601,2,10,16,4,5,44,2019,0
2019100602,1,13,40,4,6,21,2019,0
2019100602,1,11,47,4,16,31,2019,0
2019100600,1,5,9,4,9,26,2019,0
2019100600,1,3,44,4,2,22,2019,0
2019092912,4,11,34,4,2,42,2019,0
2019092912,4,6,58,4,16,33,2019,0
2019092912,4,5,29,4,2,18,2019,0
2019093000,1,3,20,4,11,41,2019,0
2019093000,2,13,19,4,15,5,2019,0
2019093000,3,9,46,4,21,14,2019,0
2019093000,3,5,26,4,34,27,2019,0
2019093000,3,3,52,4,3,38,2019,0
2019100300,1,9,42,4,5,41,2019,0
2019100604,2,0,10,4,17,18,2019,0
2019100606,1,13,7,4,18,17,2019,0
2019100606,1,2,36,4,10,39,2019,0
2019100602,2,9,22,4,8,28,2019,0
2019100602,3,10,18,4,10,25,2019,0
2019100602,3,5,52,4,7,28,2019,0
2019100300,4,1,50,4,10,49,2019,0
2019100600,1,6,24,4,10,36,2019,0
2019100600,2,10,51,4,10,41,2019,0
2019100600,2,9,53,4,6,43,2019,0
2019100600,2,0,44,4,9,26,2019,0
2019100600,3,14,10,4,3,32,2019,0
2019100602,4,15,0,4,5,44,2019,0
2019100603,1,12,18,4,6,47,2019,0
2019100603,1,9,20,4,4,47,2019,0
2019100603,1,8,34,4,7,22,2019,0
2019100603,1,2,33,4,3,32,2019,0
2019100607,4,6,17,4,10,1,2019,0
2019100603,2,5,37,4,4,76,2019,0
2019100603,3,3,49,4,15,27,2019,0
2019100603,3,2,15,4,2,43,2019,0
2019100604,4,14,15,4,6,16,2019,0
2019100603,4,9,32,4,19,24,2019,0
2019100603,4,7,57,4,1,39,2019,0
2019100603,4,5,26,4,28,21,2019,0
2019100606,2,6,4,4,6,8,2019,0
2019100606,2,3,32,4,32,29,2019,0
2019100609,2,13,38,4,8,38,2019,0
2019100609,2,8,50,4,10,25,2019,0
2019100609,2,6,24,4,6,47,2019,0
2019100609,2,2,0,4,4,26,2019,0
2019100609,2,1,9,4,9,29,2019,0
2019100606,3,8,44,4,15,46,2019,0
2019100606,4,14,53,4,7,28,2019,0
2019100606,4,12,30,4,13,34,2019,0
2019100606,4,5,31,4,17,9,2019,0
2019100606,4,1,25,4,11,17,2019,0
2019100607,1,12,47,4,5,16,2019,0
2019100608,1,9,47,4,7,39,2019,0
2019100610,4,3,30,4,10,30,2019,0
2019100611,1,12,40,4,9,26,2019,0
2019100611,2,11,22,4,16,22,2019,0
2019100611,2,8,27,4,7,47,2019,0
2019100608,1,8,12,4,3,27,2019,0
2019100608,2,10,11,4,17,3,2019,0
2019100608,2,6,47,4,14,49,2019,0
2019100608,2,5,29,4,18,4,2019,0
2019100608,3,11,49,4,3,20,2019,0
2019100604,2,5,22,4,7,44,2019,0
2019100606,2,9,20,4,17,2,2019,0
2019100606,2,7,32,4,16,36,2019,0
2019100608,3,4,4,4,6,39,2019,0
2019100612,4,7,44,4,10,87,2019,0
2019100612,4,5,6,4,1,34,2019,-1
2019100700,1,13,41,4,13,42,2019,0
2019100609,4,13,35,4,16,21,2019,0
2019100609,4,6,19,4,11,36,2019,0
2019100609,4,4,52,4,7,19,2019,0
2019100609,4,4,15,4,10,35,2019,0
2019100609,4,2,29,4,4,12,2019,0
2019100610,1,7,26,4,7,35,2019,0
2019100610,3,13,27,4,6,16,2019,0
2019100607,2,8,13,4,5,45,2019,0
2019100607,2,3,13,4,19,49,2019,0
2019100607,2,1,45,4,10,37,2019,0
2019100607,5,8,23,4,14,21,2019,0
2019100608,1,12,11,4,2,33,2019,0
2019100610,3,6,1,4,3,16,2019,0
2019100610,3,0,49,4,13,17,2019,0
2019100611,3,0,27,4,10,25,2019,0
2019100611,4,10,37,4,20,25,2019,0
2019100611,4,3,45,4,26,34,2019,0
2019100612,2,10,55,4,10,25,2019,0
2019100612,2,4,43,4,12,12,2019,0
2019100612,2,3,6,4,1,47,2019,2
2019100608,4,5,35,4,9,44,2019,0
2019100608,4,4,21,4,5,25,2019,0
2019100609,1,12,34,4,17,30,2019,0
2019100609,1,10,25,4,20,28,2019,0
2019100609,1,6,18,4,17,18,2019,0
2019100609,3,3,31,4,8,39,2019,0
2019100609,3,1,28,4,13,31,2019,0
2019100612,3,11,13,4,3,44,2019,0
2019100612,3,8,39,4,17,48,2019,0
2019100612,3,1,27,4,10,5,2019,0
2019101300,4,11,59,4,14,21,2019,0
2019101300,4,11,39,4,10,27,2019,0
2019101300,4,10,6,4,6,34,2019,0
2019101300,4,3,11,4,1,34,2019,0
2019101301,1,10,16,4,6,29,2019,0
2019101301,1,3,3,4,13,23,2019,0
2019100700,2,8,39,4,10,40,2019,0
2019100700,2,0,58,4,15,12,2019,0
2019100610,4,4,33,4,1,34,2019,0
2019100611,2,0,21,4,12,42,2019,0
2019100611,3,13,34,4,4,25,2019,0
2019100700,3,9,17,4,8,45,2019,0
2019101304,4,14,57,4,5,25,2019,0
2019101304,4,5,12,4,13,22,2019,0
2019101301,4,13,39,4,6,48,2019,0
2019100700,1,10,35,4,16,6,2019,0
2019101302,2,10,13,4,9,26,2019,0
2019101302,2,5,10,4,3,46,2019,0
2019101302,3,12,42,4,18,17,2019,0
2019101302,3,3,49,4,7,28,2019,0
2019101306,2,4,41,4,12,41,2019,0
2019101306,2,1,57,4,10,41,2019,0
2019101302,4,9,53,4,11,1,2019,0
2019100700,3,1,9,4,10,45,2019,0
2019100700,4,13,19,4,10,22,2019,0
2019100700,4,10,39,4,7,21,2019,0
2019100700,4,3,47,4,6,29,2019,0
2019101000,1,9,52,4,1,27,2019,0
2019101000,1,8,1,4,4,26,2019,0
2019101000,1,3,37,4,7,36,2019,0
2019101000,1,1,48,4,9,19,2019,0
2019101000,2,10,52,4,7,43,2019,0
2019101305,1,13,0,4,1,34,2019,0
2019101305,1,10,22,4,14,27,2019,0
2019101305,1,9,17,4,2,26,2019,0
2019101305,1,7,46,4,16,20,2019,0
2019101305,1,6,19,4,7,31,2019,0
2019101300,1,12,3,4,4,31,2019,0
2019101300,1,11,41,4,10,25,2019,0
2019101300,1,8,46,4,8,50,2019,0
2019101300,2,11,20,4,10,25,2019,0
2019101300,2,0,49,4,7,32,2019,0
2019101300,2,0,8,4,35,11,2019,0
2019101300,3,12,30,4,13,35,2019,0
2019101300,3,10,26,4,1,24,2019,0
2019101303,4,6,13,4,5,16,2019,0
2019101303,1,12,45,4,2,49,2019,0
2019101303,1,10,8,4,1,29,2019,0
2019101305,2,6,20,4,3,38,2019,0
2019101305,3,13,21,4,6,29,2019,0
2019101305,3,3,18,4,11,16,2019,0
2019101305,4,9,57,4,6,27,2019,0
2019101305,4,6,28,4,3,19,2019,0
2019101305,4,2,11,4,5,49,2019,0
2019101306,1,5,40,4,2,15,2019,0
2019101306,1,1,57,4,8,79,2019,0
2019101306,2,12,15,4,5,65,2019,0
2019101000,3,0,1,4,8,48,2019,0
2019101000,4,7,8,4,2,33,2019,0
2019101309,3,2,26,4,12,28,2019,0
2019101309,3,0,37,4,7,18,2019,0
2019101309,4,11,48,4,10,3,2019,0
2019101306,4,13,8,4,18,43,2019,0
2019101306,4,6,46,4,15,33,2019,17
2019101307,1,3,2,4,16,45,2019,0
2019101307,2,11,7,4,11,28,2019,0
2019101303,1,5,11,4,8,4,2019,0
2019101303,4,7,48,4,12,38,2019,0
2019101307,4,14,15,4,1,34,2019,0
2019101307,4,9,27,4,10,25,2019,0
2019101307,4,7,27,4,16,25,2019,0
2019101308,1,13,2,4,14,13,2019,0
2019101307,3,5,48,4,10,47,2019,0
2019101308,1,1,44,4,11,25,2019,0
2019101308,3,3,53,4,17,8,2019,0
2019101308,4,10,26,4,1,44,2019,0
2019101308,4,5,58,4,8,30,2019,0
2019101308,4,4,38,4,27,15,2019,0
2019101308,4,3,33,4,16,36,2019,0
2019101309,1,13,37,4,7,28,2019,0
2019101309,1,8,51,4,3,32,2019,0
2019101309,1,5,55,4,5,33,2019,0
2019101309,2,15,0,4,1,24,2019,0
2019101309,2,12,0,4,5,46,2019,0
2019101309,2,10,41,4,3,21,2019,0
2019101309,2,7,32,4,13,36,2019,0
2019101400,3,6,44,4,4,16,2019,0
2019101400,3,2,39,4,6,29,2019,0
2019101400,3,0,30,4,18,24,2019,0
2019101303,1,0,43,4,5,30,2019,0
2019101303,2,11,31,4,4,21,2019,0
2019101303,2,9,52,4,4,24,2019,0
2019101306,3,9,13,4,22,23,2019,0
2019101309,2,2,0,4,14,39,2019,0
2019101309,2,0,59,4,20,6,2019,0
2019101309,2,0,20,4,1,49,2019,0
2019101309,3,9,10,4,1,31,2019,0
2019101400,4,6,53,4,6,41,2019,0
2019101700,3,13,2,4,11,35,2019,0
2019101700,3,10,11,4,8,46,2019,0
2019101700,3,6,22,4,14,38,2019,0
2019101700,3,5,10,4,1,24,2019,0
2019101700,4,13,44,4,1,34,2019,3
2019101700,4,12,14,4,16,31,2019,0
2019101700,4,10,12,4,10,32,2019,0
2019101700,4,3,26,4,12,33,2019,0
2019101700,4,1,17,4,5,27,2019,0
2019102000,1,3,16,4,25,15,2019,0
2019102000,2,0,58,4,15,35,2019,0
2019102000,2,0,32,4,19,36,2019,0
2019101308,2,8,52,4,20,49,2019,0
2019101311,1,12,58,4,9,45,2019,0
2019101311,1,11,12,4,11,20,2019,0
2019101311,1,0,52,4,12,42,2019,0
2019101700,3,3,44,4,8,27,2019,0
2019101700,3,0,58,4,7,49,2019,0
2019101308,2,6,47,4,11,10,2019,0
2019101308,3,11,26,4,25,10,2019,0
2019102000,3,4,38,4,11,31,2019,0
2019102000,3,2,27,4,10,28,2019,0
2019102002,1,6,45,4,23,10,2019,0
2019102002,1,3,37,4,12,1,2019,0
2019102002,2,12,4,4,8,14,2019,0
2019102002,2,2,20,4,2,47,2019,0
2019101311,3,6,49,4,2,38,2019,0
2019101311,3,3,10,4,1,46,2019,0
2019101311,4,4,7,4,9,40,2019,0
2019101700,1,2,47,4,26,9,2019,0
2019101700,2,15,0,4,4,45,2019,-7
2019101700,2,1,10,4,14,36,2019,0
2019101700,2,0,11,4,5,44,2019,0
2019102006,2,9,59,4,20,4,2019,0
2019102001,1,10,58,4,10,79,2019,0
2019102001,1,7,15,4,8,33,2019,0
2019102001,2,4,36,4,17,18,2019,0
2019102001,2,2,18,4,12,35,2019,0
2019101310,1,12,49,4,9,36,2019,0
2019101310,1,11,29,4,5,38,2019,0
2019101310,2,13,46,4,15,23,2019,0
2019101310,2,11,22,4,7,45,2019,0
2019101310,2,8,43,4,8,19,2019,0
2019101310,2,2,14,4,2,33,2019,0
2019101310,4,11,29,4,13,43,2019,0
2019102001,4,11,14,4,3,43,2019,0
2019102001,4,9,3,4,5,49,2019,0
2019102001,4,5,12,4,11,24,2019,0
2019102005,4,14,56,4,1,35,2019,4
2019102005,4,8,52,4,9,35,2019,0
2019102005,4,4,19,4,14,48,2019,0
2019102005,4,2,44,4,9,5,2019,-5
2019102005,4,1,49,4,9,21,2019,0
2019102006,1,3,10,4,17,33,2019,0
2019102006,3,13,9,4,9,26,2019,0
2019102006,3,11,23,4,6,40,2019,0
2019101400,2,4,45,4,18,43,2019,0
2019102006,4,4,29,4,2,46,2019,0
2019102002,4,5,18,4,7,33,2019,0
2019102003,1,10,46,4,1,33,2019,0
2019102003,2,11,0,4,4,33,2019,0
2019102003,3,7,40,4,2,33,2019,0
2019102003,3,6,35,4,7,24,2019,0
2019102001,4,4,9,4,6,40,2019,0
2019102002,1,8,52,4,4,7,2019,0
2019102002,3,5,26,4,21,14,2019,0
2019102005,2,13,10,4,1,45,2019,0
2019102007,2,4,6,4,1,72,2019,-1
2019102007,2,2,0,4,10,42,2019,0
2019102007,2,1,31,4,13,9,2019,0
2019102010,3,13,2,4,10,41,2019,0
2019102010,3,11,35,4,1,22,2019,0
2019102010,4,12,55,4,4,44,2019,0
2019102007,3,10,18,4,14,43,2019,0
2019102007,1,3,51,4,7,42,2019,0
2019102007,1,2,9,4,5,15,2019,0
2019102007,4,6,54,4,6,29,2019,0
2019102009,3,8,44,4,12,40,2019,0
2019102009,3,1,55,4,8,21,2019,0
2019102009,4,12,49,4,12,88,2019,0
2019102010,1,8,47,4,9,28,2019,0
2019102010,1,5,54,4,9,46,2019,0
2019102010,2,6,42,4,5,30,2019,0
2019102400,4,8,50,4,13,22,2019,0
2019102009,1,1,32,4,3,19,2019,0
2019102005,1,10,11,4,6,43,2019,0
2019102011,4,3,51,4,1,44,2019,0
2019102100,1,2,34,4,5,30,2019,0
2019102100,2,0,25,4,10,43,2019,0
2019102702,2,12,42,4,3,44,2019,0
2019102702,2,10,17,4,15,38,2019,0
2019102702,2,8,53,4,5,19,2019,0
2019102008,3,10,27,4,17,41,2019,0
2019102008,3,8,44,4,12,7,2019,0
2019102009,2,6,3,4,2,33,2019,0
2019102100,2,3,38,4,2,9,2019,0
2019102009,2,1,49,4,7,35,2019,0
2019102009,2,1,24,4,5,42,2019,0
2019102009,2,0,32,4,5,22,2019,0
2019102400,3,13,36,4,3,28,2019,0
2019102400,3,2,48,4,1,34,2019,0
2019102701,1,13,4,4,12,23,2019,0
2019102701,1,10,18,4,4,40,2019,0
2019102703,4,14,54,4,11,47,2019,0
2019102703,4,2,32,4,17,7,2019,0
2019102700,1,5,22,4,11,38,2019,0
2019102700,2,10,26,4,1,34,2019,11
2019102700,3,8,48,4,20,14,2019,0
2019102700,3,1,22,4,8,27,2019,0
2019102011,2,13,40,4,1,19,2019,0
2019102011,2,11,15,4,1,49,2019,9
2019102011,2,2,59,4,15,38,2019,0
2019102011,2,0,34,4,11,24,2019,0
2019102011,3,11,4,4,23,29,2019,0
2019102701,1,8,24,4,1,29,2019,0
2019102701,4,4,44,4,22,20,2019,0
2019102701,4,0,34,4,14,68,2019,0
2019102702,1,14,2,4,7,29,2019,0
2019102702,1,10,58,4,18,23,2019,0
2019102702,1,8,53,4,4,39,2019,0
2019102702,3,9,33,4,1,57,2019,8
2019102705,3,10,51,4,12,38,2019,0
2019102705,3,6,59,4,13,28,2019,0
2019102702,4,1,45,4,1,24,2019,0
2019102703,1,12,58,4,2,37,2019,0
2019102009,1,13,37,4,3,27,2019,0
2019102009,1,8,50,4,5,28,2019,0
2019102009,1,6,5,4,8,43,2019,0
2019102700,1,8,10,4,5,38,2019,0
2019102100,3,3,54,4,17,28,2019,0
2019102100,3,2,25,4,17,13,2019,0
2019102100,4,12,15,4,15,20,2019,0
2019102100,4,3,3,4,1,29,2019,0
2019102100,4,1,14,4,4,18,2019,0
2019102703,1,5,40,4,1,23,2019,0
2019102706,4,2,6,4,7,18,2019,0
2019102707,2,13,4,4,3,32,2019,0
2019102707,2,5,23,4,5,87,2019,0
2019102709,3,6,5,4,16,12,2019,0
2019102709,3,3,56,4,13,52,2019,0
2019102709,4,12,11,4,11,9,2019,0
2019102709,4,9,51,4,8,49,2019,0
2019102709,4,4,13,4,1,41,2019,0
2019102701,2,2,35,4,4,40,2019,0
2019102701,4,14,37,4,10,38,2019,0
2019102705,1,2,45,4,17,14,2019,0
2019102705,2,14,18,4,23,12,2019,0
2019102705,2,12,3,4,12,35,2019,0
2019102705,3,5,26,4,13,30,2019,0
2019102708,4,13,57,4,1,30,2019,0
2019102708,4,0,50,4,7,36,2019,0
2019102709,1,7,14,4,10,23,2019,0
2019102703,3,3,16,4,3,32,2019,0
2019102706,4,7,25,4,10,49,2019,27
2019102709,2,9,49,4,22,41,2019,0
2019102706,2,8,51,4,1,45,2019,3
2019102706,2,0,9,4,10,38,2019,0
2019102706,4,14,12,4,12,19,2019,0
2019102706,4,10,57,4,4,23,2019,0
2019102706,4,9,54,4,7,31,2019,0
2019102707,2,2,56,4,7,41,2019,0
2019102707,2,2,0,4,3,28,2019,0
2019102711,1,2,48,4,9,16,2019,0
2019102707,3,13,5,4,11,36,2019,0
2019102707,3,7,36,4,1,30,2019,0
2019102707,4,11,25,4,9,26,2019,0
2019102707,4,9,14,4,2,37,2019,0
2019102707,4,3,39,4,24,11,2019,0
2019102708,1,10,8,4,15,20,2019,0
2019102708,2,6,19,4,14,21,2019,0
2019102708,3,9,48,4,11,24,2019,0
2019102710,1,9,19,4,4,46,2019,0
2019102710,1,5,54,4,9,40,2019,0
2019102710,2,11,18,4,5,30,2019,0
2019102710,2,1,6,4,5,41,2019,0
2019102709,2,3,58,4,14,33,2019,0
2019102709,2,1,0,4,28,39,2019,0
2019102709,3,13,32,4,10,42,2019,0
2019102705,4,2,57,4,16,36,2019,0
2019102710,3,5,18,4,3,32,2019,0
2019102711,3,5,12,4,10,25,2019,0
2019102711,3,2,23,4,12,36,2019,0
2019102711,4,13,21,4,13,30,2019,0
2019102711,4,6,17,4,16,19,2019,-5
2019102712,1,7,16,4,1,34,2019,0
2019102712,1,5,26,4,23,5,2019,0
2019102712,2,8,12,4,17,37,2019,0
2019102712,2,4,6,4,3,46,2019,0
2019102708,1,1,46,4,11,48,2019,0
2019102712,3,10,12,4,19,41,2019,0
2019102712,4,5,13,4,3,40,2019,0
2019102800,1,14,13,4,8,25,2019,0
2019102800,2,12,27,4,18,39,2019,0
2019102710,4,3,51,4,8,18,2019,0
2019102711,1,13,36,4,9,42,2019,0
2019102711,1,12,36,4,3,27,2019,0
2019102711,2,11,22,4,10,13,2019,0
2019102800,4,7,38,4,12,25,2019,0
2019103100,1,9,55,4,3,30,2019,0
2019110300,1,5,37,4,4,39,2019,0
2019110300,1,2,37,4,3,26,2019,0
2019110300,2,14,18,4,8,43,2019,0
2019110300,3,2,57,4,7,38,2019,0
2019110303,1,0,52,4,1,29,2019,0
2019110303,2,13,35,4,1,45,2019,0
2019110300,4,8,20,4,7,34,2019,0
2019110301,1,12,25,4,2,33,2019,0
2019110301,1,6,19,4,6,44,2019,0
2019110303,1,14,44,4,10,25,2019,0
2019110303,1,13,24,4,3,35,2019,0
2019110303,1,11,45,4,1,27,2019,0
2019110303,2,3,6,4,15,20,2019,0
2019110303,2,1,54,4,16,20,2019,0
2019110305,4,10,23,4,11,25,2019,0
2019110305,4,8,48,4,9,48,2019,0
2019110308,2,2,43,4,23,23,2019,0
2019110308,2,1,53,4,12,25,2019,0
2019110308,3,13,40,4,19,16,2019,0
2019110303,3,10,19,4,2,36,2019,0
2019103100,1,7,16,4,20,43,2019,0
2019103100,1,5,46,4,2,41,2019,0
2019103100,1,4,39,4,5,14,2019,0
2019110301,4,1,21,4,4,44,2019,2
2019103100,2,12,39,4,26,20,2019,0
2019103100,2,5,6,4,10,36,2019,0
2019103100,3,12,0,4,16,35,2019,0
2019103100,3,3,40,4,13,22,2019,0
2019103100,4,5,36,4,3,40,2019,0
2019110303,3,3,39,4,14,32,2019,0
2019110304,2,4,46,4,10,25,2019,0
2019110304,3,0,16,4,4,31,2019,0
2019110301,3,7,27,4,2,45,2019,0
2019110301,3,4,30,4,16,20,2019,0
2019110301,4,14,52,4,9,26,2019,0
2019110302,1,12,12,4,7,39,2019,0
2019110302,1,3,58,4,3,33,2019,0
2019110302,2,10,45,4,6,46,2019,0
2019110302,2,7,16,4,8,27,2019,0
2019110302,3,9,10,4,4,36,2019,0
2019110302,3,3,35,4,15,10,2019,0
2019110302,4,4,32,4,3,46,2019,7
2019110308,1,6,25,4,6,29,2019,0
2019110308,1,5,38,4,6,36,2019,0
2019110304,4,11,49,4,21,43,2019,0
2019110304,4,9,35,4,8,17,2019,0
2019110304,4,1,55,4,1,17,2019,8
2019110305,1,13,29,4,9,28,2019,0
2019110305,1,5,45,4,12,23,2019,0
2019110305,2,13,25,4,5,90,2019,0
2019110305,2,10,26,4,16,19,2019,0
2019110305,2,4,46,4,12,18,2019,0
2019110305,2,3,14,4,22,25,2019,0
2019110305,2,2,13,4,21,25,2019,0
2019110305,2,1,14,4,4,41,2019,0
2019110305,2,0,34,4,4,41,2019,0
2019110305,3,4,11,4,10,36,2019,0
2019110305,3,1,10,4,9,12,2019,0
2019110301,4,8,11,4,4,28,2019,0
2019110301,4,6,2,4,19,4,2019,0
2019110303,4,7,58,4,27,24,2019,0
2019110303,4,6,41,4,10,28,2019,0
2019110303,4,1,55,4,17,18,2019,0
2019110304,1,8,5,4,12,6,2019,0
2019110304,2,11,38,4,17,41,2019,0
2019110308,4,12,16,4,2,32,2019,0
2019110308,4,8,22,4,4,96,2019,0
2019110308,4,5,27,4,6,73,2019,0
2019110308,4,2,0,4,5,65,2019,5
2019110309,1,13,35,4,3,32,2019,0
2019110309,1,11,10,4,6,33,2019,0
2019110310,3,13,28,4,8,25,2019,0
2019110310,3,7,23,4,16,19,2019,0
2019110311,1,8,0,4,10,25,2019,0
2019110311,1,0,52,4,16,29,2019,0
2019110311,2,12,50,4,1,40,2019,0
2019110310,1,4,28,4,17,18,2019,0
2019110310,2,12,47,4,17,35,2019,0
2019110310,2,9,57,4,3,44,2019,0
2019110306,4,13,29,4,5,32,2019,0
2019110306,4,4,7,4,16,36,2019,0
2019110306,4,2,35,4,8,37,2019,0
2019110311,2,10,35,4,6,29,2019,0
2019110311,2,7,29,4,9,63,2019,0
2019110311,2,1,51,4,6,34,2019,0
2019110311,4,1,15,4,13,35,2019,0
2019111000,2,7,42,4,13,8,2019,0
2019111000,2,3,21,4,1,29,2019,2
2019111000,3,3,32,4,13,58,2019,0
2019111000,3,2,3,4,2,20,2019,0
2019111000,3,0,5,4,3,39,2019,0
2019111000,4,10,49,4,20,48,2019,0
2019111000,4,9,49,4,11,11,2019,0
2019111000,4,7,23,4,3,36,2019,0
2019111001,1,11,29,4,6,30,2019,0
2019110309,4,7,30,4,11,45,2019,0
2019110309,1,1,54,4,17,43,2019,0
2019110309,1,0,22,4,14,9,2019,0
2019110309,3,13,42,4,1,34,2019,0
2019110309,3,11,43,4,11,19,2019,0
2019110400,1,6,47,4,11,25,2019,0
2019110400,3,8,39,4,2,34,2019,0
2019110400,4,5,50,4,16,15,2019,0
2019111000,1,6,44,4,3,30,2019,0
2019111000,2,14,48,4,9,22,2019,0
2019111000,2,13,14,4,1,48,2019,0
2019111000,2,11,28,4,6,8,2019,0
2019111000,2,9,13,4,18,48,2019,0
2019111002,1,1,50,4,4,9,2019,0
2019111002,2,15,0,4,2,35,2019,0
2019111004,3,12,20,4,8,42,2019,0
2019111004,3,9,35,4,20,17,2019,0
2019111004,4,12,40,4,19,37,2019,0
2019111001,2,6,40,4,1,49,2019,3
2019111001,4,1,14,4,9,26,2019,0
2019111004,4,5,31,4,5,41,2019,-7
2019111005,1,5,52,4,20,8,2019,0
2019111005,2,9,39,4,20,21,2019,0
2019111005,2,3,43,4,8,19,2019,0
2019111002,3,8,57,4,3,38,2019,0
2019111002,4,13,34,4,9,37,2019,0
2019111002,4,11,32,4,6,40,2019,0
2019111002,4,9,23,4,13,24,2019,0
2019111003,1,9,59,4,3,17,2019,0
2019111007,2,12,5,4,10,47,2019,0
2019111003,4,6,41,4,19,16,2019,0
2019111004,2,9,28,4,9,21,2019,0
2019111008,3,14,12,4,8,27,2019,0
2019111008,3,12,26,4,28,16,2019,0
2019111005,3,10,29,4,11,24,2019,0
2019111005,3,1,1,4,18,17,2019,0
2019111005,4,12,12,4,2,44,2019,0
2019111005,4,4,57,4,15,25,2019,0
2019111005,4,4,23,4,1,36,2019,0
2019111005,4,2,51,4,19,3,2019,0
2019111005,4,0,28,4,13,47,2019,0
2019111006,2,7,54,4,21,14,2019,0
2019111006,2,6,18,4,3,44,2019,0
2019111006,2,5,24,4,6,11,2019,0
2019111006,2,4,26,4,5,44,2019,0
2019111003,2,13,28,4,12,23,2019,0
2019111006,3,5,12,4,12,36,2019,0
2019111006,3,3,26,4,10,39,2019,0
2019111006,4,8,39,4,10,36,2019,26
2019111009,4,14,52,4,7,28,2019,0
2019111009,4,12,59,4,2,38,2019,0
2019111009,4,10,57,4,4,38,2019,0
2019111009,4,8,55,4,1,34,2019,6
2019111009,4,1,10,4,13,27,2019,0
2019111010,2,10,51,4,14,16,2019,0
2019111010,2,6,45,4,7,30,2019,0
2019111004,2,3,0,4,14,32,2019,0
2019111005,2,2,0,4,1,39,2019,0
2019111007,2,0,24,4,4,40,2019,0
2019111007,3,12,45,4,6,17,2019,0
2019111008,1,5,18,4,6,29,2019,0
2019111008,2,7,4,4,12,14,2019,0
2019111008,2,1,36,4,10,25,2019,0
2019111008,2,0,26,4,11,32,2019,0
2019111008,3,5,54,4,6,29,2019,0
2019111100,5,1,57,4,2,45,2019,0
2019111100,5,1,36,4,10,20,2019,0
2019111400,1,13,30,4,10,22,2019,0
2019111009,1,13,16,4,9,24,2019,0
2019111009,1,10,54,4,15,26,2019,0
2019111009,1,4,54,4,6,42,2019,0
2019111009,2,9,36,4,8,45,2019,0
2019111009,2,5,40,4,7,28,2019,0
2019111009,2,2,39,4,15,45,2019,0
2019111009,2,1,31,4,10,25,2019,0
2019111009,2,1,9,4,5,25,2019,0
2019111009,2,0,3,4,7,62,2019,0
2019111009,3,9,45,4,18,39,2019,0
2019111007,4,14,9,4,13,37,2019,0
2019111700,2,6,47,4,15,38,2019,0
2019111700,2,1,14,4,1,47,2019,9
2019111700,4,2,36,4,5,35,2019,-10
2019111703,2,1,4,4,12,23,2019,0
2019111703,3,0,18,4,5,30,2019,0
2019111703,4,9,15,4,7,41,2019,0
2019111701,1,5,7,4,16,22,2019,0
2019111701,1,1,18,4,19,21,2019,0
2019111701,4,2,0,4,3,21,2019,0
2019111701,4,0,20,4,15,30,2019,0
2019111702,1,1,28,4,6,29,2019,0
2019111702,2,12,43,4,15,20,2019,0
2019111705,1,2,34,4,21,21,2019,0
2019111705,2,8,37,4,14,32,2019,0
2019111705,2,3,13,4,9,47,2019,0
2019111705,2,0,9,4,17,40,2019,0
2019111705,3,13,13,4,1,45,2019,1
2019111705,3,3,2,4,1,34,2019,2
2019111702,2,11,17,4,9,27,2019,0
2019111702,2,1,56,4,9,31,2019,0
2019111700,3,9,50,4,23,27,2019,0
2019111010,4,0,24,4,14,10,2019,0
2019111100,1,6,24,4,9,26,2019,0
2019111100,1,0,40,4,6,33,2019,0
2019111100,2,13,38,4,3,33,2019,0
2019111400,1,1,36,4,1,43,2019,0
2019111400,1,0,40,4,4,29,2019,0
2019111400,2,14,4,4,12,20,2019,0
2019111702,1,11,37,4,9,15,2019,0
2019111702,1,10,1,4,4,36,2019,0
2019111400,2,5,39,4,4,52,2019,0
2019111400,2,1,4,4,34,48,2019,0
2019111400,3,11,23,4,9,41,2019,0
2019111400,4,11,25,4,5,38,2019,0
2019111400,4,10,24,4,2,20,2019,0
2019111400,4,0,8,4,18,28,2019,-4
2019111702,4,2,7,4,31,47,2019,0
2019111703,1,11,39,4,10,43,2019,0
2019111703,1,10,6,4,10,7,2019,0
2019111703,2,12,47,4,17,30,2019,0
2019111703,2,6,19,4,1,34,2019,0
2019111703,2,4,1,4,6,24,2019,0
2019111703,2,3,14,4,7,37,2019,0
2019111704,1,9,59,4,8,11,2019,0
2019111704,1,0,29,4,14,39,2019,0
2019111704,2,11,14,4,9,25,2019,0
2019111704,2,6,36,4,9,38,2019,0
2019111704,2,5,44,4,11,17,2019,0
2019111704,2,0,55,4,7,28,2019,0
2019111100,2,7,18,4,3,44,2019,0
2019111100,2,3,48,4,1,41,2019,0
2019111100,2,1,59,4,14,21,2019,0
2019111100,4,14,14,4,11,35,2019,0
2019111100,4,10,31,4,3,32,2019,0
2019111701,2,3,7,4,16,20,2019,0
2019111701,3,5,2,4,1,34,2019,-1
2019111704,3,11,56,4,22,23,2019,0
2019111705,1,9,12,4,11,19,2019,0
2019111705,4,11,5,4,6,29,2019,0
2019111708,1,1,20,4,11,40,2019,0
2019111708,2,14,14,4,18,7,2019,0
2019111706,1,8,1,4,4,31,2019,0
2019111706,2,12,7,4,15,40,2019,0
2019111706,2,1,46,4,18,17,2019,0
2019111100,3,7,14,4,9,48,2019,0
2019111707,1,9,20,4,15,36,2019,0
2019111707,1,4,36,4,10,14,2019,0
2019111707,2,11,54,4,19,12,2019,0
2019111707,2,2,29,4,17,38,2019,0
2019111707,2,1,31,4,1,34,2019,0
2019111707,3,2,51,4,19,22,2019,0
2019111707,3,1,21,4,1,49,2019,3
2019111707,4,4,17,4,10,39,2019,0
2019111707,4,3,14,4,7,6,2019,0
2019111704,3,4,51,4,13,34,2019,0
2019111704,3,3,29,4,3,19,2019,0
2019111704,4,5,26,4,2,42,2019,45
2019111704,4,2,9,4,3,11,2019,0
2019111705,1,10,10,4,1,34,2019,0
2019111708,1,9,19,4,5,30,2019,0
2019111708,2,4,54,4,7,39,2019,0
2019111800,2,11,43,4,3,38,2019,0
2019111706,4,14,54,4,17,33,2019,0
2019111706,4,11,56,4,11,41,2019,0
2019111710,1,7,18,4,7,40,2019,0
2019111710,2,6,54,4,17,15,2019,0
2019111710,2,0,14,4,12,46,2019,0
2019111710,3,9,25,4,4,32,2019,0
2019111710,3,8,26,4,5,26,2019,0
2019111710,3,5,10,4,23,24,2019,0
2019111710,3,1,44,4,8,5,2019,0
2019111710,4,12,54,4,2,39,2019,0
2019111710,4,0,46,4,2,34,2019,0
2019112100,3,1,19,4,4,34,2019,0
2019111710,4,10,14,4,11,41,2019,0
2019111710,4,8,29,4,8,39,2019,0
2019111710,4,4,17,4,4,39,2019,0
2019111708,3,9,45,4,14,21,2019,0
2019111708,4,2,22,4,16,19,2019,0
2019112100,4,10,17,4,4,47,2019,0
2019112100,4,7,35,4,6,40,2019,0
2019112401,2,5,10,4,16,36,2019,0
2019112401,3,4,7,4,3,20,2019,0
2019112401,3,2,37,4,2,50,2019,0
2019112401,3,1,2,4,13,15,2019,0
2019112401,4,12,6,4,19,2,2019,0
2019112401,4,10,18,4,3,35,2019,0
2019111800,3,8,25,4,13,19,2019,0
2019111800,4,14,50,4,7,40,2019,0
2019111800,4,12,26,4,6,36,2019,0
2019111710,1,12,15,4,7,40,2019,0
2019111710,1,10,27,4,9,22,2019,0
2019111800,4,6,18,4,4,14,2019,0
2019111800,4,4,40,4,3,49,2019,0
2019112400,2,14,16,4,2,33,2019,0
2019112403,2,13,29,4,20,15,2019,0
2019112403,2,10,58,4,1,49,2019,0
2019112403,2,8,44,4,11,9,2019,0
2019112403,2,0,51,4,13,34,2019,0
2019112403,2,0,21,4,2,43,2019,0
2019112403,3,13,38,4,13,22,2019,0
2019112403,3,12,48,4,9,40,2019,0
2019112400,2,11,38,4,28,8,2019,0
2019112400,2,4,57,4,18,38,2019,0
2019112400,2,0,20,4,3,32,2019,0
2019112400,3,7,48,4,2,19,2019,0
2019111711,2,10,14,4,5,30,2019,0
2019111711,2,7,55,4,1,31,2019,0
2019111711,3,13,10,4,1,37,2019,0
2019111711,3,5,0,4,2,33,2019,0
2019111711,3,2,55,4,4,26,2019,0
2019111711,3,0,38,4,6,24,2019,0
2019111711,4,14,16,4,10,31,2019,0
2019111711,4,11,32,4,5,36,2019,0
2019111711,4,9,20,4,15,16,2019,0
2019111711,4,7,50,4,1,26,2019,0
2019111800,1,7,49,4,20,29,2019,0
2019112404,4,9,55,4,9,41,2019,0
2019112407,2,10,35,4,7,14,2019,0
2019112407,2,1,16,4,2,13,2019,0
2019112407,2,0,19,4,10,69,2019,0
2019112407,3,8,56,4,7,44,2019,0
2019112407,3,3,0,4,11,38,2019,0
2019112407,3,1,24,4,22,9,2019,0
2019112402,1,11,38,4,2,16,2019,0
2019112402,1,8,40,4,3,47,2019,0
2019112402,2,14,55,4,7,36,2019,0
2019112402,2,11,11,4,18,8,2019,0
2019112402,2,6,54,4,17,18,2019,0
2019112402,2,4,25,4,7,35,2019,0
2019111800,4,1,25,4,4,15,2019,10
2019112100,1,6,40,4,10,42,2019,0
2019112100,1,3,24,4,2,19,2019,0
2019112402,3,10,1,4,3,32,2019,0
2019112402,4,3,48,4,2,33,2019,0
2019112402,4,2,55,4,4,12,2019,17
2019112403,1,11,46,4,2,46,2019,0
2019112403,1,9,27,4,2,10,2019,0
2019112403,1,7,3,4,9,31,2019,0
2019112403,3,3,34,4,9,26,2019,0
2019112403,3,2,34,4,9,41,2019,0
2019112403,3,0,19,4,2,38,2019,0
2019112400,4,6,46,4,10,38,2019,0
2019112400,4,5,59,4,14,15,2019,0
2019112401,2,14,10,4,13,40,2019,0
2019112401,4,7,15,4,10,10,2019,0
2019112403,4,14,27,4,3,22,2019,0
2019112403,4,5,20,4,10,7,2019,0
2019112404,1,8,50,4,17,33,2019,0
2019112404,1,5,46,4,21,35,2019,0
2019112404,1,4,52,4,9,19,2019,0
2019112404,2,14,15,4,7,42,2019,3
2019112404,3,14,16,4,6,29,2019,0
2019112402,3,3,47,4,9,19,2019,0
2019112402,4,13,4,4,4,56,2019,1
2019112405,2,6,41,4,10,25,2019,0
2019112405,3,14,9,4,6,29,2019,0
2019112405,4,14,19,4,8,46,2019,0
2019112405,4,13,36,4,10,20,2019,0
2019112405,4,6,47,4,1,45,2019,-2
2019112407,4,9,3,4,17,28,2019,0
2019112410,2,15,0,4,13,34,2019,0
2019112407,4,7,41,4,17,15,2019,0
2019112407,4,5,43,4,7,30,2019,0
2019112409,1,13,48,4,1,34,2019,0
2019112409,1,11,22,4,8,49,2019,0
2019112411,3,1,18,4,14,44,2019,0
2019112409,1,1,45,4,12,30,2019,0
2019112409,3,13,17,4,4,42,2019,0
2019112409,3,12,22,4,7,23,2019,0
2019112408,4,4,20,4,3,18,2019,-4
2019112405,1,9,15,4,7,28,2019,0
2019112405,1,6,50,4,11,22,2019,0
2019112409,3,8,48,4,17,42,2019,0
2019112409,3,6,29,4,1,37,2019,0
2019112409,3,4,58,4,3,35,2019,0
2019112409,3,0,41,4,23,30,2019,0
2019112410,1,11,39,4,4,31,2019,0
2019112410,1,7,5,4,9,13,2019,0
2019112410,1,1,25,4,13,22,2019,0
2019112410,2,9,18,4,25,13,2019,0
2019112410,2,6,21,4,8,34,2019,0
2019112800,1,1,49,4,8,17,2019,0
2019112800,3,13,59,4,6,29,2019,0
2019112800,3,9,27,4,11,40,2019,0
2019112408,1,4,4,4,7,9,2019,0
2019112408,2,10,51,4,4,33,2019,0
2019112408,2,1,18,4,5,30,2019,0
2019112408,2,0,22,4,8,38,2019,0
2019112408,3,10,59,4,6,21,2019,0
2019112408,3,8,31,4,2,38,2019,0
2019112800,4,8,48,4,14,21,2019,0
2019112800,4,6,48,4,5,39,2019,0
2019112411,1,13,33,4,7,40,2019,0
2019112411,1,11,58,4,16,16,2019,0
2019112411,2,5,11,4,12,23,2019,0
2019112411,2,3,3,4,13,39,2019,0
2019112411,2,1,56,4,5,20,2019,0
2019112411,3,11,40,4,11,40,2019,0
2019112802,1,4,57,4,5,22,2019,0
2019112802,2,13,38,4,2,10,2019,0
2019112500,1,13,45,4,8,27,2019,0
2019112500,1,5,35,4,12,23,2019,0
2019112500,3,8,56,4,7,28,2019,0
2019112500,4,10,32,4,1,45,2019,1
2019112500,4,5,8,4,11,24,2019,0
2019112500,4,3,22,4,5,42,2019,0
2019112500,4,1,53,4,8,32,2019,38
2019112800,1,9,37,4,4,31,2019,0
2019112410,2,2,2,4,6,29,2019,0
2019112410,2,0,33,4,17,19,2019,0
2019112410,3,12,36,4,23,12,2019,0
2019120101,2,2,0,4,15,30,2019,0
2019120101,3,7,45,4,9,26,2019,0
2019120101,3,6,48,4,5,40,2019,0
2019120101,3,1,1,4,11,21,2019,0
2019112801,1,7,31,4,3,37,2019,0
2019112801,2,15,0,4,1,19,2019,2
2019112801,2,11,55,4,6,45,2019,0
2019120102,1,6,51,4,4,49,2019,0
2019120102,1,4,50,4,10,20,2019,0
2019120102,2,14,19,4,13,5,2019,0
2019120102,3,9,6,4,20,28,2019,0
2019120102,3,0,58,4,10,25,2019,0
2019120102,4,15,0,4,8,45,2019,0
2019120102,4,13,1,4,14,5,2019,0
2019120102,4,11,20,4,4,46,2019,0
2019120102,4,3,47,4,9,47,2019,0
2019120100,4,12,34,4,10,32,2019,0
2019120100,4,4,39,4,1,44,2019,3
2019120101,1,8,39,4,21,14,2019,0
2019120101,2,15,0,4,22,25,2019,0
2019120101,2,10,29,4,4,36,2019,0
2019120101,2,8,46,4,15,25,2019,0
2019120101,2,7,42,4,14,19,2019,0
2019120104,4,5,2,4,11,2,2019,0
2019120104,4,3,26,4,21,19,2019,5
2019120106,2,4,44,4,1,99,2019,1
2019120106,4,14,52,4,14,46,2019,0
2019120106,4,9,36,4,4,31,2019,0
2019120106,4,0,15,4,6,41,2019,0
2019112801,4,5,36,4,6,37,2019,0
2019112802,1,13,11,4,13,22,2019,0
2019120103,2,4,5,4,18,17,2019,0
2019120103,2,2,0,4,12,39,2019,0
2019120103,2,0,26,4,12,46,2019,0
2019120103,3,3,6,4,7,28,2019,0
2019120103,3,0,54,4,4,34,2019,0
2019120103,4,13,40,4,10,29,2019,0
2019120104,2,6,26,4,11,24,2019,0
2019120104,2,3,30,4,7,48,2019,0
2019120104,2,2,36,4,13,8,2019,0
2019120104,2,0,36,4,10,25,2019,0
2019120104,3,12,59,4,9,26,2019,0
2019120104,3,10,42,4,1,49,2019,2
2019112802,4,2,43,4,14,37,2019,14
2019120100,1,9,8,4,10,43,2019,0
2019120100,1,4,24,4,1,39,2019,0
2019120100,3,1,43,4,11,37,2019,0
2019120101,4,7,39,4,16,19,2019,0
2019120101,4,3,45,4,10,49,2019,15
2019112802,3,12,52,4,5,24,2019,0
2019112802,3,10,53,4,15,29,2019,0
2019120103,2,12,36,4,12,59,2019,0
2019120107,2,0,48,4,5,42,2019,0
2019120110,2,2,0,4,6,24,2019,0
2019120107,3,12,2,4,13,44,2019,0
2019120107,4,4,29,4,7,48,2019,0
2019120108,1,9,3,4,5,30,2019,0
2019120108,1,3,27,4,17,47,2019,0
2019120104,4,11,32,4,13,22,2019,0
2019112802,3,1,5,4,21,40,2019,0
2019120107,2,9,11,4,1,49,2019,2
2019120106,1,11,30,4,14,21,2019,0
2019120106,1,8,32,4,15,35,2019,0
2019120106,1,5,55,4,7,44,2019,0
2019120108,3,4,34,4,13,48,2019,0
2019120108,3,3,32,4,9,12,2019,0
2019120108,2,7,31,4,10,36,2019,0
2019120108,2,6,3,4,2,33,2019,0
2019120108,4,6,40,4,5,25,2019,0
2019120108,4,5,38,4,1,45,2019,2
2019120108,4,0,30,4,18,20,2019,0
2019120109,1,13,38,4,1,34,2019,0
2019120109,1,10,37,4,9,43,2019,0
2019120109,2,9,31,4,6,88,2019,0
2019120109,2,7,54,4,5,30,2019,0
2019120109,2,2,32,4,3,46,2019,0
2019120109,2,1,5,4,6,26,2019,0
2019120109,3,2,6,4,14,33,2019,0
2019120109,4,15,0,4,7,17,2019,0
2019120109,4,2,22,4,11,24,2019,38
2019120110,1,5,17,4,19,32,2019,0
2019120110,1,1,7,4,6,41,2019,0
2019120110,2,13,29,4,8,28,2019,0
2019120110,4,12,17,4,8,20,2019,0
2019120110,4,10,29,4,3,46,2019,0
2019120500,4,12,54,4,22,13,2019,0
2019120800,1,9,25,4,6,24,2019,0
2019120800,2,7,31,4,19,26,2019,0
2019120800,2,2,47,4,3,48,2019,0
2019120110,4,1,52,4,6,47,2019,0
2019120111,1,14,12,4,10,25,2019,0
2019120108,2,2,0,4,13,22,2019,0
2019120108,3,12,12,4,8,49,2019,0
2019120108,4,12,40,4,2,28,2019,6
2019120200,1,11,50,4,1,47,2019,0
2019120111,1,2,58,4,12,46,2019,0
2019120111,2,13,23,4,6,45,2019,0
2019120200,2,11,45,4,7,43,2019,0
2019120200,2,9,59,4,1,30,2019,0
2019120801,3,7,59,4,3,46,2019,0
2019120801,3,6,7,4,3,19,2019,0
2019120801,3,3,3,4,13,46,2019,0
2019120801,3,2,3,4,5,25,2019,0
2019120801,3,0,31,4,1,41,2019,0
2019120801,4,15,0,4,10,22,2019,0
2019120801,4,5,40,4,3,32,2019,0
2019120802,2,5,7,4,8,20,2019,0
2019120802,2,4,3,4,15,49,2019,0
2019120500,3,7,59,4,10,28,2019,0
2019120500,3,6,26,4,8,35,2019,0
2019120500,3,4,31,4,10,16,2019,0
2019120802,2,1,11,4,5,13,2019,0
2019120200,3,3,7,4,4,44,2019,0
2019120200,4,11,18,4,3,32,2019,0
2019120200,4,3,34,4,4,45,2019,0
2019120500,2,11,25,4,9,26,2019,0
2019120806,2,4,25,4,7,28,2019,0
2019120111,2,2,35,4,11,48,2019,0
2019120111,2,1,12,4,4,16,2019,0
2019120111,3,12,45,4,16,24,2019,0
2019120111,3,10,55,4,4,37,2019,0
2019120800,3,2,54,4,11,31,2019,0
2019120800,3,1,56,4,10,30,2019,0
2019120801,1,13,39,4,4,33,2019,0
2019120801,1,9,26,4,12,10,2019,0
2019120801,1,4,7,4,10,27,2019,0
2019120801,1,1,40,4,16,27,2019,0
2019120801,2,2,6,4,6,10,2019,0
2019120805,2,10,5,4,2,21,2019,0
2019120805,3,13,43,4,10,30,2019,0
2019120805,3,12,21,4,2,26,2019,0
2019120805,3,10,38,4,7,35,2019,0
2019120805,3,8,17,4,5,24,2019,0
2019120805,3,5,7,4,10,45,2019,0
2019120803,3,8,9,4,19,16,2019,0
2019120803,4,13,30,4,9,36,2019,0
2019120804,1,0,40,4,14,41,2019,0
2019120807,3,0,46,4,10,14,2019,0
2019120807,4,9,27,4,6,27,2019,0
2019120804,4,10,34,4,24,11,2019,0
2019120804,4,8,35,4,18,42,2019,19
2019120804,4,4,4,4,10,40,2019,0
2019120805,1,14,18,4,16,19,2019,0
2019120805,1,10,38,4,2,33,2019,0
2019120805,1,1,52,4,22,46,2019,0
2019120805,4,10,9,4,12,48,2019,0
2019120806,1,2,40,4,21,14,2019,0
2019120803,1,12,59,4,20,15,2019,0
2019120803,1,7,39,4,5,13,2019,0
2019120803,1,3,51,4,1,21,2019,0
2019120806,3,10,41,4,4,31,2019,0
2019120806,4,0,39,4,2,33,2019,39
2019120810,3,13,39,4,1,21,2019,0
2019120810,3,11,32,4,8,41,2019,0
2019120808,3,9,47,4,8,45,2019,0
2019120808,3,1,51,4,1,34,2019,0
2019120809,2,15,0,4,26,29,2019,0
2019120809,2,11,40,4,7,34,2019,0
2019120811,4,10,30,4,5,23,2019,0
2019120811,4,5,11,4,6,22,2019,0
2019120809,1,4,19,4,1,34,2019,0
2019120806,3,3,6,4,18,17,2019,0
2019120809,2,1,59,4,11,42,2019,0
2019120809,2,1,19,4,3,32,2019,0
2019120809,3,11,44,4,1,39,2019,2
2019120809,3,9,19,4,3,48,2019,9
2019120809,4,15,0,4,1,39,2019,-1
2019120809,4,10,31,4,10,25,2019,0
2019120809,4,9,29,4,6,28,2019,0
2019120810,1,12,32,4,17,28,2019,0
2019120810,1,3,13,4,5,25,2019,0
2019120810,1,0,52,4,15,13,2019,0
2019120808,1,1,24,4,10,25,2019,0
2019120808,2,14,56,4,11,24,2019,0
2019120808,2,12,47,4,10,21,2019,0
2019120811,2,2,58,4,10,22,2019,0
2019120811,3,7,28,4,15,19,2019,0
2019120811,3,5,19,4,19,35,2019,0
2019121200,3,13,31,4,3,32,2019,0
2019121200,3,11,53,4,2,40,2019,0
2019121200,3,8,28,4,1,41,2019,0
2019121200,3,4,7,4,7,29,2019,0
2019121200,3,2,28,4,1,29,2019,36
2019121200,4,14,17,4,3,40,2019,0
2019121200,4,12,13,4,8,28,2019,0
2019121500,2,8,46,4,18,17,2019,0
2019121500,2,2,0,4,4,45,2019,0
2019121500,2,1,38,4,15,5,2019,0
2019121502,4,11,40,4,1,45,2019,2
2019121503,1,11,36,4,5,36,2019,0
2019121503,1,9,9,4,5,46,2019,0
2019121503,1,7,4,4,19,16,2019,0
2019121503,1,3,6,4,5,42,2019,0
2019120900,1,10,59,4,25,22,2019,0
2019120900,1,9,22,4,7,21,2019,0
2019120900,1,3,8,4,5,21,2019,0
2019120813,1,3,5,4,1,34,2019,0
2019120813,3,8,23,4,6,7,2019,0
2019120813,3,2,4,4,18,48,2019,0
2019120813,3,1,10,4,9,19,2019,0
2019120813,4,14,56,4,8,38,2019,0
2019120813,4,4,43,4,7,20,2019,0
2019120813,4,3,6,4,18,10,2019,23
2019120900,2,4,0,4,5,33,2019,0
2019120900,2,2,49,4,9,6,2019,0
2019120900,2,1,56,4,3,48,2019,0
2019121501,4,12,21,4,3,30,2019,0
2019121501,4,5,11,4,10,23,2019,0
2019121501,4,4,13,4,3,35,2019,0
2019121200,4,5,26,4,13,35,2019,0
2019121500,1,9,50,4,3,32,2019,0
2019121503,3,6,56,4,2,33,2019,0
2019121503,3,3,43,4,7,38,2019,0
2019121503,4,13,20,4,5,30,2019,0
2019121503,4,7,18,4,13,22,2019,0
2019121503,4,0,44,4,11,48,2019,0
2019121504,1,4,52,4,14,43,2019,0
2019121504,2,11,57,4,10,25,2019,0
2019120900,2,0,11,4,4,31,2019,0
2019120900,3,13,41,4,20,15,2019,0
2019120900,3,12,11,4,9,48,2019,0
2019120813,2,6,4,4,3,31,2019,0
2019120813,2,4,15,4,7,23,2019,0
2019120900,3,9,49,4,4,30,2019,0
2019120900,3,8,17,4,13,41,2019,0
2019120900,3,7,17,4,5,16,2019,0
2019121200,2,1,15,4,4,13,2019,0
2019121505,3,4,24,4,10,25,2019,0
2019121505,4,8,44,4,3,36,2019,0
2019121505,4,0,59,4,12,30,2019,0
2019121506,1,12,21,4,4,38,2019,0
2019121506,1,6,16,4,4,41,2019,0
2019121506,1,3,56,4,10,18,2019,0
2019121502,1,5,46,4,6,37,2019,0
2019121502,1,1,45,4,13,22,2019,0
2019121502,2,12,47,4,9,14,2019,0
2019121502,2,1,21,4,22,26,2019,0
2019121502,2,0,39,4,5,41,2019,0
2019121502,3,3,1,4,9,47,2019,0
2019121500,4,13,47,4,5,41,2019,0
2019121500,4,4,35,4,5,40,2019,0
2019121501,1,5,21,4,8,22,2019,0
2019121501,2,2,15,4,7,28,2019,0
2019121501,2,1,45,4,16,34,2019,0
2019121501,3,6,1,4,2,33,2019,0
2019121501,3,4,8,4,2,32,2019,0
2019121504,2,3,46,4,1,48,2019,43
2019120900,4,14,55,4,5,41,2019,0
2019120900,4,8,22,4,15,32,2019,0
2019120900,4,4,54,4,1,29,2019,2
2019120900,4,1,32,4,3,32,2019,0
2019120900,4,0,19,4,1,45,2019,0
2019121200,1,13,36,4,5,36,2019,0
2019121504,4,8,5,4,6,46,2019,0
2019121505,1,7,6,4,26,31,2019,0
2019121505,3,6,44,4,3,42,2019,0
2019121509,4,1,53,4,6,88,2019,11
2019121506,3,6,55,4,16,25,2019,0
2019121506,3,4,54,4,13,33,2019,0
2019121506,4,10,11,4,8,27,2019,0
2019121506,4,7,37,4,10,24,2019,0
2019121506,4,5,21,4,4,29,2019,0
2019121506,4,1,40,4,4,26,2019,0
2019121507,4,8,59,4,11,41,2019,0
2019121504,3,8,5,4,5,43,2019,0
2019121507,1,5,12,4,5,40,2019,0
2019121507,1,4,17,4,6,20,2019,0
2019121507,1,1,57,4,14,24,2019,0
2019121509,1,0,33,4,8,17,2019,0
2019121509,3,6,26,4,7,38,2019,0
2019121509,3,4,54,4,7,26,2019,0
2019121513,1,2,22,4,6,49,2019,0
2019122200,2,13,40,4,1,43,2019,0
2019122200,2,11,10,4,15,15,2019,0
2019122200,2,5,12,4,9,26,2019,0
2019121511,1,11,2,4,3,31,2019,0
2019121507,2,7,56,4,6,29,2019,0
2019121513,4,4,27,4,7,39,2019,0
2019121600,1,11,11,4,19,39,2019,0
2019121600,2,12,27,4,10,25,2019,0
2019121600,2,3,11,4,15,42,2019,0
2019121600,4,14,20,4,5,30,2019,0
2019121600,4,12,28,4,10,38,2019,0
2019121600,4,9,47,4,13,36,2019,0
2019121600,4,7,25,4,2,40,2019,0
2019121508,2,6,35,4,10,29,2019,0
2019121508,2,5,11,4,4,41,2019,0
2019121508,2,0,49,4,5,49,2019,0
2019121508,3,13,40,4,3,32,2019,0
2019121508,3,12,3,4,5,16,2019,0
2019121511,1,8,16,4,14,45,2019,0
2019121512,1,12,9,4,4,41,2019,0
2019121512,1,10,40,4,15,15,2019,0
2019121512,1,8,45,4,14,48,2019,0
2019121512,2,6,22,4,5,30,2019,0
2019121512,3,12,49,4,5,48,2019,0
2019121512,3,9,21,4,19,10,2019,0
2019121512,3,2,45,4,13,20,2019,0
2019121512,4,13,52,4,18,40,2019,0
2019122200,3,1,1,4,1,49,2019,6
2019122200,4,11,7,4,9,39,2019,0
2019121513,3,11,20,4,20,15,2019,0
2019121513,3,1,54,4,2,65,2019,24
2019122200,1,8,6,4,7,28,2019,0
2019122200,1,6,5,4,10,27,2019,0
2019122206,2,9,13,4,4,30,2019,0
2019122206,2,6,55,4,12,19,2019,0
2019122206,2,2,0,4,9,20,2019,0
2019122205,1,6,56,4,4,42,2019,0
2019122205,1,0,43,4,8,34,2019,0
2019122205,2,12,55,4,4,38,2019,7
2019121511,2,10,6,4,5,30,2019,0
2019121511,3,9,55,4,20,15,2019,0
2019121511,3,7,55,4,5,37,2019,0
2019121511,4,13,52,4,15,20,2019,0
2019122205,2,1,58,4,17,4,2019,0
2019122205,3,7,29,4,8,4,2019,0
2019122205,4,8,33,4,12,27,2019,0
2019122206,1,11,4,4,5,48,2019,0
2019122208,5,4,27,4,20,30,2019,0
2019122208,5,3,25,4,6,40,2019,0
2019122208,5,0,4,4,15,81,2019,0
2019122209,1,4,12,4,2,43,2019,0
2019122206,2,1,2,4,10,25,2019,0
2019122200,4,5,30,4,16,24,2019,0
2019122200,4,3,6,4,1,27,2019,0
2019122209,1,2,3,4,5,20,2019,0
2019122209,2,14,20,4,2,64,2019,0
2019122207,1,14,1,4,9,26,2019,0
2019122207,1,7,58,4,7,28,2019,0
2019122207,1,0,41,4,10,25,2019,0
2019122207,3,3,26,4,8,27,2019,0
2019122207,4,7,34,4,9,18,2019,0
2019122208,1,7,5,4,9,26,2019,0
2019122205,3,11,48,4,9,43,2019,0
2019122208,1,3,39,4,8,26,2019,0
2019122208,1,2,31,4,3,22,2019,0
2019122208,5,7,50,4,2,46,2019,0
2019122208,5,5,31,4,1,14,2019,0
2019122209,2,9,28,4,7,23,2019,0
2019122209,2,6,5,4,6,29,2019,0
2019122209,2,3,53,4,6,44,2019,0
2019122211,4,14,44,4,15,28,2019,0
2019122211,4,9,38,4,17,36,2019,0
2019122211,4,6,36,4,9,46,2019,0
2019122212,1,8,0,4,3,25,2019,0
2019122212,1,2,56,4,3,32,2019,0
2019122212,1,0,24,4,4,35,2019,0
2019122210,1,10,52,4,11,35,2019,0
2019122210,1,6,12,4,25,28,2019,0
2019122210,2,12,0,4,4,31,2019,0
2019122210,2,9,40,4,3,47,2019,0
2019122210,2,7,46,4,19,7,2019,0
2019122210,2,6,39,4,13,49,2019,0
2019122210,2,2,40,4,11,26,2019,0
2019122210,2,0,28,4,7,27,2019,0
2019122213,3,10,13,4,5,30,2019,0
2019122213,3,8,9,4,14,25,2019,0
2019122213,3,6,14,4,2,33,2019,0
2019122213,4,12,18,4,6,37,2019,0
2019122208,2,9,29,4,4,31,2019,0
2019122208,2,7,56,4,3,43,2019,0
2019122208,2,6,59,4,10,6,2019,0
2019122208,2,1,55,4,12,23,2019,0
2019122208,3,13,12,4,7,38,2019,0
2019122214,1,9,39,4,21,39,2019,0
2019122214,2,15,0,4,6,22,2019,0
2019122214,3,3,0,4,8,18,2019,0
2019122214,4,7,51,4,23,46,2019,11
2019122300,1,6,11,4,5,27,2019,0
2019122300,1,0,37,4,12,23,2019,0
2019122300,2,5,5,4,5,30,2019,0
2019122300,2,1,51,4,9,43,2019,0
2019122300,2,1,1,4,5,15,2019,0
2019122300,3,13,44,4,3,32,2019,0
2019122300,3,9,52,4,18,33,2019,0
2019122300,4,14,14,4,1,45,2019,0
2019122300,4,9,44,4,16,17,2019,0
2019122209,3,11,46,4,10,40,2019,0
2019122209,3,4,59,4,4,32,2019,0
2019122209,3,3,33,4,4,25,2019,0
2019122209,4,13,36,4,6,24,2019,0
2019122209,4,1,59,4,14,21,2019,0
2019122209,4,1,39,4,12,32,2019,0
2019122210,1,13,7,4,11,27,2019,0
2019122300,4,7,50,4,14,29,2019,0
2019122300,4,3,41,4,24,37,2019,0
2019122300,4,2,42,4,2,30,2019,0
2019122211,2,3,58,4,2,41,2019,0
2019122211,2,2,28,4,7,22,2019,0
2019122211,3,11,58,4,16,32,2019,0
2019122211,3,10,26,4,9,18,2019,0
2019122211,3,2,16,4,4,31,2019,0
2019122212,2,3,32,4,10,45,2019,0
2019122212,2,2,0,4,4,36,2019,0
2019122212,3,7,25,4,8,41,2019,0
2019122214,3,12,14,4,5,45,2019,0
2019122212,3,4,52,4,12,44,2019,0
2019122212,4,9,13,4,9,46,2019,17
2019122212,4,11,2,4,5,63,2019,0
2019122212,4,14,16,4,6,28,2019,0
2019122210,4,10,53,4,18,1,2019,0
2019122213,2,0,25,4,4,96,2019,0
2019122213,1,13,35,4,4,40,2019,0
2019122213,1,0,26,4,9,26,2019,0
2019122213,2,14,19,4,21,29,2019,0
2019122213,2,12,13,4,1,48,2019,0
2019122213,2,11,20,4,26,15,2019,0
2019122213,2,9,20,4,3,42,2019,0
2019122213,2,7,11,4,8,8,2019,0
2019122213,2,2,33,4,5,23,2019,0
2019122210,3,11,19,4,22,27,2019,0
2019122208,2,5,16,4,5,39,2019,0
2019121506,2,6,33,4,10,26,2019,0
2019121504,3,6,17,4,3,23,2019,0
2019120500,1,0,25,4,5,6,2019,0
2019120200,3,13,28,4,6,29,2019,0
2019120200,2,6,49,4,2,42,2019,0
2019120802,1,1,41,4,15,74,2019,0
2019120109,3,6,50,4,4,46,2019,0
2019120101,4,13,1,4,13,33,2019,0
2019120101,2,11,22,4,8,76,2019,0
2019112408,1,9,1,4,23,59,2019,0
2019112405,3,8,41,4,10,66,2019,0
2019112402,4,9,37,4,7,63,2019,0
2019112100,1,10,53,4,14,36,2019,0
2019111100,1,8,24,4,5,75,2019,0
2019111700,3,1,35,4,11,72,2019,0
2019111007,3,2,3,4,2,75,2019,0
2019111007,3,3,25,4,2,57,2019,10
2019111005,2,0,24,4,8,46,2019,0
2019111004,1,4,13,4,11,89,2019,0
2019111000,4,3,40,4,19,21,2019,0
2019110311,2,3,44,4,4,96,2019,0
2019110306,1,1,1,4,3,97,2019,0
2019102800,3,11,28,4,7,64,2019,0
2019102800,4,2,0,4,1,44,2019,0
2019102800,4,3,3,4,7,69,2019,-4
2019102710,4,9,40,4,11,44,2019,0
2019102710,4,11,44,4,11,3,2019,0
2019102706,3,1,2,4,4,50,2019,0
2019102705,3,2,15,4,6,94,2019,0
2019102701,4,15,0,4,17,22,2019,0
2019102400,3,8,37,4,9,91,2019,0
2019102400,1,5,25,4,7,68,2019,0
2019102400,1,7,15,4,1,63,2019,2
2019102007,1,6,50,4,8,79,2019,0
2019102006,4,13,6,4,22,25,2019,0
2019102005,2,6,30,4,13,87,2019,0
2019101400,1,6,41,4,1,99,2019,1
2019101400,1,11,20,4,4,23,2019,0
2019101304,1,5,50,4,8,74,2019,0
2019100608,3,13,19,4,10,25,2019,0
2019100601,3,1,42,4,1,42,2019,0
2019100601,3,4,55,4,12,59,2019,0
2019092912,1,5,13,4,9,90,2019,0
2019092910,4,2,43,4,6,44,2019,0
2019092904,2,8,3,4,9,81,2019,0
2019090900,2,14,19,4,1,79,2019,21
2019090809,1,4,56,4,1,43,2019,0
