PC1,PC2,PC3,PC4,PC5,PC6,GameId
0.040804852901779605,0.6572603694820368,-1.8517821514462027,0.04367158300569357,-0.7163001299317052,0.8735900467630319,2019112406
0.3546745011634694,-0.4815956955481436,-0.9270913290969447,-0.7834221845219761,-0.8882319667392962,1.3919422179947132,2019112406
1.439000337766975,-1.8658890782337803,-0.724189247762198,-0.5243255000535816,-0.12387688248562677,0.9385992161502722,2019112406
0.6988498580514739,0.145179640214651,-0.2415929847745401,-0.0941171200974733,-0.6489977680915621,-0.34070217932061647,2019111709
1.3229335545886403,-0.3950119549755759,0.44628893256384133,0.6728851453551287,-0.41684020784512194,-0.013053288113500391,2019111709
1.3119202682664537,-0.8190104459244766,-0.8924716043556808,-1.0038124585265722,-0.5432009092757152,-0.5025264287839986,2019111709
2.3926709088747153,0.8353401280537829,-0.20758844728724976,-1.5362172488433967,3.2246487710471987,0.9130244094415325,2019111709
-0.530172589274558,0.152760103393396,0.8270908196389143,1.0753330579963367,0.06982789990191023,0.6295940125267461,2019111709
0.21326156417954978,-0.9108720519326723,1.0561438145259845,1.2221073778438203,1.210848287692841,-0.17676142935935366,2019110700
1.808221463220017,0.11972818695384349,-0.7937360654797855,0.05482053527520264,-1.232445676913505,0.17375011295611545,2019110700
2.1087077248451704,-0.6179824085205781,-1.5929382976222701,0.7103758248227444,0.334106476404878,0.5432757852437361,2019110307
-0.2326671972516922,0.663665658689456,1.1941168533015154,1.0436842871767558,-0.5805109242029113,0.5897263953152687,2019110307
1.5121783291796986,0.38163354711016456,-0.4937074784088346,1.2515696195003039,-0.8111791719629322,0.569880299976456,2019110307
-0.909908303818202,0.2945477531189175,0.2743324125221699,0.18758440509135849,-0.8685615185459602,2.2944632397884352,2019102704
1.2310571790175535,-0.8622306465460297,-0.9183475922174165,-1.0199296523807309,-0.9153414897622011,0.6360221814660062,2019102704
0.1153624454008767,-1.3648400407606933,-0.7362447378082001,-0.8686352025207488,0.3706935686129058,0.04723714544310694,2019100605
-1.215305148661144,-0.3332189117942549,1.0566289797326156,-0.5004751953195139,-0.45525274564325935,1.4620208730467474,2019091510
0.5229226880318983,0.7366868481139677,0.679783236792518,1.0571071945777946,-0.9892601176349218,0.7409353129794034,2019090901
1.5172156807592094,0.4125585873098653,-0.610611720273084,1.0515791349570156,-0.8679053115991111,0.42144255999208013,2019090901
0.9514174944958244,-0.5760109480747926,0.6523259092302864,0.41759732240545927,-0.7182965082447251,1.1444381204341003,2019090901
-0.6276277735538252,-0.20074577907773494,-1.2862604012609895,-2.0438700079873215,-1.042761377779735,0.9749309993497596,2019090901
-1.631656096958743,-0.7099869485548184,0.4043175219661478,-0.710612079471566,-0.1555482360962841,2.107100404963131,2019090901
-0.27166456126708766,-0.4036602935224518,-1.0060326783627191,0.7324582996226007,1.1507874965818456,-0.812635407846652,2019090901
-0.7234077976077523,-0.8038909271652521,2.894300684332876,-0.5505167652489487,0.24521114899321145,-1.2168783412616662,2019090901
-1.1668327753680148,-0.056527560465867724,0.2649925302036379,-1.7383011261157417,-0.6628241212703639,0.02335082357428866,2019091510
-0.8196417084745389,1.0695464282926634,1.136532244478151,1.2399607275402846,-0.15301273602400636,-0.16113262243295393,2019091510
-0.4608469579408221,-0.8097646082358259,-0.7695111636600744,0.03534610433656392,0.7581586146826221,0.10568590739844644,2019091510
-0.5710018252255483,-0.8115663799846721,-1.3190204965723142,-1.411894947240943,0.22881311725680703,-0.1829616555550659,2019091510
-0.5241181080888965,-0.22960277997611828,-0.8538153984301817,1.31366998526436,1.4156316726963416,-0.7179020052126118,2019092205
1.9489663603414396,0.6667809695542614,0.5456578985941607,-1.5852786823433007,0.9237388712952821,-0.3340019559297489,2019122201
-0.30459803052817164,0.982738752572772,-1.2944175295411253,-0.7318561371656606,-1.6094556776747708,1.5278075906270854,2019121510
1.0886737091805179,-1.8372857309374937,-0.35556716930523724,-0.0070778836408837914,0.2171157820548762,1.0475192777037832,2019121510
1.6097394292374032,-1.4308306329163514,-0.8782053912366277,0.45899975157444955,0.3426661588752631,0.17052416265656886,2019120105
0.8670830298248877,-1.2719807132352,1.614310101776042,0.13750836971305627,-0.07906781527880598,0.05335870206630577,2019120105
0.1597072341546088,0.6599390461988844,0.6061850504200558,0.09302404063324508,-1.0560283575992253,0.2089725482389675,2019112406
-0.27641006737250845,-0.3754293785986029,-0.41718813918753084,-0.4699273296537721,0.0829944794021593,-0.2428164861917828,2019092205
-1.3020863976606198,-0.8301109212141156,-0.5247766816763062,-0.5260928218238404,0.9099733759410004,-0.019726225757515488,2019092905
-0.9420047339650922,0.9030120548448264,1.223909102383602,0.46384042932517805,0.11702684628461067,-1.5293390472292108,2019102004
-0.4572526645509511,0.996793456513313,0.25267833816630225,-0.8396119686655111,-0.7775748527920917,-1.4598833807301257,2019102004
-0.7406482512274573,-0.9369074933429139,-0.4172973911732782,0.10361514566497222,0.9783826004397741,0.08668861899599456,2019102704
0.18875774783747318,-1.2301698463503854,-0.4449573108634535,0.08013868519578785,1.0363177039350282,-0.801908811791174,2019102704
-1.3438148214859065,-0.752139024540952,0.954075763915312,0.2889785457929281,0.9341626769812584,0.15297379058264324,2019102704
-2.00180029370634,-0.2512258107809871,-0.15850136746973414,-1.4665479952843985,0.06858393805264183,0.36650550615399,2019102704
0.6369559084861587,1.0104143059062185,1.4618913236672346,0.5434103121304678,2.036635329364188,-0.3737168283452498,2019102704
0.29858397382509727,0.032045143088110045,1.495661418979967,0.13683475521558425,-0.4105103858973692,-0.8322583161974803,2019110307
-0.3904981037549248,-1.2411859488158112,-0.9660296222035126,-1.6789744048426158,0.22060124513653456,-0.15572352863583636,2019110700
-1.5838614672162916,-0.33926002799164656,1.1805064059809935,-1.168172995179646,0.13767724511134266,-0.56434671374254,2019110700
-2.3210498707537153,1.60512435829205,-0.6468245220676756,0.04268460061958368,-0.5162943832197663,1.0961724239043475,2019110700
4.798791451752711,6.256221113297174,1.79657553661249,-4.84676712198838,5.976082760646649,2.05779034869664,2019092905
0.49092669278890966,0.2744700905417385,-1.5289195679638412,-0.04363111010217852,-0.4350112391056797,-0.028344272164954117,2019092905
1.4454912195216831,0.427904453094152,-0.7932244703205772,-0.6768727208412378,0.7798778158695875,-0.45584773537947404,2019092905
0.907313486895517,-0.4709164922094449,-0.4671111319136864,0.8998060163083427,-0.2448390899414617,1.1471713261882233,2019092905
1.724492258943655,0.9622350907437347,-0.11248217459579667,1.2886515351408856,-1.3187905113508258,0.2398510347626699,2019092205
0.6118838534736214,-1.165395754289432,2.7106687428455207,-0.04904363715455807,-0.5042522994337019,0.3723895949812236,2019092205
-0.306767323519025,0.21083988745816004,-1.7787261706370643,0.8597766131666652,0.8249597295398888,-0.5223414154489572,2019121510
-2.0382353584220736,-0.7521892625995958,0.7880007853834424,-0.9333502599740778,0.6600105493934411,0.13843429991571943,2019121510
-1.5121849270658805,-0.5386242767412396,0.030953428910709357,-1.5936010763004587,0.3820757855186135,-0.8433941632298143,2019121510
0.17159460159135634,-0.13848331891060411,-1.009920643284182,-0.6748808440319115,-0.1274470519127164,-0.7637205544795735,2019121510
-0.5466532890594897,-0.10440794689217213,1.298270377919826,1.0568988879390007,0.6410495743496285,-0.5900255014638363,2019121510
0.467343111048558,1.2658335536688907,0.6714967984375,1.4803408131368114,-0.023580863465637703,-1.1254247474087034,2019121510
1.365286295855413,0.8408063847897026,-0.296466505991879,0.1490465665910472,-1.7637568845706102,0.5617047024953624,2019122201
-0.8951760760044151,-0.3935806611840467,-0.36398001708807026,1.6751288675342189,1.5138372891872989,0.12363097082450727,2019122201
-1.072196394692047,0.16939229390444469,-1.542093716695349,0.3273765615716118,0.939339051786139,-0.5699156826165053,2019122201
-0.15240424725952814,-1.568271315598238,1.445904480478569,0.1958876901581647,1.082686624946859,-0.6971464719769304,2019122201
0.2135768217691157,-0.5072479771164827,-0.03991756311854632,0.42003149061956097,0.6065753959792332,-0.9214267216824583,2019122201
-1.6504559095681988,1.7988302117188257,0.04997859284470201,0.16749296487027637,-0.9626812494541018,0.6809894464191659,2019122201
-0.10083009105839061,-1.1019239832241905,-0.2529398082668465,0.5557685493286072,1.3089308195654552,-0.7608758415830957,2019122201
-0.1939083896380932,-0.26568256353496467,0.14442093615596238,-1.7899809852663067,-0.48458203525585153,-1.387344261449613,2019112406
-0.04116525595204411,-0.7258097390774116,-1.0382241856847445,0.2682565825814987,0.5283839004501361,0.42970092864561127,2019122201
0.8831443475127501,0.9234252629485986,0.22052930525982933,0.5752774457161134,-0.770703280661355,-1.1306063126117107,2019122201
1.116825955699111,0.24756413436920013,1.0640374235852428,0.9435270431736086,-0.6994476191086186,-0.24721005484916012,2019122201
2.146705357186684,0.1150090912129417,-0.2233937049275242,-1.9696884929063632,1.1668081627480877,-0.24647440741144544,2019122201
1.125195486318381,1.2982493378437068,-0.4167656414447754,0.7722790736310633,-1.295663780217259,-0.22280402757156206,2019121510
0.7918424298912778,-1.1922946003124126,1.3320956283018,-0.5327458800098221,-0.11982229953793588,-0.7107749038691306,2019121510
1.1547701580201644,-0.4623801289510432,-1.0216394433930232,-0.1520432652652229,-0.6540796552262624,0.6098374862515848,2019121510
-2.43140489269856,0.6689273699096212,-1.6271101896501785,0.24756062847720875,0.8339355652097865,0.5477518960088862,2019092905
-0.334098720888105,-0.167063232947353,1.1131673730906337,0.8250288519843273,0.2910995257636618,-0.10443951301763313,2019092905
0.4127980622188047,0.6305940419606849,-0.7571934147393168,-0.3069810525305078,-0.6123357609235316,-1.0095821275203778,2019092905
-0.05590812411497211,1.8420522919219906,0.91534098250612,1.1611601747878402,0.7816724475282925,-1.3620989149059854,2019092905
-1.6907687951502546,0.5097434030345764,-0.5604162542045449,0.16434059673127435,0.5345427912428163,-0.15630055788884578,2019100605
-0.6458387526382433,0.3507988177046447,-1.3919778931025109,-0.9758742941934351,-0.2868788972270228,-0.4003175663615419,2019100605
-1.2488824106379561,-0.5540621721572325,1.6741066994125617,-0.16649104468188713,0.3746851499374938,-0.034712725870758666,2019100605
0.44832867517640684,0.1374060072757976,1.186765800830289,0.09929453467575106,-0.7931159311282195,-0.15396467488228532,2019100605
0.2744632764505816,1.2849340121714283,0.408180988839338,1.5665717888732285,-0.5607051330922621,-0.19020263530487752,2019100605
-1.358580179292576,-0.8810106648127755,-0.9700678971353539,-1.5789549974298425,0.1923326411374775,0.7087364685888806,2019102004
-1.9000689448958767,0.7359542284475646,-1.0240683089450695,0.06546853790439651,-0.34254259557987515,2.045287573491404,2019121510
0.12259343234100642,-0.08915666918292449,0.742048868505714,0.8245171846417375,-0.016473817688456297,0.09617946269111738,2019120812
1.017665167078703,-0.08751212310579597,0.5250296330697926,-1.3709423377839025,-1.6327120335748346,-0.13239596480185523,2019111709
1.9894095396999434,-0.6273557078740516,1.5043063154657557,0.5304366338556824,-1.096967572211322,0.4205386073552626,2019111709
2.096363044874458,-0.6901492179184687,2.1068281876189277,-0.020603697256032432,-0.5378423174779563,0.6494710247276919,2019111709
1.2383360391276463,-1.2280980727615096,1.132180347549198,-0.4722805453622994,-0.38397305342139726,-0.3903769261560048,2019110700
1.454404885364149,-0.5609146769252294,0.8977018439367324,1.530924832658984,-0.2648065273246636,0.7363734038008304,2019110700
1.6702436280414095,-0.9261157762082364,-0.22986702474546625,-1.3371930016079892,0.1726396462139804,-0.6547228476925805,2019110700
0.09661561352516415,-1.6865211797866004,-0.4106168707293355,-0.7768708037286851,0.03936871833886122,1.5022773648067664,2019110700
0.8132772669153048,0.2394168605500748,0.4736229806744782,2.04267885489977,0.10851113462096672,0.08800603578073415,2019110307
0.43684257493886114,0.8160332890242301,0.9139881214478021,1.6763793219045173,-0.6316727776988016,0.5621755791449324,2019102704
1.8545260066949618,-0.7667615687301129,1.8231165965504286,0.6998947102141455,-0.9430204545656826,0.558121311813148,2019102004
0.22234062772571972,-1.574923175547364,0.07197814126582248,0.6871454994384851,0.7981977137467007,1.0296532752966698,2019102004
0.48284851087013403,-0.8881430742082114,-0.7654080397785545,-1.5657440575742827,-0.9896486989452854,1.042658477189758,2019100605
-0.9648933660721695,-1.4853982081502108,1.3486533695299463,-0.5608061310699785,0.720892167743822,0.15246134532975586,2019111709
-0.50249443000141,-0.30475487755379066,-0.32908926489055307,-0.4908386889968566,0.38010285810991284,-0.9036904308353428,2019111709
-2.1818537520886694,1.080079086660154,1.5021945676593544,0.46815405268787835,0.01888812066653701,-0.04419220971473177,2019111709
-2.4125141829690824,0.7076828694884265,1.6677093052702032,-0.43676088762487325,-0.31740591564813414,0.4596671511061342,2019112406
-0.7564134473954875,0.8645624782277037,0.11980067252998111,-1.7186232814341647,-1.282760541354394,-0.6967175423602195,2019112406
-1.6839824533869847,0.31814485644238705,0.03860371442070084,1.1308613584034801,0.797100999840257,0.6109298364789947,2019120105
-0.7472600418639395,-0.1621201225232922,-1.1046753281048458,-1.948310614330163,-0.5226608302041384,-0.2236517744351489,2019120105
-1.0709813216033472,1.00956721412757,0.18898221840151352,1.1054537439791914,0.596541817356869,-1.2418736636982115,2019120812
-0.42083054219709926,1.327930667682815,0.6129938825803539,1.0818532278048794,-0.15369524632609466,-1.1612889480580062,2019120812
-1.1517685859344857,-0.11337260540028672,-1.1358438987432558,0.8610239087134188,0.4868209026427117,1.800259494496197,2019100605
1.38288000075836,-0.2775517071141197,-0.23530719275166426,-0.2632220502673418,-1.2145139008326176,0.7280729635264057,2019092905
1.6894290439990818,0.6487647742508191,0.22771523724911197,1.0303576504969834,-1.2099865262799347,0.061330040813148974,2019090901
0.9669973926228336,0.13277831497283174,-0.3981193257279789,-0.31954958705310516,-0.6143287565203335,-1.019610756453889,2019090901
0.4746154308578876,-0.45399959288421815,-1.5691686855442464,0.2563167681471916,0.5706010374993005,-0.6530494023459797,2019090901
0.4368070831574521,-0.6638585475787068,0.904401921593274,-0.4787560058110962,0.01571082643318004,-1.2813005009764393,2019090901
-0.9481411468885848,0.9684362669548385,1.402231073869393,1.2756335837084272,0.12901030365682234,-0.5993480046377634,2019091510
1.2230879259615626,0.4758828025474119,2.054252231667268,-1.1344675920139935,0.6836334058079594,-0.42899830061940003,2019091510
-1.5302077788511355,1.466711714956224,0.19327491657043666,-0.2989189195391804,-1.170276343715015,0.9370667911404157,2019091510
0.1375894753348203,-0.9329057211166606,-1.4011575218054384,-1.1653341212356683,0.2008876800962443,-0.45872907878737545,2019091510
0.150119439295937,-0.8017542875906204,0.6791989635792564,1.1869355985006944,0.9727755094878489,-0.47572949594745617,2019091510
-2.235874260816957,1.7832150081056237,-2.1636890092358807,-0.21325616577660378,-0.14344739038543097,0.1806738834770233,2019091510
-0.7680025441787031,-1.8140007169143424,0.28039210710206053,-1.065302581241575,0.9776987856093361,-0.23964736927107708,2019092205
-0.30872765278762404,-0.6214271404909528,-1.021132088479563,0.039542478211699345,0.8818271247424422,-0.6456349704221814,2019092205
-1.1010049223926932,-0.8436342665517351,1.72109478268643,-0.768555513653355,0.1945834721617486,-0.11435520870181813,2019092205
2.0083666796872293,1.9043847128261115,1.0352885464060797,-1.7791812666438098,2.6698005911331966,-0.3404594701708974,2019092205
-0.564239164873433,0.1292859282929362,-0.49277734014261243,0.41829161964631406,0.5493761970085737,-0.6888926060558688,2019092905
0.5587609688266134,-0.0324472601505362,-0.21521349924037636,2.0167115217204037,0.7562243357098216,-0.2989664385844727,2019120105
0.4691265335874988,0.0739470799428,-2.2337558540767426,0.4955356300641479,0.18372888471801274,0.023952067379456942,2019120105
1.4970768887424484,1.1725709879895319,-0.5126651570751848,0.726591586951512,0.2550733536611039,-0.6768517378971044,2019120105
0.09883706359668348,-0.40962408316113996,-1.1605862962060332,-1.4423068631665132,-1.066411051130706,1.2352130543130775,2019120105
-0.5450947237636882,0.6765702480190042,1.2403278346933786,0.7769683171353691,-0.5321767441012323,0.46384849716252774,2019112406
1.242413042545915,-1.1866512998396863,0.10094951881503847,0.17461960766794557,0.024555509384570084,0.025913973138840914,2019112406
0.3438828611740054,-2.1234861653539165,0.1615623624852824,-0.6393990876164296,0.42864568009812,0.9019746652256573,2019112406
0.17280213464644595,-0.21636905640347068,-1.159615370777582,-1.1347483506075045,-0.4789768390798418,-0.30022864286822637,2019092905
-0.3108740716353309,0.44476806533976565,1.3292038108723616,0.4207084588622036,-0.4635042232709031,-0.15079003215935083,2019092905
-0.5939535433051476,1.6335750818772916,-1.2906228900142545,0.525556384419051,-0.6548742409532975,0.04334573337246709,2019100605
0.9388797150197626,0.6297688306652354,0.13930670357375666,-0.5929529850887676,-0.9395428432148295,-1.8536991384903214,2019100605
-0.22556772035083225,-1.3514349602292133,-0.22283764369158515,-0.26208834330146785,1.0726963465834018,-0.6994677472435296,2019102004
0.33268171947059,1.0927176982620967,0.2959560826115972,0.592013115747684,-0.6195431097861585,-1.0978647661008925,2019102004
-1.3144676952187124,-0.7177260118109374,-0.07985574083286565,0.9455583236782901,1.3302127601165161,0.5952106452069602,2019102704
-0.3556023966771243,-0.7639277152333286,-0.5263302373075087,0.6116843639124,1.3326805707175904,-0.8955148333542492,2019102704
0.3474812957285827,-0.9435094438143568,-1.412081591440192,-1.1554770782320851,0.41393782643712684,-1.2543198694926194,2019102704
-0.16652705993997532,0.4840194199928003,-0.9548979724188674,0.8719867897508693,0.5039510044425183,-0.9074956290738496,2019102704
0.3149924930833779,0.5712675526714104,-1.4616332999254331,0.4514768458759648,0.25053942356392345,-1.4329210017791894,2019102704
-0.43303231810152276,0.30486448616756984,0.6033065069459553,-1.6485075602976875,-1.5338911096899903,0.4236601860803125,2019102704
-0.00994395895753968,-1.3307680173150924,1.9626375965946985,-0.46330711360331994,0.26531794716687207,-0.553114210193937,2019110307
-1.9798692504111928,0.7481338969490751,1.3004790069739394,-0.7197508825660763,-0.49772840746187497,0.029883346842718105,2019110307
0.06373210374123553,0.9762107205255839,0.7684706630570087,0.9677218275000112,-0.2497794183587374,-1.1548021412033922,2019110307
0.6864671351448004,-1.0550087812591262,0.6462022994435311,1.3715651044967967,0.38066143287090426,1.070485477545434,2019110307
-1.2609975176534367,0.5178608771906774,-2.1012873363453464,-0.10664589347325931,0.6312834927403851,-0.5230821579026586,2019110700
-0.19241076904607438,-0.3338431884459682,-0.13081042407652976,0.10827829429375443,0.7580989409871495,-1.484095486054864,2019110700
0.226940369523425,-0.4731323488738528,0.24522846004894083,-1.34630993312187,-0.8647640078489791,-0.008799151304126817,2019110700
0.9119219880365156,-0.12539853568383152,0.6551416640849019,0.6999500940396096,0.13349669030701516,-0.5105024188236212,2019092905
0.6588353644299274,-0.508858388428042,-0.877740540233928,-0.8436705194629402,-0.32022925973741523,-0.5440057047275548,2019092205
-0.6726431334262823,0.9363508214807932,0.5825461533097424,0.14367201129608972,-1.2519814056566296,1.4154861041249354,2019092205
1.3285406747813164,-0.3055020824285137,0.03906818918329679,-0.16832071434568732,-0.5517562707525588,-0.8477867680448988,2019092205
1.0920381844670193,-0.19445373581074146,2.5044859377816375,-0.8994937339840912,0.37260296141960936,0.07483001202435023,2019092205
0.3841306094894251,0.1946317439450642,-1.022619122655368,0.6069210869138018,0.14609121191568764,-0.5424398277698592,2019091510
1.3988812109695752,-1.814514086015547,-0.09468306859503352,0.9310430667461917,0.6651415546358136,0.6442107004486383,2019091510
-1.4376206589084264,0.3360315149003592,1.6006700176482036,-0.42795641767263165,-0.6940037909929131,0.8393481072163265,2019110700
-1.418901352688221,-1.1771509857558318,0.009550356811714294,-0.24996245945534118,0.8614966357445972,1.051703304710806,2019111709
-1.9050867426548803,0.6514266721349996,1.298895075772515,-0.666243338062726,-0.8566358400933053,1.109975385288636,2019121510
0.34980660101192707,-0.5315553733408783,-1.4841668881880719,0.02579387541907783,0.6110958758725819,-0.812342177856846,2019122201
-1.0988105012030855,-1.2305168932093802,0.8948653976077787,-0.8732484128868409,0.33931374328802816,0.6119483027008157,2019122201
-1.2820757045253175,-0.6205832408277228,-0.016649332641850603,-1.5611427277305665,0.17307143269017233,-0.3966525223671687,2019122201
0.4609013261974426,0.16300873064751611,-0.11639456382751048,-0.21093067609438082,-0.3565989295385868,-1.029330601060667,2019112406
-1.559681151273764,0.1779645782844995,-0.9335392886083369,-1.591597664727784,-0.07139412721334687,-0.48559708526856155,2019092905
2.026065730635466,2.0904268092039904,-0.9145090423119061,-0.25276250666204547,2.255217443096796,-0.09425515044941796,2019122213
0.32652753210277025,-0.07772869875275532,-1.7747446537014202,0.9196424660920598,0.49110017779188664,0.09674446892431338,2019122213
-0.8154427942096854,1.4703668730794324,-0.10056144523942376,-0.12488208475082532,-1.329728396323547,0.7556526696846453,2019122212
1.0571643117434664,-0.5577168996857061,1.5260350177770963,-0.46970176081176634,-1.0086911715424631,-0.10553282708733584,2019122212
0.23500929700461626,0.26157170171785527,1.6544796800605093,1.2207099785934497,-0.1582763376193604,-0.35105227119627475,2019122210
0.0743407239953161,-0.024637706090029996,-0.480489545278857,0.9561749222213489,0.29884988503179416,0.13594849426177838,2019122214
-0.3112595300455685,-0.2228058755496988,0.06974206013970685,1.2763898829635454,0.4890439971600291,0.7364989503050026,2019122214
0.9274321685423901,0.03825778214215597,-1.3990437400008193,0.016549997562055975,-0.3961368659373254,-0.25831868088668664,2019122212
0.17389991338784364,1.1478387329235373,0.011162298702020004,-0.039700052703192844,-0.9357401387397183,-0.9366778046837286,2019092905
0.16302170372224684,-0.35549298133115137,1.0038333652971219,0.5045882402722188,0.19156466031823977,-0.5793974910491747,2019100605
0.13455022095509295,0.22993889439695267,-0.8859928930339638,0.8851444646239036,0.1075377305864932,0.16331896557639425,2019122211
1.2669369156677501,-1.5279450005554673,0.20845519174404223,-0.43982732641430006,-0.32652173777761756,0.604663582337015,2019122300
1.5017794799158806,-1.6484311149238502,-1.0647122750718478,-0.8019493960415555,-0.015614603291891615,-0.06584748385612632,2019122300
-0.1446761825805379,-0.5752996643217225,-0.8789142844099121,0.9622042924801202,0.8150552343324314,0.4668820203590741,2019122300
0.9695148885962567,-2.200509517041839,0.42324969138866975,0.6014534919768398,0.5949693048373886,1.4126658547998425,2019122300
1.4805189906019993,1.0870521137426854,-0.383076688354937,0.7256690531501715,-1.4922600555874572,0.11087634817752504,2019122214
3.910736426851227,4.538875819569037,0.6932983850591862,-2.0501557716428387,4.674653742533361,1.546092884197726,2019122208
2.331626594843852,0.6495488579843213,-0.41082140870539635,-1.871544703938161,1.5491459072418887,-0.4033438511945213,2019122208
0.879715796187531,0.6948194018949754,-1.701144553456046,1.1245803262474185,0.024517530923625224,-0.7752295097073111,2019122208
0.2209994947607683,-0.3567194610990866,1.6204878928056705,-0.4918620083491298,-1.0331457079960211,0.6449616441403129,2019122213
0.8818054849884758,-1.2201981903159833,2.5999690812024907,0.034338257798113385,-0.8177236275701305,1.0860597111672359,2019122213
1.3648114227809791,-0.06991750342846484,-0.45082395015501164,-0.3698943362773781,-1.012090042990575,-0.20577386248403076,2019122213
0.2157480447471059,-0.04286282805269217,0.7128591988569881,1.1791456727050547,-0.172566098426218,0.8053243695352074,2019122213
-1.0007697609607076,-0.26689123486199334,0.20999548816751112,0.9249638691982104,0.16971541096305848,2.011807763344287,2019122210
1.1803474954657935,-0.37686149302202415,-0.4015175643280639,-1.3576709503976707,-1.3247751325780441,-0.010784113002493016,2019122214
-0.2209492676688541,0.3365449267203559,0.08943983545859506,-0.04260264579510659,-0.08632022067366439,-0.9778810912128291,2019111709
0.5874162571581395,0.3932188025070336,-0.586507957412467,-0.49415666519742624,-0.550084166994917,-1.3135425237359086,2019111709
-0.5852252291299527,-0.9139919531565267,-1.188313385484414,-1.3624649344776385,0.18413168094615145,0.1509496502302238,2019112406
-0.3814814892839407,-0.698383782703269,-0.46840381556584626,-1.8467959813693382,-0.11238178107389284,-0.9361114782463069,2019112406
0.8647023249120286,-0.508177648084067,-0.9291607226130997,-0.8453604656861645,-0.19528313927584504,-1.1254641916518846,2019112406
0.23429983523557818,0.3989135517074534,0.379525704662856,1.335711306718488,0.3654583734994607,-1.047513197643261,2019112406
0.1809669376395013,-0.4439032244319379,2.3459766969599607,0.5632413623807787,-0.054554423095122484,-0.49667473796493117,2019112406
0.22899431172817175,0.9675526648411747,0.2751558313131557,0.020618891551415316,-0.7496604666665995,-1.1941757604657495,2019112406
-1.2507179704978484,-0.19297982981425796,0.8621998639359417,-0.9327370948275164,-0.1341720460755836,-0.10313299381936504,2019120105
0.28046835990488916,-1.0019993906960323,2.4596040658028078,-0.2460280600036137,-0.9712387245403746,1.5599642574939692,2019120105
-0.662657837066497,-1.0361200087752775,0.9759526062493215,0.4228619235547171,0.6720442016838937,0.6107235427174518,2019120812
0.0059767234254062725,-0.5331917688196517,0.7982436257888981,-0.5575797294366841,-0.3532295502672201,-0.04997618068071248,2019120812
0.4515202324853086,0.21160343840960058,-0.11029732171912678,-0.11316111506886731,-0.2513068838337869,-1.241654383074562,2019120812
-1.1599616433047917,0.9027882626285867,1.0029586887614816,0.2438206040358835,-0.7385335109496897,0.7624650872919047,2019120812
0.8320538299149957,-0.16654394677480117,-1.7661529140855936,1.4522389302908632,0.3115602740813983,0.7927600534781143,2019121510
-2.64912017008364,0.36761458080261533,-0.035925243603186774,0.3405584579826349,0.18870542704217436,2.3071160942663576,2019121510
-0.004488559281691094,-0.5259352841495688,-0.17259097886880903,0.048076502065898516,0.14728750817602515,0.12533219862023795,2019122212
0.6949869609323174,-2.0322197692800366,1.3362814098711067,-0.15824126132364366,0.3769794646326245,0.37796240197903325,2019122212
0.868410219015806,-1.2110075378037999,-0.5279562509064749,1.1354159945764353,0.6765536305421719,0.7097482835751309,2019122212
1.4963949267659518,-0.023172588523052696,0.615705889181589,-0.4788319261555906,-1.3115737384995545,-0.500712072968058,2019122208
1.3933993569592011,-0.5395906718715296,-0.06773140869293934,2.1172218144513324,0.26066749046000054,0.8597898724428382,2019122208
0.07540299738124609,-0.5925887489133135,0.8432530494402758,-0.3947556346810128,-0.5187409113145381,0.603659771970396,2019122205
-0.2573894670964852,0.1199949853133411,1.2533117757522796,-0.45025459926118144,-1.0685881514113476,0.7328281390622378,2019122207
1.2405818179948729,0.06939149458005273,1.6556512542487838,2.0562154901469127,-0.3939897631599256,0.43742633415214155,2019122207
1.2228141562761001,2.5655546527509476,-0.7546065280600918,-0.7769252911579806,1.0163249120746494,0.49559388581973185,2019122207
0.2684249502165228,0.06905237850250753,-0.18145776858034315,-0.48253210550195896,-0.9650352289604376,0.6182681003506856,2019122207
0.08582730743239853,-0.9844480669868246,1.1440710933533602,-0.6207685889034892,-0.8444699050836805,1.6934171649182361,2019122207
2.104330898444834,-0.17288693170458488,-1.560730520787929,1.1386318056921567,-0.661191169445152,-0.029253715519498874,2019122207
0.9904734193323087,-1.2009243119477053,0.3311833128742912,0.5981751947951753,-0.053969868100501715,1.0933385493668748,2019122207
1.4219757860227373,0.14211223314188148,1.2517543751476528,-0.4564569901025846,2.3950391401552458,0.8335136366202451,2019122207
0.8593887505068185,-1.6803054896235161,-2.2304435076086198,1.4435272030437778,-1.4749115448269594,0.07508558692610941,2019122207
1.7370754351101052,-1.5101751768175273,-0.34705250188954,1.1053161430220317,0.6786533373207505,0.8737685740653468,2019122207
1.3922443315352422,-0.9383314812224852,0.38040452653433293,0.1619131246089219,2.054162370104539,0.5831031679306368,2019122209
0.14925780376966227,0.4194088927178834,1.1380156627801168,0.8858903520718526,-1.0710857767072437,1.5899411159695507,2019122206
0.5682639733853322,0.2783317039523247,-0.42717360233217494,-0.09280100462646498,-0.9343119331004861,0.41385173625217553,2019122206
-0.9044427339313686,-1.7029945209529866,1.5660535472882802,-0.6098037370676914,0.7135757682328283,0.32141947534254434,2019111709
1.707741961882247,-0.007942137085366913,0.5802976118457965,-0.2508344555346715,-1.309993999918396,-0.47861799613320205,2019122209
-1.69881660642546,1.5637025808465121,0.2675001361817188,0.14735681528944825,-1.2329617139888158,1.7493221884550834,2019122209
0.7140923001101467,0.8657075415458839,-1.0273934561921878,0.30089047596232216,-0.7930828728233038,-0.3963136240787879,2019122209
0.5851250183076233,0.1485832377595366,-0.061962117435427774,0.47373878795916413,-0.785206003775403,0.8842066506512645,2019122209
0.515979858641561,-0.22175769483111676,-1.1925151231400841,-0.6286653388668572,-0.6631558807326419,0.45514777437317133,2019122209
0.34715920878286016,-0.89837436453347,-0.9965545701315357,0.16374623111837136,0.6321871291157868,-0.21383117361684423,2019122206
2.981879826499175,3.5787666984549222,1.1289239955574413,-0.9232784455639118,2.553541897956057,1.1694371177632374,2019122205
0.959520811233144,3.1209310759702804,0.6813422215310533,-0.12158195564324985,1.3758361145325477,0.8557523038018643,2019122205
0.8604265786081633,-0.6237133023098717,-0.6090294468297743,-0.12501814546447707,-0.3418671738318326,0.3498576778552376,2019121513
1.1496094623805277,-0.37408120856587557,0.2218913727307168,-7.19446234106548e-05,-0.6410487411614036,-0.09284884669023216,2019121512
1.9679375171570788,-0.4682048892348624,-1.302981831832554,0.11537034406976061,-0.766747590725576,0.3189791432162946,2019121512
0.8932236750360144,0.07751092099005907,-1.2573296749707898,0.5343178351198843,-0.34500658280604873,0.25540188551350845,2019121512
1.7523000293746063,-1.0911168048411173,-0.6580196238921635,-1.1236447161153185,1.0522129312235278,-0.23114998672662918,2019121512
0.29901689427045375,0.6682653606522188,-1.5610124910069245,0.7442928560651993,-0.0318469902496251,-0.3992953086911556,2019121508
1.4376294165707997,-0.9118927990815107,-1.749990684284232,-0.01784976238648648,-0.27700853713504997,0.7668258129217643,2019121508
0.4824262780759031,-1.575051810063892,-0.8022605912645939,-1.158346993444282,0.10877714369378517,0.23157552032430845,2019121600
1.316126730429878,-1.2913003067484852,-0.7266840013844384,0.9230826264804614,0.5271752486263782,0.42568943664556136,2019121600
0.5789908815339059,-0.9043817589691872,1.2626281232605618,0.16065058098811724,-0.21904763621458614,0.3210383625275097,2019121511
0.4042315680901179,-1.7836531680555314,-0.030453467605605963,-0.18435677428531383,0.7736653744913129,0.03849287825060655,2019121508
0.612996007790442,-0.10995935676313073,1.6538650017818177,0.6511038581918738,-0.5473823682235468,0.01604688683531155,2019122211
2.4655985459029233,0.9866966554684481,-0.1903000406419639,0.16364153551487193,-1.232777881035803,0.1647283752031253,2019122208
0.266472592782924,1.125251506348357,-0.36443103551855266,-0.6408222369558684,-1.5615240260717411,-0.08867094329353384,2019121507
0.42436703063412706,-0.38077611737705164,-1.0918270362052722,-1.1654185953827034,-0.5289611599751459,-0.28356013133442876,2019121507
0.6482299431915092,-1.7283477150473245,-0.42995648502555195,-0.4790711766017907,0.2797102307866675,0.6443781238028202,2019121507
0.4234103703971825,-0.6283372581640637,-1.1402085721455562,-1.7282839253466653,-1.1271624649497831,0.9393949109735079,2019121504
0.983057768161652,0.7344278811313127,0.002757180380169198,0.11239184414601974,-1.6784210418019887,0.8662839394533446,2019121507
-0.5097345422071866,0.3125160136765208,1.3172520578129594,0.28289224964494586,-1.2000164447279438,2.0726067559146966,2019121506
1.9643958007944906,0.9561419514558939,1.4864469870152879,-1.851832541852308,0.5190100389444419,0.10628168486644403,2019121600
1.9582077965259461,-0.07599994574923509,0.7095036760396486,0.3302979695300902,-1.4047210030776671,0.31960381800766674,2019121509
2.445553921179709,0.4965494856660674,1.2686343515995844,0.13677737259386524,-0.2124046177953906,0.516920588794209,2019121500
1.94358962618359,-0.6653133940710221,-0.4740697127579187,-0.6843428228441156,0.10106904977697373,-0.2806283424778665,2019121509
0.6413706214985407,-0.07532084666904426,-0.9311132559244119,0.557608226177249,-0.2339591125116624,0.47557859533793245,2019121509
-0.013681158093004088,-1.1733286420397295,0.33890489607592217,-0.7584590523072813,0.0898163077560969,0.09820046719057221,2019121506
0.5174170098643734,0.3709307446141065,0.1446370287725544,1.394131858845854,-0.22480351194561435,0.33449978521496565,2019121505
2.098653789143362,0.026395827759595047,-1.5524889600998186,1.109033278288413,-0.45534011153985743,-0.04587299716154147,2019121505
0.8295986340851058,-1.0351668815814181,-0.06974803735714238,-0.43302626985497217,0.11464337460152944,-0.7129470083144313,2019121505
-0.2679766606501674,-0.23212220188152152,0.4883400320779879,2.167144597562756,1.0171731301374054,0.40764212554043483,2019121505
1.6877977043822066,-1.6117975668462983,-1.4735394027800006,0.5135574352236365,-0.4043297131497789,-0.08435030512095779,2019121505
1.7516313742748069,0.060661163896388176,-0.5140301169788336,0.44698924387835304,-1.0059324124204163,0.2046013784850103,2019122205
2.240016795477548,-0.9292247468852751,-1.0173016793076195,-0.35422502018239505,-0.7896110255275869,0.06058083147513801,2019122205
0.30942811134876747,-0.8753796072573065,-0.26480843565167955,-0.7936702633436696,-0.26970323296495546,0.26525148979552504,2019122205
0.8906089296002933,0.808875063520617,0.4409557744969223,1.0525179954951596,-0.982607464766265,0.1953735560275257,2019121511
0.36835330818664896,-1.0569540603964709,2.5729903759940083,-0.18234821775784052,-0.7443620859145661,0.9954052121396401,2019121511
2.0381367925251612,0.06092541283730914,-1.0024960558946079,1.1799763186967926,0.09051424273466815,0.25337522935451856,2019121511
1.078234526780347,-1.3077389374622683,0.38196436316931137,0.32285106994448426,0.10287708082160617,0.3516830260481693,2019122205
1.106439702634536,-0.8017987942277933,-1.6915852186756015,-0.08902661037684625,-0.018090265623770963,0.21630035074123355,2019122205
0.5319084350857164,-1.108167244734368,-0.07622765292646443,-0.9068283511741936,-0.13571056258570363,-0.20004503865846807,2019122206
0.5889133809765628,0.15397426119703744,-2.05097115180063,1.1131178111676467,0.6662623451157033,-0.7362661533793434,2019122200
1.150666125719984,-2.167606625155972,-0.06666857426081726,-0.23820025809112566,0.18790182256361687,1.1869144088530617,2019122200
1.877204085546188,-1.0647828785117917,0.750463388794266,0.07298261093056967,-0.6955625147972587,0.19761895280342093,2019121513
0.7389155666046425,-0.28954050965712497,0.9549338067365719,1.5758053253585589,-0.021587458599722723,0.6152477401018406,2019121513
-0.1066937155547047,-0.7526573834787724,-0.6195048481677808,1.1878727535975941,0.793548968403792,1.0002187159041724,2019121505
0.2638954725323906,-0.5550120958705601,1.700387827287372,-0.8051879988714086,-1.1814078032645399,0.852764121736659,2019120900
2.0966985098547397,0.03484277095113403,-0.07139695666096917,1.187517885756534,-0.5402895733585804,0.3541417800659492,2019121507
0.7102796165104608,-0.9514469159344879,-0.7897141239047137,-1.4786274338782301,-1.1019550159816707,1.276172075154999,2019121504
0.31924631020415073,-0.3747530545654246,-1.2724027026616573,-1.4027528878620754,-1.0334534263064137,0.8947370873826433,2019121501
1.1230666556358182,0.28760239418617645,-1.257738430857704,1.4024402163972347,-0.0705820026275207,0.08364530871091289,2019121501
1.2412767100443445,-1.2807207588951823,0.19574461352752526,0.04715311434157707,0.09935598519636045,-0.21687706862207384,2019121501
1.1210531893134208,-0.9395637025244155,-1.8068810755329674,-0.6351166887511452,-0.38680807261638395,0.6779837405855615,2019121501
2.1260205926550997,0.10290979390115979,-0.7356581439564123,0.3992887588963649,-1.0078737694645035,-0.341864639350377,2019121500
-0.4289753003051507,-0.5704917228767133,0.187354547044433,0.5060956387250846,0.10754558231729834,1.371896609540244,2019121506
1.347361552198611,0.2259325629288184,-1.5425462422331284,0.9274684099999195,-0.48585220076241,0.4198892962892307,2019121503
0.11218447783840918,-0.1161679056594897,0.754664207454727,0.9467554156052503,-0.2326537656029583,0.8861098531347267,2019121502
0.9345713219225518,-0.5839499572837188,-0.7512351520540937,-0.25285846954306146,-0.4274347425673959,0.28016206474278527,2019121502
-0.2688532976973984,-1.1941349231376253,1.0336341268459086,0.5480389889357331,0.6524810484691327,0.5707440042141819,2019121502
1.4509070064052838,1.303937800176475,-1.7953772625909508,0.13411165017264565,1.8845597586583565,0.524368817319368,2019121506
1.796743900556946,0.6375176664670714,0.3493736301559264,-0.05239568343376109,-0.8644387866742353,-0.7106125232541621,2019121505
-1.0190161026545967,1.125624902283771,1.0465639772920337,1.2598006168375564,-0.5461554038814793,1.0895729920470996,2019121505
0.8504608439338452,-0.4960159514934343,0.7257338731825375,0.717882790081456,-0.5983528998581866,1.2177507770805915,2019122200
1.4410793867314569,-0.24508158851159456,-1.36435940767707,-0.015093559687487207,-0.6761980292445239,0.23013316595571798,2019122200
0.8512703223794539,-2.222177363312787,1.5011952405543136,0.09273134561580022,0.11687274859181308,1.469293481733316,2019121513
1.0524565300360433,-0.7075657430970929,-1.3802763148201376,0.835817823002105,0.3884542744325966,0.23967878931710035,2019121513
0.9600682043770777,-0.754385238964579,2.0965491079886336,0.17375480946966773,-0.6695506981738294,0.16758922510083882,2019121509
1.6744505813054515,1.2068426400230756,-0.34249769130314334,1.2154109101750854,-1.0952941639253304,-0.7190374856937278,2019121512
0.7938105882488805,-1.2446917890820135,-1.1553868586779257,-0.7633876302059324,0.2808799116564485,-0.5199801924568956,2019121509
1.4453133745503883,1.1174921903464947,0.06691998905179761,1.6420431683101921,-0.8299974478058962,-0.5090463854728609,2019121508
0.10183505626507283,-0.15434665764347588,1.2648915816903556,-0.8243215976117302,-1.2471100906059338,0.6752797330660343,2019121508
-0.06857347178607695,-0.366161073374606,0.7741558190146448,-0.12014814357920203,-0.3205648973631814,0.2920734730561648,2019121500
-0.06624816650273264,0.04579299709887247,0.7020705222667647,1.0611228100719607,-0.12340684792772635,0.7340511646919382,2019121500
0.43830739812657726,-1.3322698787968301,-0.8833480560209339,-0.572222300178507,0.14226686699463642,0.6282298673706577,2019121200
1.3025359698295593,-0.7935159438016192,-0.4005364539271933,0.5038543461403653,-0.35632949284018905,0.9005323108570668,2019121504
1.1283934987658526,-2.076379355845492,1.1722781454939182,0.07912057941355258,-0.006653201373282599,1.2750627272383637,2019121504
-0.10666299874849575,0.6530394662951987,0.3227001623637995,-0.7826263741442435,-1.5204170796088377,0.6650772970365649,2019121503
-0.0735601130725215,0.1342427548390013,0.7400968326763921,-1.3445666244553074,-1.5723536694771754,0.7203047360128615,2019121503
0.9576158535352514,-1.241299470891409,2.5918670531604375,0.06337713236346419,-0.8551590665822588,1.1638975771556495,2019121503
-1.052502667364629,-0.3126254523872243,-0.6732580086986865,1.261556126700678,0.9861698524740151,1.102502799781771,2019121502
-0.16674210838813158,1.0262156465403471,0.2931157642940067,0.28338313314286245,-1.303011610986742,1.0274086009169048,2019121501
0.8463605254209278,0.7086237449767828,1.4088165653475677,0.2726363139408446,0.04637879733092383,-0.08694190552338826,2019121501
0.02600513389779029,-0.07964286095518597,-0.9330655331209269,0.07834188833332983,-0.6388552674441963,1.6811917952647646,2019120900
0.32739012616315805,-0.07008707403121378,0.9478939354986248,-0.8328229435862127,-1.667151074848913,1.431411240369643,2019120813
0.8941500938013263,0.4293630961815076,-0.32148082041091064,1.0140303606146415,-0.6530751319686171,0.4943167207518405,2019120813
-1.3383998976924072,-0.16082520837986441,-0.6619375381371474,1.4709902419372407,1.017254766796895,1.4224583766837922,2019121511
1.538898545613318,1.1371144670126865,-0.46607369977744206,0.8293835102874209,-1.6006115006534103,0.40465503971387246,2019120810
0.15773617370169757,-0.6612218495580928,-0.19370474678666053,-0.2644140125724097,0.08189695641463628,-0.11112511203173496,2019121500
1.0827561753754755,0.20098975362951307,0.23000717212381977,1.6963828484650096,-0.13831995127122917,0.049685848223185135,2019120811
1.168032496900217,-0.9381797394505125,1.5219769818642195,0.006023317850491225,0.21427043072640364,-0.03109844102941472,2019120811
1.9457444166190652,-1.2625131167924661,-0.6595913155252836,-0.9145339002836106,-0.7541278554884919,0.021301892929223364,2019120811
0.18518358281549555,0.6532054433802581,-1.2931046257959544,1.1602136008574688,0.2282172434976264,-0.4194316929376936,2019120811
1.520346625952908,-1.6255252897137809,-1.0846123864038826,-0.7491584852870855,-0.01949907304985724,-0.03899726764314524,2019120811
1.0376195398744652,-1.6348876848995244,-0.4281823314039169,0.13121896516341194,0.5854422949958628,0.022936193450846933,2019120811
-0.40244322474475336,-1.72106919343663,0.10950047126863602,-0.4336204405462499,0.6181367625947238,0.9985983488416209,2019120811
1.532843438482123,-0.9724699429831136,-0.9262714966845897,-1.1219145817366636,-0.8536128380509906,0.12968877787956107,2019120810
-0.515160197184998,-0.7676916702924317,1.3757814805012012,-0.436323364750056,-0.20205061573227212,0.6063180645160694,2019120808
2.569443795032855,-0.7760467403096772,-0.9067333807651072,-0.5012760169984369,-0.4825166894499176,0.12004012394624461,2019120808
2.3991172166814208,-0.38940477480070723,0.5974831040243335,-0.4221337110665068,1.3088808317975529,0.8804822589644968,2019120808
0.6428281123708487,-1.1678758813723982,0.19067080558474725,-0.34913270755971093,0.10874538991721887,-0.19989586783716956,2019120810
0.23669810687456222,-1.102827695152513,0.3721283352826492,0.22293856882734553,-0.19448354318263236,1.7436701477350511,2019120810
1.5427808616719454,-1.303389975445936,-1.1050993771977116,0.30277861066601836,0.15187694664736623,0.40026764134209875,2019120810
0.9252038179568521,0.7875143167133722,-0.5512920872321992,1.4478460598638325,-0.38368098378402726,-0.18097871777176683,2019120806
1.4263414258025093,0.3903640411147833,0.5233826260686291,0.06370888628980872,0.5461994595231503,-0.38721170028515783,2019120806
2.507403816251972,2.525379355974932,0.8729864244598666,-1.5013682083371562,1.2650412628399739,0.8529640906391449,2019120811
-0.377349440263756,0.7693523107086269,0.7160106984078577,0.023537138866109662,-0.9220562065495165,0.23990557298276638,2019120811
0.3496819607751579,0.5959586333333563,1.037206210266622,1.3937821521708142,-0.9423164324410191,1.4292744096540217,2019120811
2.0224495629739048,1.0279045475353186,0.46066394508996533,0.5557622586222191,-0.5302756541974295,0.05617924936964091,2019120808
-0.03719063099887242,0.2415648136460166,0.9829074844133504,-0.34943939498334275,-1.295233064070214,1.0625035605710373,2019120808
0.20897100881956748,-0.6749437445295937,2.1141974529705907,-0.2561400916243226,-0.9067624090480161,1.0311488663664197,2019120808
0.14906690354712826,-0.08707720975745728,-1.465523420087001,1.4931004672637689,0.6566394587581114,0.6014185215650376,2019120808
0.5602464035817595,1.227999847359824,-0.48672453056550613,-0.026631981599086467,-1.7955465841949128,0.8576046050498363,2019120807
1.2600966510216933,-0.09960456468904395,0.7241257295428469,-0.6258350873406592,-1.4373449293579372,0.026141720646799826,2019120807
1.4971653546777917,-0.6502795864698855,1.4675081865897828,-0.4273863692382911,-1.004645378030022,-0.454381976929934,2019120807
0.07122691372635251,0.3051024911458114,0.2639809387685658,1.2372716546572025,-0.5636248491448796,1.6569443695350674,2019120807
1.8498316641230161,-0.5757002550934003,-1.2007805991583622,-0.1582638345577062,-0.7348467622650382,0.15878210682191848,2019120807
1.466237833144514,-0.29367906915947656,-0.7929451774991257,1.2525481455446856,-0.21082466875341474,0.6264164287217308,2019120807
0.8893863814501886,-1.7486820960984781,0.8396790226514419,-0.0965183872184886,0.0398804261092422,0.7769494308184104,2019120807
1.801119935025043,-1.6696918183697573,-1.0750112400882974,-0.3583369199104952,-0.18343069551601673,0.6367327618428192,2019120807
0.615497643576754,-0.40428958729994835,1.4504581717821434,-0.668896351029177,-1.0608690947783395,0.09578284365439632,2019121502
-0.263870862547866,-0.26863582646167533,-0.347043276905632,0.5465918987483149,-0.30517900241468704,1.9590699868310644,2019120900
0.002736667001007973,-1.4577856955255204,-0.6180316000906299,-0.912581964304072,0.27922801519303186,0.4905926728079164,2019120900
0.31440592999901734,-0.833287051550185,-0.8793247128025453,0.8996544962935356,0.4718470044873392,1.1175742603234509,2019120813
-0.10254451803572626,-0.5409979743073268,0.6728283586284887,1.8294085131158544,0.9780171481191858,0.2891552951258178,2019121503
3.2363342675916784,3.1546183627431357,-0.5860512226895956,-1.1784977239128769,4.960647654285207,1.818650263627098,2019121503
0.6211956037822072,1.2409435634527721,-0.5047412215425543,-0.12951096285236557,-1.6043235956218296,0.1195661252651693,2019121502
0.14621137695798223,-1.4855866100518245,0.009769282296427878,0.5674326905821669,0.9723030847067625,0.37692158352907124,2019120807
0.9775776935274579,0.7198781700376019,-0.013254724663209625,-0.11729557269812363,-1.555054659921577,0.262731375694159,2019120806
1.1026188494923062,1.3200244166725867,-0.28647938508912035,0.8950099774818822,-0.9135811772038127,-1.1034706762576714,2019120805
2.655744499850486,1.2346301575321705,0.6565862491811046,-1.2617787439544341,-0.1725546149565276,0.7400758385495477,2019120805
-0.3564165130610347,1.4177311233966103,0.10481001691689434,0.586970922796648,-0.9299051556785106,0.1176953035445466,2019120805
0.2712976767026096,-1.0401034826709081,2.624289192794497,-0.2095197279515008,-0.606344141352416,0.6774890870408408,2019120805
-0.0059925757491722555,-0.05170807496966507,0.9117650729098312,1.260455236879745,0.07597637421291438,0.505211946889918,2019120806
0.021335034482800375,-1.6492700674692569,1.0156157633631415,-0.48551216978148076,0.22607122701859583,0.6551543411964874,2019120805
-0.09692026291831482,-2.159831781548069,0.5360774331645684,-0.5314382343932093,0.8290325895843288,0.514977862832483,2019120805
3.15493600159032,0.7785417430755953,0.8476494305684317,-1.7349314188015046,-0.17105443484699026,0.14029729899444732,2019120804
1.2305739800805207,-1.0593742344444756,-0.5320484657139961,-0.7789794732930683,-0.6475787187114848,0.4750700550094189,2019120804
-0.7106768075187772,0.4112957558255427,-0.7151318888855581,1.0514277124030211,0.05170530788980183,1.276383480569333,2019120804
-0.36819731733479244,1.2032267515943518,0.723730096874175,1.500700773714384,-0.6634624773231045,0.8580754816994062,2019120807
-1.169273812613182,1.8978169826810445,-0.19211197112124587,0.8791375265137318,-1.4641456867888298,2.264001505843644,2019120800
0.24613376298907536,0.5560499967238367,1.2298934766323988,1.3484606989031063,-0.5361019404829663,0.44211115699949843,2019120800
-0.3063538483887831,0.6409234255545913,1.620120963201501,1.7882713164748685,-0.09528143857678782,0.34346357591723975,2019120807
2.182315977564098,-0.7311548365920761,-0.12366633311759624,-0.656234886017816,-1.1293875090316037,-0.34847598075162983,2019120807
1.5642472663033757,-0.896944204525169,0.567775598291376,-0.22314606442838397,-0.7701609402308048,0.16699861731072874,2019120807
1.9535517186587799,0.647647912050671,0.03069278355125524,0.7933781943145441,-1.2634215405880185,-0.40344623253920914,2019120803
0.22523476518228408,-0.4547027238777178,1.8195718904333937,-0.5415762480957228,-0.6854391446335497,-0.23932204807983543,2019120803
0.9415880598175729,0.05455567835323799,-0.6089061673781799,-0.8553019828367832,-1.138182125688118,-0.15470445349369386,2019120803
0.3582451210071463,0.6662422607440238,-0.15556800936755738,1.259078756005971,-0.12760129759590563,-0.29990794899748835,2019120803
1.20123901821118,-1.0834910118164394,1.138603205122323,0.16140679629509003,-0.49574727198122326,0.5802669857860195,2019120803
1.4211808668056185,-0.24196163204292145,-1.2573698287478154,0.05297906903717135,-0.3908134620231338,-0.43730543983298653,2019120801
-0.5960786860634131,0.3648452647106264,-1.2656506284975562,-0.25403844035227285,-0.49324847078034223,1.0080214726836572,2019120801
-0.061428268693091315,-0.5835599042814661,-0.2649604329153811,-0.02456633128611143,-0.4221336136525388,1.717187110878033,2019120801
0.7488523424099124,-1.773503867705847,-0.7245575937572889,-1.0570993824008512,-0.1698656047867305,1.0641203776311865,2019120801
-0.3486671073203975,-0.7235438300042359,-0.534802539965169,1.0595122083738793,0.9978437810774551,0.5257225979450361,2019120801
1.2801218703433754,0.7831111330835487,-0.6838966461409335,1.7108273011618385,-0.6331801749857499,0.4250556986017452,2019120800
0.34442716899983683,0.35702264710097087,0.14143261371891572,0.9989175069903783,-0.11937981807503659,-0.23835068383662353,2019120800
0.4595540864124219,-0.015445845070011958,-1.3694191881540005,-0.568120743642337,-0.5677354553423359,0.07205734057946826,2019120111
-0.38406457360854673,-1.0021753025743154,-0.4157982728997461,0.5234755856069133,0.7770155389614863,0.8402565144703728,2019120804
1.0834669197470979,-1.396909137996806,0.2727657484203294,-0.1254694474043013,-0.16054868046620682,0.6010426338786025,2019120500
1.574236825134845,0.6160379623022721,-0.20488985379887845,-0.21689291653723525,-1.6826058840695712,-0.07887978215598755,2019120200
1.069499169345137,0.49285135625455057,-0.4118839697951204,1.2639125030529892,-0.7185269296833174,0.7055014069216494,2019120200
1.8271118957527352,-1.251028695108596,2.790506171068232,0.20889750031146115,-0.44910269015949494,0.9125969773055045,2019120500
2.691013388445466,2.593235504749915,0.44679206107421254,-1.9516654447440116,2.6306554432078086,0.3504923423674006,2019120500
1.106111069202394,-1.3325565398649135,-0.7783651916458654,0.5742216163804139,0.24409541258179485,1.044183749386429,2019120809
-0.3072012375115726,-0.7675481629039336,-1.100515928961515,-0.3296510940729261,0.3936274056273831,0.392750766968351,2019120803
1.9506040044820672,-0.04670614313265559,0.27558968913833737,-0.673015351177517,-1.7291486678112509,-0.11552379234190324,2019120802
1.9436988797300132,-0.8574245445407078,-0.14042698800318623,0.973971870791871,0.034805842330109686,0.6103381335316092,2019120806
0.7075741302747727,0.4577419348046512,-1.4051393096034837,0.8494526140004774,0.11620389838149482,-0.868443715639764,2019120802
1.9047079041192723,0.7106708894876783,0.8264542405471876,-0.863214631680669,-0.5743586430831119,0.5687450878467571,2019120111
0.154716904943867,1.4184257479216267,-0.29381898684782337,0.2783615272946353,-1.2443611222964361,-0.021022591833051007,2019120111
0.8930130466286283,0.38954011806212446,1.416424923930594,2.6356870574897826,-0.34614587566696864,0.20814997575211774,2019120108
1.4210863252944852,-1.9918690322867996,-0.4127851046392296,-0.20869973839402045,0.07296988251126481,0.9935879152416188,2019120111
0.09012354399671638,-1.5721964777226904,0.9200034129916241,-0.5040359436077444,0.33389972986714467,0.1590026422892257,2019120800
0.01267280758824585,-0.32814868635162187,0.4353359184973925,2.2189621958428822,0.7832118179675455,0.906275677062023,2019120800
1.1095824581984892,-0.22753997977870485,-1.928776497147416,1.1290369023097178,0.24093723994782718,0.32617525835873656,2019120800
-0.6257190831532777,-1.0412970340198933,-0.26078507768568665,0.4857889746741659,0.8446404196872159,0.9406542222904214,2019120800
0.6891535700426755,0.003926759387714608,0.5601384212520225,-1.496777460900423,-1.4704917978556118,-0.4696933840849813,2019120500
0.04609087969592441,1.1340731541079707,0.5349877947932513,1.1036586390453103,-0.5802979618957209,-0.2687099272162246,2019120500
-0.10148081930121537,0.20362431374634546,1.5536966099729903,0.48444687712135304,-0.4489934650140972,-0.03938421306713944,2019120500
1.2727917175278698,-1.3347152163801568,-0.0735550318441415,-0.6030252519221873,-0.3213784212776531,0.12412305833436893,2019120500
-0.6704011930943102,1.5099638531445834,-0.07135967674536653,0.31531091737569383,-1.325975574731359,1.0893291405093586,2019120110
0.4617258061640075,0.620023220392771,0.5725894079772053,0.4819782416381449,-1.3205424856154064,1.1247808368353174,2019120110
1.510577872749891,0.14725177762496405,1.4965820523865843,0.5674650751068733,1.1568697847889455,0.48255821841383695,2019120803
1.8860648738652548,0.13264190420756253,-0.39761526099479755,-1.8894024132816822,0.8433273838922165,0.1826452311421381,2019120803
-0.2676699428270589,-0.31065372215968645,-0.07806924699870639,0.6608524843802034,0.33262166832395257,0.43510216591870216,2019120803
-0.7214889377686939,-0.5273106490185601,0.2774582072750802,0.3583758437911357,0.33679735433238034,0.8455085809221653,2019120803
1.3656525544727425,-1.0400636143226525,-0.8431531196834018,-1.196767582457028,-1.0082254580087582,0.7352846983663425,2019120200
0.8871128656458527,0.4941415255062215,-0.5598734005084136,0.7793989083909307,-0.9741133492427329,0.988275892110208,2019120802
1.9657225424141171,0.40818531615728415,-0.27238882844913864,1.685494066838536,-0.4122044950642359,0.3131010000091235,2019120802
0.3821800178579473,-0.49090924899416893,-1.086004829444991,-1.2580787361804515,-0.930768239957829,0.8791259124780278,2019120805
1.2409555516736073,-0.09409626513633232,-1.0208345426941208,1.081360541404906,-0.31814899304431127,0.7013884363139431,2019120805
1.8667301919147716,0.037712488163537006,1.0875974663321923,0.22313519721261005,-0.9826243247351794,0.659504913874304,2019120802
1.4150327862578678,-0.015749738891967808,-0.5265361891944949,-0.4412090208581116,-0.9003770703840605,-0.7287757776042733,2019120802
0.2255345903563346,-0.2982515762859752,0.8730554687471771,0.7717848499006437,-0.22495522829949338,0.7452941109246773,2019120801
0.1745805668987903,0.6361902848885617,1.2528198794431924,1.8219079439253951,-0.7368052553189173,1.5722826794129654,2019120110
1.862010091204865,0.31667429295637367,0.07648123770515422,-0.33070906210326345,-1.4059561311858575,-0.9214532683963766,2019120109
0.22929782482651961,0.8659209389237827,0.19458446055656517,-0.07577597798971375,-1.3526325577493261,0.44866680156747824,2019120109
0.20532742262025078,0.09091361651168411,1.2779862058735298,-0.004597340609964495,-0.9102931120738584,0.3737933796160823,2019120109
-0.97726350064456,0.0862860671398025,0.5297201780516313,-0.12795175279927504,-0.6020151119436826,1.516006725613768,2019120109
1.5531814903119434,-0.5627984386496494,-0.5770581454801712,0.9404314616585934,-0.11584717596745009,0.21686368942129552,2019120109
-0.3209167675205985,-1.4631131702491547,0.7951325361298519,-0.8028674592223588,0.0758472553764467,0.8127203541552385,2019120108
0.4739311272467317,-1.3881238441147947,0.6589007788147172,0.0897631735510833,0.10712316904250037,0.8492047508357197,2019120106
0.44716190306538667,0.04715208008757576,0.049933143383559885,1.1039286879528798,-0.33903387491573034,-0.8885459070277333,2019120108
4.380959390040604,3.8113824183732357,0.4466687243162646,-4.2950328050578985,6.840392811202813,2.183090238439602,2019120106
1.5325944742120956,0.3843671870253587,0.18071338262419356,-0.09307154818531993,-1.4951781993822357,-0.0794000372576224,2019120104
0.24052137891256403,-1.5699097423779529,0.9026118266328795,-0.17315949173354642,0.14425647987522022,0.9191351989087485,2019120107
2.0129483343142316,1.0480741359547423,1.7624689791136423,-0.6701291814355529,0.6641702525582478,1.0511288123002955,2019120104
0.4372367988780481,-0.0507385356538254,-1.6664340800735142,1.5385993386799428,0.4759535928116503,0.7670450281848458,2019120108
0.07942593517073107,-2.087530459230932,0.13739167140365335,-0.680162369557054,0.15244846721934407,1.8598058490528728,2019120802
1.0594960207672335,-2.343000376807897,0.16693565958162304,-0.3452756132195401,0.25545630107688,1.200196806889023,2019120108
0.3293402210210404,0.4443700025090269,-0.17795219186742295,0.7411920763130527,-0.616626087107777,0.6838730950835725,2019120107
1.3417564230939902,-0.6003079367714551,0.7782548818866952,-0.571601818830191,-0.10043602551821534,-0.5584854112474459,2019120110
0.9914737466023046,-1.1690110440643844,-0.46293720782251774,-1.2103283264484408,-0.7466815634815122,0.611599327762496,2019120110
0.3022075094303115,-0.851293618239296,-1.0634183109319792,0.5260095615166488,0.13750523714570156,1.5828746937018177,2019120110
0.09770358965723494,0.3302821562105059,-2.4294292581442525,0.4959576936378097,0.027909056570961526,0.5468009067540274,2019120103
0.7842190840268921,-1.109398281582969,-1.3078775014528472,-0.6043568402070183,0.12656941987808965,-0.062152586031556926,2019120103
0.33739648733078265,0.9976939013436918,-0.5946529720996673,1.420261137359864,-0.48435441087605846,0.46821378475232345,2019112802
1.0770907969911623,0.45326131827992033,-0.614690148981951,0.670259776287076,-0.9419807948152531,0.5931952318703021,2019120100
1.7045884751339813,-1.0710948193423198,-0.7399949890466065,-1.0061018864719244,-0.4879635866786859,-0.7852970090481832,2019120100
1.3847489932405865,-1.1720918737696575,-0.6341544591206835,-1.1145639663849916,-0.8891773222314984,0.6668773519192748,2019120100
1.3097050796196337,-1.1383561359464056,0.12711692692901774,-0.8977960436721778,0.21496768681509817,-0.3428056778126033,2019120100
3.4953449692977454,1.432702158508787,1.809103108065133,-3.070879991819048,5.852158128838842,2.234214718706086,2019120100
-0.08866733393077758,0.5001883928627907,-0.7971555921101705,0.9442780891196725,-2.481080231223372,-0.9908771996443091,2019112802
0.6850235801815654,0.5495403268913194,0.596064208978486,0.40561271284302197,-1.1246803591000116,0.3273815243630541,2019112802
0.8935216351951338,-0.25784579704735516,1.5382556283050421,0.36391748937553536,-0.8513733700971077,0.3375839603925235,2019112802
0.547752134302155,-1.2066209998757018,-0.7584772634855289,0.01153854712215165,-2.326222669324688,-1.2104353343154097,2019120104
-0.18102184049703599,0.9580577945151407,-0.559627068224813,0.8162311464452371,-0.6309960409396501,0.746697895559536,2019120104
1.7954550534143252,-1.2463363373203575,-0.7304767270383968,-1.0934751888934409,-0.9607570749276598,0.5062145505281196,2019120104
0.65104405745836,0.10632431709141305,0.7239616334338145,-0.6515526454729375,-1.4374358508999467,0.4352559640605044,2019120103
0.10838908548351361,-0.4162686748666357,1.8895832882912789,-0.34873996630035664,-0.6583091022811016,0.02036843525107956,2019120103
-0.30710621280090294,0.7011761581915825,-0.5933176938203705,-0.0678310105378061,-1.0520325755930722,1.2354663365774212,2019120106
0.7033784071606209,-0.3722452998902447,-0.49133240311195353,0.5135546555591037,0.20312908713187144,-0.4529750097668317,2019120101
1.5016929102397476,-1.509872359372766,-1.160694900058973,-0.4016841999716904,-0.2051874510713497,0.7814003825474838,2019120101
1.2957040310461014,-0.07875580825491708,-0.4255224867949415,-0.44204449674208196,-0.9832486138911904,-0.28451598935595407,2019120102
0.16398810159631258,0.03879419446574059,0.23123511229028137,0.022687882096893396,-0.3439608817831932,-0.25749323813600017,2019120102
0.6496400576674493,-1.0082680355584375,1.3088250771865775,0.050675973000292085,-0.26978662529423647,0.370217490535923,2019120102
1.9743150652615953,-1.0058020146346331,-0.858400277804904,-0.6743899587137561,-0.5947352931634803,-0.4694242406769798,2019120102
-0.03288834472173073,0.05862531142916527,-0.9280850358251368,0.1322835297106101,-0.1871342687786756,0.4147219301344231,2019120102
1.587661843670512,-1.4596986043401092,0.3684469556333755,0.5279905562736305,-0.05858848671327054,0.6564698288566797,2019120102
0.9827662767151611,-1.9267745301069206,-0.06927233850161184,0.09293287250853624,0.5833583778570517,0.4220218079310402,2019120102
0.5333841400687017,-1.7856171355606567,-0.004648265205914698,0.14838704196057467,0.6846046300494103,0.5585471757597437,2019120106
1.0838961958013436,0.036976339175874146,1.0011571283409593,0.41409337425388276,-1.2765764344998025,0.9507032930128151,2019112801
0.10625285751333696,0.4281540962735183,-0.0428391079853982,0.7562963761347751,-0.552885676140013,0.8111210191166022,2019112801
-0.22169217563428548,0.555077605475163,0.18779108700064015,1.3991431215021508,-0.38727599296132237,1.4029103815414137,2019112801
1.6358045468852556,1.8756680289407388,0.35250882011572765,-1.5834395146311844,1.4429764401980523,1.2135969907770172,2019120107
0.024549919175257662,-0.10547703509056781,-0.9085813254198878,-0.13979853928400604,-0.4273848596844726,0.8635069277246648,2019112801
0.18429990250824954,-1.0557840191928447,-1.439349359462624,-1.4058518935577389,-0.11887292677612124,0.2050924834672902,2019112801
0.40346114017827783,-1.1565461701086988,-0.8822557650137999,-0.2358023312026133,0.46673701402178003,-0.00783721778751746,2019112801
-1.118978035993054,0.011958792981636945,-1.2864511211631908,0.8643848067045838,0.5276178691954018,1.4931984049238882,2019120104
0.7090028050240288,0.782051265382689,0.1612377271506393,-0.1344722032978271,-1.05678127011378,-0.8782990871701721,2019112411
0.584956863056298,-0.8406721707367956,-0.7827288406752544,-1.551494228091814,-0.7180906240088211,0.1441881260501388,2019112411
1.3088269482579429,-1.1925543136503056,-0.051937524886668966,0.11435923942671355,-0.37389004305755147,0.9593767933674023,2019112411
0.07302086711980599,-1.1413590146391361,-1.2573434315742353,-1.3835933909880942,-0.025536418524626573,0.22108766415378056,2019112411
0.7134428623348665,-1.08047216644707,-0.9308418069549397,0.5765110443257664,0.18885808998476533,1.3269543296506139,2019112411
2.527553426376948,1.772126738880443,-0.5538834416817068,0.7914714361683687,0.6502309111582024,0.5143512826478788,2019112408
0.0845709212342135,0.8450876310486601,-1.819483306011342,0.693476118517242,-0.45593376800504537,0.7056853484550515,2019112408
0.17676091514242712,-0.7923788288557279,-1.1190382875987004,0.1141388002066003,0.4513399394148502,0.2737942666325812,2019112408
1.5795801165734358,0.40890147693275175,1.0553344886155482,2.128453464991155,-0.6606957378468874,0.4180995300726707,2019112800
1.884287839296835,-0.511233482313055,-1.2172841443960307,0.0019762620773943673,-0.6459176659889134,-0.0007455036495241152,2019112800
1.4683274705473117,-0.9571080841431027,-0.664952513776293,-0.41383588449066383,-0.7332779356128258,0.7659011289346609,2019112800
0.4275772988273017,0.2796103740328091,-2.2498629983876257,0.8750668849393946,0.5167930416579003,-0.6112107568952081,2019112800
-0.13383012293469135,0.0009328326088090769,-1.8930266482605187,0.3286529980237151,0.3727770346102752,0.0941134454886883,2019112800
1.7024188145414703,0.3067857761103976,-1.4616632834776444,1.7165224222264859,-0.19901954312563885,0.13507145437307636,2019112410
1.0354558433560268,-1.6334791717946775,0.8623626943048701,0.319205944970031,0.3651052413207319,0.10837172918561963,2019112410
1.4722028860919207,-1.3714588954050482,-1.2061959639046405,-0.17458078124811802,-0.0741133756283184,0.5717893831841181,2019112410
-1.0479234079624158,-0.29872152407881186,-1.0739606552386023,0.44481893693786134,0.5297817959472761,1.2700234923078764,2019112410
-0.5204270163212743,-0.4872314782433152,0.3172705287844807,1.0476155124720319,0.1922268347027376,1.8346295261650063,2019112405
0.7346322047214792,0.42500694106743525,-0.4823081224184743,1.1726601308752107,-2.0986328015278106,-0.9333081881551261,2019112408
1.1339220211173964,0.04015542804761707,-0.27149257196946197,0.30012391928365817,-0.9844983043740344,0.7039316250395802,2019120103
2.6685710306707633,2.1077277129085,0.04868272385001831,0.8490901239376509,1.5874695598442101,0.7728920238511994,2019120103
0.8882817021947725,-1.086736254228809,-0.23331641953623794,-0.4257066822588517,-0.5966801615471502,1.2236742452551437,2019120103
1.8369418390993366,-0.24514634168313265,0.7674218971703142,-1.1058661418900746,-1.214153684131834,-0.8454252794637094,2019112801
1.127552798875479,-0.1358277468723336,-1.2567306966636644,0.3299931401110868,-0.6726065314068118,0.8858085704100488,2019120107
1.0189874547086186,-0.5282869069576996,-0.08376348148296844,0.10634240972746925,0.5184449027304098,-0.33195845213486025,2019120107
1.3558486779968053,0.009450628264957173,-0.7924556787070841,-0.3087742462080768,1.6844972260927717,0.6265012233975858,2019120107
0.22938211835287703,1.8457513922114344,-0.8557011836665079,0.6488401872947174,-1.7172346201584732,1.0945782658790701,2019120106
0.14317161793969907,1.2973450523895655,-0.1864085531863239,0.27313326493177975,-1.3857405943991479,0.5261167568496434,2019120106
1.9522779023810766,1.0377611180262432,1.1397213801636947,-0.6022157202012439,0.3182267923315426,-0.3339210828150717,2019120106
-0.7084702297962762,1.8258803278527171,-0.4267517379746229,0.48990765232808475,-1.4940421565821775,1.4032403113678702,2019112408
1.780398843680757,-1.0921960999177454,-0.7480970170886596,-0.9770630119065737,-0.5253990256908141,-0.7074591430597695,2019112409
1.5747861113525186,-0.413264103715465,-1.0691593206382075,0.3586099511027758,-0.5542221422718889,0.44079759702389204,2019112409
-0.3602263380985987,0.4345523643433803,-1.0211487074463383,0.8731840630867875,-0.21925766694700047,1.3445598969801982,2019112409
0.8398870895156403,-0.5072229816401975,-0.15682373360331192,1.1716038583196704,0.29843662801615095,0.1480139421631231,2019112409
0.24995782085606577,-1.5426730085373161,-0.6610502652741855,-1.045473132597046,0.277809600366349,0.1464996623434432,2019112409
0.48675800642163003,-0.6829083841968211,-1.0167420717718019,1.1135209795670764,0.6397631745126285,0.5406370778166699,2019112409
1.3709986966084948,1.3779465620617382,-0.4686774640182367,1.1605166408870828,-1.2051549453599755,-0.3602375612081488,2019112407
1.6067690136226682,-1.1028329959792498,2.1349294955603115,0.1473980905963564,-1.020598269747319,0.7848665877070901,2019112407
1.388667289989258,-0.17044959989958144,0.40352726737069167,-1.2488419434107632,-1.996097280394101,0.685057972702042,2019112405
1.9389737927271833,0.04491678252107077,1.3227977302213876,0.8573737877706816,-0.7085018727360598,0.6355166511331507,2019112405
0.8319020237594168,-1.232502077023225,0.2049774138480194,-0.09479920262910208,-0.11056435957090265,0.5843741223448049,2019112405
0.061492857786369655,-0.1976530174453258,-0.0901421242695981,-1.1956426525070647,-1.2919101849655525,1.177636415364533,2019112404
0.46245896291825883,-0.19750248891927052,1.4577690704763437,-0.20584536461088515,-0.894070967070116,0.14676658850545526,2019112402
1.4140817439323574,-0.8289074692389361,0.5594954466744432,-0.06308338594174956,-0.906760469966272,0.8290077528740013,2019112402
-0.0064510342429757676,-0.18236480138319602,1.2033379926077503,1.3057206599856344,-1.3189409315183978,0.4364108178408898,2019112410
1.7548846918545935,0.6934647721974765,1.7583907754541155,-1.9755960906530152,2.0215428852171122,0.5373674375397038,2019112410
0.3771413836758524,0.9387227524428512,0.26309481152040204,0.6487627161071092,-1.375548082245494,1.1726677932539724,2019112500
2.4920782943036466,1.5848518341484858,0.3096542510412046,-1.69061312479188,1.4416489469133784,0.46038973689883944,2019112500
0.1462871940107836,-0.7741352656313587,-0.8112914770851605,-1.714673159144418,-1.0036365149846873,1.1336256654684607,2019112500
0.11324911301286572,-0.02122716645462375,-0.47446308863251796,1.3705711056385923,-0.05705939419179458,1.582227620007025,2019112500
2.1482533929131247,-1.112852756906597,-0.8525335526167299,-1.0825386311780296,0.8130191366814856,0.037356080327554254,2019112500
1.6944432328965915,0.843676002950727,-0.8237129376565686,-1.0940985933964702,1.1854284833491888,-0.4251510267422851,2019112802
0.2835505947014889,1.4846970653366154,-0.33832467145957995,0.5204314092495564,-1.1967519347904054,-0.07586212010309909,2019112409
1.3553223405572745,-0.3209693896315886,0.9953332490749601,-0.4239186624123043,-1.4924021645407397,0.6104660659673309,2019112409
-0.7362704505269662,0.9420622277480517,0.6238595217131915,0.3012092676755294,-1.3465063584376564,1.9402965410121975,2019112409
0.9213538631995773,-1.2200588521322082,-0.2802353898537806,-1.070941013143049,-0.5730099688666365,0.46716263709403383,2019112802
1.4816152012488195,-1.6344438003209385,0.4412542687727825,0.10192854149448978,-0.22867773974958897,0.9218246173736031,2019112802
0.011381412808188733,-0.2596879040674361,-1.186021721472108,1.378212851651928,0.8372549224921056,0.34867670516114185,2019112802
0.3523693321129787,1.005212625131391,-1.1588532153566338,0.294216912801438,-1.1908646786230885,0.9137528230888626,2019112400
0.9659183247657089,-0.6452404140781185,-1.4298698348405194,0.8383432451092998,0.3463796974781565,0.3768774879931108,2019111800
0.7939312243578416,-1.2159320389071167,-0.6069436904616414,0.9855135805319559,0.43248897209087545,1.2724988071624406,2019111800
0.617761002744164,0.6075287938801344,-0.7394902403816785,0.05480163828073171,-0.7388319443775625,-0.4116899640228271,2019111711
0.4528511096005242,0.014493740331865814,-1.3866186234720177,-0.525009457742984,-0.5591414454295922,0.07296160146297796,2019111711
1.0633394290380889,-0.9113200328803234,0.39357196792428467,1.5175363771941452,0.4887216616863952,0.33945015479264257,2019111711
1.147663508687352,-1.5151196283156954,-1.2480959556550861,-1.2152068821362565,-0.17054811508881884,0.06396405200613411,2019111711
-0.039199308772011054,-0.4591393006882548,-0.6614050960330239,2.0294816824167885,1.0633344106400082,0.8878229717891735,2019111711
1.5795353053822365,-0.6995778921484487,-0.7920588088837691,0.15123961284165308,-0.5498851325089855,0.529205078397738,2019112403
-0.6300903588063687,-1.0054699624134371,-1.1591945012977325,-1.400466800149226,-0.1209773632444755,1.1004076511452756,2019112400
0.2080921091966199,-0.06630026139960704,1.350672153434254,-0.45952081180598997,-0.8174183000864566,-0.26022644389012306,2019111800
0.19865738165709207,-0.583688538797994,-1.1391991654457978,-1.8700588241688785,-1.1115541837054541,0.9191093559056716,2019111800
0.9296773649972697,-0.6166175577821594,1.6343334925596718,-0.6455663784137197,-0.8714982973771254,-0.47805364549560686,2019112401
-0.1051933434783343,-0.4292193330501044,2.0812043899611004,-0.09240126040768337,-0.629831047314437,0.5370366192623803,2019112401
0.20107629987658415,0.43668351744139944,-0.42376300877196155,-0.14209318079939615,-0.7424251978850661,0.05241688340659779,2019120101
-0.07012407882093713,0.28905989196182547,0.05408213823944059,0.5308829036344268,-0.8089058720446147,1.6021905054042973,2019120101
0.1265061190432042,-0.31308876907966143,0.16742805328642232,1.8030414510506125,0.5231475842202941,0.926412061308561,2019112409
-0.5795784324579745,0.5684107988833301,0.46922895607486764,-1.1673066308053484,-1.6352895293776695,1.1438910584870956,2019112411
-0.6527143720288111,0.8289398306076837,-0.4119107442391066,0.15875218704063604,-0.6310961187408144,0.6210548323673715,2019112401
-0.07352652983923007,0.5827443397133447,-0.1592255833441791,0.8044585062485176,-0.6284408201361495,1.0864226773521326,2019112401
1.39857256315933,-1.4284688496865607,0.2032580896020653,0.08658824751092511,-0.30558089635994207,0.9401485749287479,2019112401
0.8113173694480956,0.3775553306799324,-1.5901209488539938,0.6464440344626883,-0.4967102152281923,0.5165168848295683,2019111710
1.7857211480852995,-0.7671324367245878,-0.7731681042514926,0.2402236009093961,-0.5616089439953488,0.5226404172525935,2019111710
0.6974370356243687,-0.42691632851447076,-0.3053048045108949,1.0770177771368559,0.008412922852448946,0.8748133806394246,2019111710
-0.013616850188543401,-1.1103011707181842,-0.09610187931451389,1.4738601589696765,0.9581223745482713,1.27605745566725,2019111710
0.8190403779614529,1.3078859062354182,0.1504487944456185,1.6297399637764118,-0.6414018379185715,-0.5541427049504563,2019111706
1.047686128882763,-0.3067148060958849,1.8352097012188893,-0.43328084594871913,-0.2892543885252799,-0.6613892997097884,2019111706
2.034255675622349,-0.09741477987811545,0.15793290885505767,-0.5113801258200532,-1.7257636469211624,-0.7805297754080363,2019111708
0.6399512525850161,-1.223309640316173,-0.4971320699396866,1.0727680408183822,0.4673879539592547,1.4784888580673936,2019111708
0.7708713885947337,-1.3913005479766827,-0.09035830760256598,1.3491946634704377,1.0823343461550385,0.2308800320197441,2019111705
2.0970515353754897,0.7999694735315245,-0.011603865240773559,1.4156959648935923,-1.237771159015565,-0.04020676285098554,2019111704
0.47822415122132855,-0.20780149716311877,1.3985603766745294,-0.4374001458267191,-0.8712870907397264,-0.21670771614334458,2019111704
1.7565300126715773,0.1774137236836789,0.3448099576483698,0.011910791601491921,-1.572655936762708,0.2729883018284843,2019112403
0.36765181825261106,0.9688539453880896,0.35746905150064356,0.5945971138682549,-0.8739835671096013,-0.28470120297834123,2019112403
0.8379374914313535,-0.8505961417814457,2.1582542279184076,-0.11142635838460643,-0.725753895592604,0.22152449248737716,2019112403
1.166469081954238,-1.816403005635619,1.0299772010020947,0.5604989270543579,0.11747700495062997,1.1737568536104315,2019112407
1.1356481157189897,-0.6815582619101884,-1.7497724069323264,0.3324651997749432,-0.13203756719462617,0.8753618686934006,2019112407
1.6900685878171855,-0.7771789208271371,0.32537344632653453,-0.20416064547036583,-0.9554859441195774,0.3919859566181338,2019112403
1.8918806396763557,3.326865489996004,1.0218919422126347,-2.870442205711297,1.6388821624722203,2.7499349919257905,2019112402
1.8689993034443788,-0.8796837110887676,-1.0466815713765567,-0.6633942183876306,-0.8925279378431136,0.3110756302252834,2019112402
0.6353263961626151,-0.7140519796700726,0.47760451235772644,1.9101271493709573,0.5594150980324328,0.8931502596961077,2019112100
0.9499045183552502,-0.08897976861371255,0.6141238866006814,-1.3768872338956384,-1.4190685428040815,-0.6384984383520975,2019111800
-0.07443900483050865,-1.0482847253577812,-0.5013178367613891,0.5058458636779962,0.7553497049481627,0.5758098917613328,2019112400
0.5214925879340612,-0.9001958133410258,-0.44371945658697454,2.0350630909682383,0.7931448676473037,1.5470414704113862,2019112400
1.3782564269385431,-1.22885108810474,-0.4927660095553949,-1.1327139094590393,-0.6209807748355957,-0.0023697756364494727,2019112402
0.8660524096851124,0.051985630513248365,-0.8772230298432571,1.2867171249014233,0.027161917599343676,0.27516328055533634,2019112402
0.1211628276046135,-0.10595228371014093,-1.0927962891280045,-0.5423049304777775,-0.49876256200238994,0.4294327490799027,2019112407
-0.2554552381348125,0.42997170445731114,-1.2126484435374771,0.6457068136109991,-0.5106997869373855,1.7272663249920264,2019112407
1.1227957757567573,1.0351502582793637,0.1960571964041214,1.5882393635232857,-1.1345131475666528,0.7298999325971924,2019112404
0.7565670250606705,-0.1295929918306397,1.5566687202088758,0.6860876288689606,-0.7984612980064282,0.5999872263739678,2019112404
-0.8381432640045213,-0.35088896723258134,-0.510769818681394,1.7126380603185003,1.2206837824499772,0.844770009039174,2019112402
0.8885434703822456,0.5109371400334377,1.2749717571253045,2.1462210235104457,-0.4918246049287993,0.6550226057214227,2019112400
1.1057331429608066,0.709101140288383,0.3208330901131869,0.6140545211499573,-1.0329830797131956,-0.3508576268472851,2019111707
1.1870123581838685,0.042571786599811506,-2.4179727464053755,1.0445920911137745,-0.13906144592680797,0.8077562925646524,2019111706
0.4363416015575011,-0.6169809079990799,-0.9487354598475862,1.4331656969533069,0.7347498235577483,0.6658416451221038,2019111706
3.0408814772833335,1.9386812348323306,0.17780211515967567,-0.5462407825487724,0.2031648819470895,0.107960446958225,2019111705
1.4902936036791172,2.2986207355460255,-0.35622811157232637,0.6105484243372962,-0.2735166575843641,0.06395682986772179,2019111705
1.5951435966426801,1.9580452559357524,0.6917673856735825,-1.0924375722970805,0.5659253530779963,0.08227269077500472,2019111705
0.9972057213297606,0.23903772440494403,0.11773950430027189,1.6830555527838822,1.3374553830408678,0.16042811328817483,2019111708
1.2133457479659147,-0.1902451836172955,1.2815328406110813,0.28531076545650585,-0.9164617936790881,-0.04664166432089191,2019111705
0.6683542427498161,-1.7847700302556797,-0.22747592130346267,-0.4213362304677533,0.7202303601832293,-0.4262833951017516,2019111705
1.3401289443982003,2.6513770017534934,0.24935224659282637,0.39958377769350084,0.6114736656533013,0.43669793202868706,2019111701
0.8875680992610281,-0.32281306102963225,1.087563060817959,-0.6695854365202328,-1.5939710642420497,1.117938565397862,2019111701
0.8595016365895792,-0.9145807238516972,2.1853683261714196,-0.022619788465329575,-0.9630063330905593,1.0364965773769477,2019111701
-0.689358918679414,1.5561645930039982,-1.2561026537995377,0.46819526903722974,-0.9350263258025056,0.9409118236285766,2019111701
0.7202072309052999,0.14830149369241036,0.6307543681570861,1.2395440274014904,0.32996131751143537,-0.48365610753501403,2019111701
-0.6601614849275955,-1.584358125768681,0.4434828642851054,2.207669263652426,-1.7900871481087515,-0.4480179932088903,2019111701
2.11337416220269,2.9209406574610344,-0.9993997997847901,-0.9081267226345956,2.8658410069478197,0.38811565250258223,2019111701
1.4848049791815416,-0.2707732439494072,-0.8128452888311606,1.3053390562991556,-0.21470913851138043,0.6532666449347119,2019111701
1.312036084069198,-0.7967044588251163,1.3813855891458546,-0.652940980642739,1.6955242326318822,0.49881120680014407,2019111701
0.44162663480445496,-0.4823359561711308,-0.9404291819194748,1.9111831466029474,0.818083063328971,0.8715968610664804,2019112407
0.7371590363872729,-0.9850775805812269,-1.6417610663431854,-0.8286506098401079,-0.3496043595711977,0.8350294984426778,2019112401
-1.2382486836241404,-1.3747881227656888,-0.24495104010239044,-1.0357348342677404,0.2558897653867486,1.7329484685614804,2019112401
2.8724105278604566,4.019331433501759,0.1250478801625593,-0.6974450960697639,1.835806894285214,1.2980655881027576,2019112400
0.1320536984416593,1.578759582301591,-0.2595153554792935,0.8013576272153193,-1.051851367062448,-0.05444137411555021,2019112400
-0.006564274349474788,0.1972208087337947,0.9336134535465314,-0.44907632038054685,-1.5011076153250358,1.5149056016953177,2019112400
0.8192146496994983,-0.16143104850795345,2.2970530413529686,-1.0057837853042007,0.18108257435689357,-0.098698652297742,2019112400
0.9709878263649695,0.3127838434457393,-1.5253327794492642,0.727615762047005,-0.3953730414938243,0.24392800924456676,2019111800
1.2700982315050195,-1.349456535017228,-0.20114061218577886,-0.7354357806281232,-0.69098254462039,0.978843751691007,2019111800
1.2027823092132124,0.6116519338525802,0.9591680661892736,-1.8921559067516267,-0.43548405775953575,-0.1807360941724294,2019112100
0.5423999037384913,1.1881475702675768,-1.0961650711530777,1.1114157476960087,-0.811973123136573,0.4750677709629001,2019111708
0.021556111204761145,-0.44775341771837424,-1.2788823182309794,-1.8765549691812966,-1.2838073634936467,1.4076390570386064,2019111708
1.4236556164560152,0.5730587866508314,-0.7477155626229306,1.0065419086725957,-0.7647159466928739,-0.015348306227584858,2019112100
-0.3194657453609191,0.4408909243231387,-0.8066391867550401,-1.5197490755774865,-1.3368608745626533,0.4993259476234255,2019111710
0.9331943510135529,-0.03476258665046359,-0.09011174869937674,-0.11137301127417443,-0.5102955575575323,-0.7782442306781188,2019111710
0.7989904915463856,-0.5757177327921311,-1.0706586802789326,1.6285669824139601,0.7981286160625838,0.26871762815460193,2019111400
1.513643791887007,1.177544668201773,-0.3124907659953863,1.0067726892644002,-1.1218308618479078,-0.6892396518696412,2019111100
0.9103770622059909,0.1780023263198127,0.7690539413925678,-0.010533682919159593,-1.2940853461644501,0.47311038662127447,2019111100
0.1980248810990033,1.589231897596962,-0.5453185460886291,0.3114193575866554,-1.3836566772603365,0.12703114236944998,2019111400
-0.23469779849882463,1.1448432417666687,0.37450439070962815,0.5257682698366235,-0.8826684985643547,0.1235087795518536,2019111400
1.0128377292354511,-0.37621987944144913,-0.38871007433832383,-1.5231978854090027,-1.342717820587878,0.01991798170510325,2019111400
0.3208873254503981,-0.44465623977516844,0.7210303398553668,-0.09719200171596087,-0.2915621445093211,-0.10866758744537584,2019111400
0.8761983133976524,-0.058119485635712835,-1.165931146352669,0.2994021559128854,-0.36301967302834887,0.19898867043701737,2019111400
0.4127183930566902,-1.2570008336849074,-0.9509582670183638,-0.6725758593245913,0.29141527861327937,0.02739008626200119,2019111400
-0.740049537319302,0.02567635068937769,-0.20033468711396515,0.961560015629862,0.2967454485634398,1.031263661939764,2019111100
0.9338913022220988,0.6284748207898019,-0.32967808772046797,1.6522879068993823,-0.48081279592126963,0.5405443262247747,2019111700
1.754723268934737,-0.8783682992547382,-0.9116898530732146,-0.677151374982793,-0.5658234618516292,-0.46105105776481603,2019111700
0.77095424890755,0.06712753776078242,-0.21988023854956337,0.014048699532037376,-0.9112071649309363,0.5261618162278968,2019111705
1.837555496514372,-0.9976444501521559,-0.8322815587858027,-0.600549852025828,-0.7485228427244349,0.1907763731192731,2019111705
1.4406393597331841,-1.8420550336198716,1.3012028876015826,0.7329942427274354,0.49379945368471445,0.9199251712542049,2019111705
0.7451221865344629,-0.8690877511134845,-1.6567514658414746,-0.405291435316628,-0.36296915559203113,1.254012757284459,2019111702
0.4454442889310225,-0.38382141383661444,-1.544358862378466,0.5740941211617315,0.5650051809943982,-0.2877665759301604,2019111701
0.15924353193083754,-0.5826564394592169,-1.2899158959662775,0.5890795788483638,0.19085108558156721,1.3369829585841249,2019111701
1.100042657816758,0.7812502289316325,0.1462333001865026,0.4456283332792145,-1.1692192353159427,-0.2842588021672368,2019111008
-0.07463071232105062,1.415774097982006,-0.04298919137618775,0.7662550144031424,-1.2386669436601612,0.8591198968270497,2019111008
-0.08127272299014625,0.9559485354266493,-0.4833403046836643,0.9758131853448334,-0.39940986215906343,0.20989332730169719,2019111707
1.187449031525728,-0.37861245102519286,-0.598131759620997,1.109279713102998,-0.13543084851175394,0.6731137041158175,2019111707
-0.7560131223453295,-0.8489890151586701,0.02557460206761734,-0.9152710236744871,-0.5651929021375733,2.116589319533707,2019111707
0.08539576880243627,-0.8476773397734144,-0.8931396808715274,0.2553934778836829,0.7255940395797476,-0.1107206831462664,2019111707
0.35423789279381546,-0.8597330396031174,1.26363752996032,0.01887568216590417,-0.20343935497025722,0.30075280745967325,2019111706
0.6628775098772809,-1.246527122070611,-0.25534292374781764,1.4148486789227235,0.8812397372674613,0.7981518600246027,2019111701
0.15616878576970128,-0.8997036605485406,-0.7843374670493312,0.48442283699232214,0.744884740203798,0.11555492282652308,2019111009
1.7386098323180812,2.3048586298718217,-0.39674632068391075,-0.2306277005258335,-0.4786222814005823,0.9077717766600805,2019111008
1.7984544714312953,0.3215144190742623,1.2521268074833614,-0.46952100243079725,-1.7508759311898388,-0.8499695566204984,2019111100
0.14317112116610353,1.1262611359905732,-1.3756403873419953,-0.01785153826320853,-1.4120750585315287,1.2001443518114598,2019111008
0.47045840424990537,0.2190052146630501,-1.1316134875182915,0.6656568937800077,-0.07143674861303108,-0.009487138006635911,2019111008
0.8548886792630264,-0.33917414603428947,-0.38730036847744537,0.37145609806034013,0.40031573291195593,-0.5576138620764712,2019111008
-2.0472220990230827,0.7504969974507548,-0.8344519932089175,0.4486156793879342,-0.24620793392053877,2.4274698414772238,2019111008
0.9731478863572577,-0.6821303733773052,0.49129811484802605,2.5255267113639257,0.5686321279637452,1.222070591142696,2019111008
1.864317935164411,1.4653055559074293,-1.5493135067054755,0.378197473472034,2.4004563971862227,0.41049784618143575,2019111008
0.49541476601570733,-0.45647376656759303,-1.2594437128902063,1.2346687460294932,0.6182381449242376,0.4504210746758047,2019111008
1.1261083153372586,0.3272319468001492,0.32523739040159244,-0.35094336925556,-1.5421940424583964,0.26492780816742717,2019111007
2.614972292684526,-0.46983290848684484,-0.27609618795230884,-0.8486383638571174,-1.091837732964054,0.12325273859481493,2019111010
0.7631298119431001,-0.13468981129455007,-1.1806341555427267,-0.17422250725786978,-0.38784498420398994,-0.10964610594173445,2019111005
0.862458108430281,0.03659852909087871,-1.421523161768189,0.10788198958852761,-0.6754638803897207,0.6938521026788945,2019111004
0.08548055910238933,0.30323702991322965,-0.7541934909389294,1.2709944463631022,0.38732644130298133,-0.138836813796491,2019111004
0.6936854609134813,0.03929443856159889,0.2985439055136326,1.1767666409907744,-0.5807219474283579,1.2460216043543433,2019111010
0.10103440832061927,-0.7618525930716215,0.6601161079062526,1.3857167764077964,0.7862620610695435,0.2900634609337011,2019111010
-0.045044359420950454,-0.05337605430633135,-1.362925786486024,1.4387574468764484,0.9326753478824114,-0.03441372863256112,2019111010
0.11288498779931483,-2.031876748694681,0.4291707385426899,-0.12131599531976126,0.8525098881457531,0.5666349385308491,2019111010
1.4988640663698747,-0.43372654359611285,-0.48694238640419285,1.5875331569144806,-0.03893486309794204,0.7332970384720198,2019111704
1.0846246710841065,-0.8646343294250174,-1.3580719284008707,0.5540561291523719,0.16068216319750922,0.6625178315778707,2019111704
1.4417470442903924,-0.31796109729790367,-1.0434656270183365,1.336518175239744,1.184116130327424,0.259434798288521,2019111704
0.3629080993883305,-2.0835592282525592,0.4254606558289139,0.030138528357568695,0.8244231272307149,0.6128664489281569,2019111704
1.3152636831290814,-0.9304434617695825,0.012455916096993811,0.9069119862348188,0.10094488003667394,0.33997431481865115,2019111703
0.31967239510769474,1.4882992125153824,-0.22072453951498233,0.8375507045285921,-1.0596907087908456,-0.0878562514736757,2019111702
-0.4887401520880676,0.6422135948062622,1.4721315324882078,1.3037577218128102,-0.35086785813620325,0.6262380611057983,2019111702
0.9227634809019221,-0.6710630890423138,0.269314338202678,-0.8321786667359543,-1.1488412890799216,0.8670295987889532,2019111702
1.2491868658837326,1.213500374324757,-0.3366614570770154,0.9660094073237758,-1.3980280747266838,0.2685915319575744,2019111009
1.5924985359513484,-0.7430817338462143,-0.8905760851553629,-0.36466086034448475,-0.5004329100902403,-0.22459374711284294,2019111007
-0.21544039048566702,-1.5180367230146796,-0.17659010964893107,-0.026574872480678684,0.2977919675516426,1.9076889005471542,2019111006
1.1386782584071293,0.5008183809316327,0.6971467682195674,1.0397134668107197,-0.9977632060056563,0.3309168086821889,2019111005
0.6477868661092266,0.8900740701733492,-0.9627834103623379,0.5130860074679221,-0.7909097898122746,-0.08473123008893045,2019111005
1.0021812436763677,0.4750083816406442,-0.18987356935660363,1.6876455083286852,-0.5715236811567972,0.9513892371149683,2019111008
1.2360589878116608,0.1907081414604915,-1.7196929230125857,-0.3127267184551837,1.0643700679136354,-0.2869184121548466,2019111004
2.074652740043575,1.7525784928680748,0.3913464276198579,-2.7000268222623753,-0.26974410043748925,1.6592247120769805,2019111004
-0.3913122122738748,-0.8506980735126415,-0.8127787378805547,0.3501053623566031,0.19637478420421167,2.004367074267974,2019111004
1.771602833223274,3.1707071433587495,-0.42348041192757285,-0.19064907787739854,0.33312854094669986,0.9218452987308532,2019111003
0.5504686806087257,0.9408922116723781,0.001654463033422876,-0.0881774375557752,-1.2329189196599384,-0.3629191698242562,2019111003
0.1905900951076444,0.1768185689941821,1.3306768028347151,0.20248877066787,-0.6116049947849463,-0.2649864881926219,2019111003
0.09262432898183365,0.5644358314561833,-0.8725460295928797,-0.6931858705666386,-1.3431817236632035,0.9356471439219379,2019111003
-0.49310074009003285,0.6273521481211463,-2.519804352596768,0.43235711196903426,0.16060359721892004,0.40787154060152786,2019111007
1.4937177463056612,-0.6541990150116521,-1.4709929808237574,1.3446036749984132,0.3877292818369482,0.3107171591997933,2019111007
0.13830741357741444,-0.8018684622390732,-0.3554284312492693,1.726386565650309,1.2884905062597254,0.12693923003181326,2019111003
1.3749643697535343,0.5669541217395732,-0.0479932382298323,-0.41024941947773197,-1.4198735450127928,-0.7433707703335865,2019111002
-0.15246044629209055,0.7868597825147322,1.4143267176924215,2.1012820522583073,-0.3197532682246253,0.9847213914158969,2019111703
1.8005315349806998,0.24488817529333093,0.16602637051380117,2.045263002885171,-0.1890527581117086,0.5731754891219135,2019111703
1.0724755490339448,-1.2116183630304216,-1.4128055364522347,-0.9591231648607095,0.13545640171108686,-0.7437739458153587,2019111700
0.9010841058342939,-1.754177344791432,-1.1283737021421483,-0.8044855585311532,-0.19403967290450067,-0.41161654583492613,2019111700
0.3980425148864224,-1.9420441083080062,0.030363611203092115,-0.29890158690049057,0.43888983080448885,1.0120883127281102,2019111700
0.34587726258453094,1.1195373271953013,0.17176706836432587,0.5670517729223785,-0.8963336670948049,-0.42952189942867813,2019111010
1.480901598315075,-0.8705206071217613,1.7621337491269793,-0.14195021276689115,-1.2259686424444882,0.8160889375163213,2019111010
1.5109367161177223,-0.16006621667030468,-0.6339221690505348,-0.7285728078229163,-1.4298966982692136,0.4142980419876538,2019111009
-1.0683800367421226,1.2761968823283272,-0.7512768729591368,0.40629497678360865,-0.8234559132907151,1.3634615408239144,2019111009
-0.4160647100162417,-0.8378107169369657,-0.028667621904254335,-0.936142801459479,-0.18976119632299218,0.6617021759157198,2019111009
0.4299631170130391,0.570297766249497,0.7166785335565112,0.45414867370898043,-1.0398674585487944,0.4295877539501222,2019111004
0.9801305442453917,-0.6632102390136845,0.34371768138884007,-0.516926735828609,-1.1123625686303835,1.0951137265287623,2019111004
1.971544117260527,-1.8061395433268732,-1.2007053311736293,0.33995315706570345,-0.3399989317721286,0.27193914235151917,2019111002
1.9152952205206266,1.1436894124210506,-0.3102451963227172,-0.1997677831539258,3.374385424100609,0.7125067299510528,2019111002
0.5693764817297519,-1.2682783546360579,-1.0840665649667196,-0.8144885947371779,0.1598182609528439,0.034628078254452806,2019111000
0.5693764817297519,-1.2682783546360579,-1.0840665649667196,-0.8144885947371779,0.1598182609528439,0.034628078254452806,2019111000
1.2293069140961703,-0.9703209814441882,-0.8799657735072127,1.5742032774630181,0.5022274455441142,1.012338653910373,2019111000
1.553958273192176,2.9786222368517428,-0.23897805791122467,-0.6851265243778623,0.3930457281098093,0.6283014421550821,2019110400
-0.004430805728610095,0.7523703255807385,0.36798462136328014,-0.4293725775653108,-1.1788293149686726,-0.05629657613867809,2019110400
0.4011634975873387,0.7960558127394735,0.9293041364108323,1.7889379280129136,-0.8353742459425941,1.3261600142590702,2019110400
1.8200856324451469,0.17257359756579047,-0.8308356121298374,0.1507227319290256,-1.2277361367587267,0.20150459005260624,2019110400
1.6027413943616948,0.3080237550495191,-0.40361784564403486,1.2605911866199166,-0.6810005691291797,0.21854929751953106,2019110400
-0.9025960110857747,-0.604777497409126,1.1141062504431452,-0.882354454153489,-0.5207136996171146,1.1384482526106872,2019110400
1.265599923867505,-0.9363226293167688,-0.8388685124679602,-1.2599547518154954,-0.6368395457066182,-0.3707532954090466,2019110400
1.47786086718862,0.23133925474222924,-1.4529482496626187,1.3264174905987762,-0.39011088353294415,0.5125832471200487,2019110400
0.0871577013480774,-0.9003746859161974,-1.4840331676492606,-1.032758207681534,-0.17042782999342912,0.734424224772101,2019110400
1.750437664633585,0.8746103829401948,-0.5649245760887289,-1.4937345729065206,1.3745205680844066,0.1074616269177175,2019111006
1.0020578996162417,0.5942323422255124,0.9367530049028872,1.6396263444272088,-0.6152189067281172,0.10026516418877554,2019111006
0.4046673906307831,0.2261251340351554,0.20024490659394428,1.0111811299660662,-0.386298755069189,0.6007588346153989,2019111006
-0.4517745120389334,-0.472314079668924,-0.4776672475713592,-0.9068782759242162,-0.3178558820179334,0.6139475638924511,2019111003
-0.5162202079952113,-1.7703968318552386,1.3608582800863258,-0.5011176962930501,0.16150398998422766,1.5930839757377413,2019111003
0.4996263414520099,0.1257268299762191,-0.670585402363968,1.7577767844068917,0.015738478622597318,1.240612557232505,2019111006
-0.8874261949292014,-1.0248677304064857,0.8260797551810416,0.09401822090040761,0.22135032379342934,1.6583867239036578,2019111006
-0.10789805745909231,-1.103938435894033,-0.7930969039004256,-0.05300051055929642,0.055288284021753405,1.8689808022833565,2019110400
1.156533091977957,-1.9640806056226106,0.28804136823914084,1.1955678638745073,0.7409266689291008,1.253807670251333,2019110400
0.08493496867397357,-0.7167147409049371,0.49813165692858125,1.3395288195005663,0.43384595755229416,1.1465926760573586,2019111001
0.333373406795301,-0.2804947608523656,-0.678112649789558,-0.007152016416227807,-0.04461799069914634,-0.13678564722014766,2019110310
0.333373406795301,-0.2804947608523656,-0.678112649789558,-0.007152016416227807,-0.04461799069914634,-0.13678564722014766,2019110310
2.026029411392201,-0.5642974481985531,0.19725774451930025,0.5026897506841639,-0.787701422260066,0.17557546114904715,2019110309
1.924505700168221,-0.6908709947243217,-1.1140875324879282,-0.25669145331872373,-0.6974817254653762,-0.006171068950582537,2019110309
0.8869326966076309,0.4765492908387452,-1.605928604011314,0.923812941833536,-0.3274460325886863,0.1965574030031729,2019110309
0.9394574497588303,0.33338185993343583,-1.4069153918456354,1.1907253244786726,-0.44094079415460385,0.9708766185421668,2019110309
1.2556085856598562,-1.1598316709064818,-0.023239495432232807,0.14965826484264017,-0.2522350479240764,0.6942568398110553,2019110309
0.6665751617053814,-0.4759959998724465,0.25549887265170546,2.0956128158146514,0.6221096245653884,0.6156521689873092,2019110309
0.8261626199873888,-0.2654729113940854,-0.8369048156243792,0.5051403675019916,1.4475499686303235,-0.04031180028953305,2019111001
1.065484557418251,1.2742127662524483,-0.24667916242505092,0.7894281559729424,-0.9058122376878813,-1.1571711086836332,2019111000
-0.07867284990344366,0.3622718682978055,-1.1432761777637432,0.5615290243324498,-0.2017766752012593,0.6638427980799062,2019111000
2.4730145454282018,-1.1165376330689254,-0.9296132334032747,-0.4376861757120642,-0.8357108766649254,0.05039912679595448,2019110311
1.6138476462354765,0.18739690617843538,0.22200062471646406,-0.5736144199421551,-1.5364368621990183,-0.4223539518780094,2019110306
1.1182350766278601,0.6254759810601022,0.4243553174860305,0.8913045863857151,-1.3016134034542846,0.8266845018075758,2019110306
1.995597179843965,0.9341439721383941,0.9110814772289456,1.3988354826947258,-0.29477708573997075,0.6508344701906539,2019110306
0.5957844138269757,-1.1202579021227477,2.548684291867849,-0.09523159406178802,-0.8566684029509511,1.228918810104881,2019110306
-1.4283103339484213,1.4297975017656077,-1.17186560336524,-0.5143926642782997,-1.1846552703940905,1.3827754234018468,2019110306
0.7165021163047018,0.3760702027352024,1.274429652206201,0.9476436473352209,1.126777212657322,0.016101988622778295,2019110306
0.8278139351292368,0.8392037383617712,-0.7211864152111964,1.1429318115471088,-0.5752952664087366,-0.0058399323957085405,2019111002
-0.36788320222407006,-0.7303744834814976,1.2487704246612297,-0.48046653913712917,-0.22835558768790765,0.401232274494626,2019111002
1.0809847728090871,-0.35685984189287423,-1.3283381245683048,-0.6041570873707653,-0.9063045472451162,0.6633887478562482,2019111002
1.1703775760935826,-0.16216518509544453,-1.1219311294010497,0.6040011494907697,-0.5441393153199958,0.8729101781559625,2019111002
3.964085825955698,4.222889593064504,0.8323686474632198,-2.9256103804139157,6.004307414979286,2.077245473725288,2019111005
1.2140483346536268,-1.061403662938813,-0.8295184075782527,-0.22340912570943253,0.8582122299752718,-0.45765894651396144,2019111005
1.7341549637191622,0.6549863866963275,-0.014891164601787998,0.5422867452400102,-1.4412093309278018,0.0027242981877636185,2019111004
0.43710319896818617,1.0895794413015853,-0.2676190560270654,-0.10027567568326484,-1.7069196160981963,0.845845308639836,2019111001
1.1241833486781307,-1.3460066215123485,0.14054549159304958,-0.4380185380559855,-0.013573351858592932,-0.31137954121991135,2019110306
-0.08873603604916387,-0.8423253023294442,-1.7734110479278422,-1.4991218592695452,-0.6942107969487472,1.6864458375163836,2019110310
0.6857543180400448,-1.9227265460956626,-0.4543454534590867,-0.870149420703845,-0.14145795203253222,1.4936732518583995,2019110310
0.6165762225252437,-1.58852573797476,0.8150874768375675,-0.0639807780715991,0.19044725255456812,0.5202026601742273,2019110308
0.6763724384989221,-0.2424908802978648,1.9731790219061123,1.2254559112609293,-0.5113374241191949,0.7524260156742574,2019110308
1.5294275584252772,1.052993021027674,-0.05173598437335989,-0.31335512530114634,0.5001042602394725,-0.062265274901741524,2019110311
0.45148949424008045,0.1448105564150445,-0.4120618372552029,-0.48729872273306013,-1.183911202103373,0.8942430894335233,2019110308
0.3454255741476563,-1.0947213322916562,-1.3990453977589337,-1.1065397383560862,-0.22900616080147715,0.7501884754223889,2019110304
1.863152792212766,0.3539361014769969,0.4577246669365659,-0.1611769269967316,3.324211634247642,1.1518288045341056,2019110304
-1.2964540415362704,1.760384804306426,-0.6502227754153649,-0.8030192042707744,-2.0115042744369456,1.9189407278136406,2019110303
1.1268204929224221,-1.7492645772759836,-0.5527677465779739,-0.1130335359020398,0.06451667702345378,1.1669142739262837,2019110306
0.5631246965811335,0.8048359738537849,-0.719685368317148,0.6112293992456517,-0.525249699560121,-0.4701504407512878,2019110305
1.3709241407192587,0.5448421437839663,-0.2393716087422883,-0.6088652125366357,-1.9742797300268986,0.5387102697013704,2019110304
0.08098416001299258,1.7477611873422823,-0.4830127753460112,0.7525856721875186,-1.1498270132562542,-0.011075722114443977,2019110304
0.3147523378754863,0.9333413032117992,0.45647796796652745,0.7205700735751488,-0.88899850392406,0.02507266924449669,2019110304
0.18307059659012315,1.185942824898413,-0.15352282828966915,-0.07620838475530581,-1.300634721927677,-0.054202634230600115,2019110302
1.0735365398172905,-0.3190123642169842,1.143132457368042,-0.6032027540187987,-1.183640376559089,-0.13095852731517213,2019110302
0.6399410103093389,0.25005137160172414,-0.3874947452467882,-0.22724428255228957,-0.6635789285608343,-0.5392233081969151,2019110302
-0.31365846264316394,-0.32637494982298587,-1.2609729653667665,-1.9592788063984639,-1.11299311786168,1.0712458986389903,2019110302
2.261528815091051,-0.7644228549384229,0.5739073613058178,-0.4756726805158817,0.8753515582191639,0.9712731331691592,2019110302
-0.6506074490903214,-0.5608734549768398,0.2979834232254186,0.7393403661641428,-0.040184414474661694,2.3168294011133734,2019110302
-0.6746937202953116,0.5007254225918996,0.3782125595504922,1.133459039948484,-0.3212308508167515,1.4812140125266062,2019110304
0.9331026680645417,-0.9506942884671999,-0.6091650812414976,1.6926792314253256,0.9730074188667434,0.20702801859835085,2019110302
-0.18124484720613362,0.06405486081507955,1.4664028924897123,-0.14347298657276683,-0.7763913632366161,0.3176110945757938,2019110301
1.3525418016587547,0.08403112643078656,-0.5800179155035325,-0.1562052711523035,-1.069702498976878,0.03882570104390364,2019110301
0.9740840563337495,0.26871483237137744,0.44361605536672105,2.2513170758104555,0.13504783254354435,0.058208201956647505,2019110301
1.604902232318011,-0.5273604564824694,-0.3305248147021152,-0.9931268433173943,-1.480183147343926,0.5787348675828939,2019110304
1.0192931749908627,0.4720800327153316,-0.1852894729875993,1.522295991465819,-0.36393774315503913,0.1605545857878494,2019110304
0.6541690385779861,-0.5552874775843626,-1.762252352836809,0.0823470631747533,-0.07974851512251505,0.8097490641117662,2019110311
1.5144327800721629,0.15466732134409092,0.3669070059548012,-0.45545372071868745,-1.4383908137927457,-0.3786042940950284,2019110310
1.8647444730167,0.04997496322235001,1.3370617176118254,1.4337204512842283,-0.6882922061532035,0.5677295007172615,2019110310
0.1376198459783907,1.2836666214452248,-1.336752659604461,0.3397950447946095,-1.0119793652957823,0.37589091820184173,2019110310
0.8864807191153629,0.06501550578649345,0.43391799727791297,1.5390420046893198,-0.1089555799544405,0.17331672872217566,2019110310
0.5707009551045447,0.7318494948818766,-1.0733738052720168,-0.16949213135235805,-1.21500572382685,0.48549212045140744,2019110303
0.11993387571408606,-0.4662718957335669,0.5929410204741085,-0.6344965071324892,-0.5432640943107708,0.14725668153020172,2019110303
0.21141453702519936,0.35446687131796506,0.9703042443096689,0.32314386424298064,-1.231392575301286,1.3153945477962314,2019103100
2.596771619168686,-1.177872837395193,-0.7918782182130807,-0.7831361157452812,-0.7360473370737095,0.10438362407424771,2019103100
1.2810681319845876,-0.7213640822725724,-1.1526477161402051,-1.029983107988064,-1.0632310546388455,0.7831716547849973,2019110303
2.3260331175935867,0.023996364592066867,-1.0804394271209852,-0.10121539014438975,0.10718442333785412,-0.05802304071255122,2019110303
0.01515076196340333,0.5099719379813582,0.45915227630217353,1.762627791836883,0.32772996256707887,-0.28714971098753567,2019110308
1.9173060774188528,0.59218580905778,-0.14951260828952284,0.13725493193904387,-1.470512456291279,-0.5685485791330087,2019110305
1.3636867579036664,-0.3247746435249024,-0.9085405235100541,0.8086204146747854,-0.41574250144564623,0.7728964761177886,2019110303
2.0637127046222092,-1.1661292821106273,0.06050016654498243,-0.03162028734351572,0.02923858216983725,0.4290044160020154,2019110303
1.506411522344293,1.362418338260725,-0.5585889732081566,1.0204712698461862,-1.2361694574703894,-0.5930778283260829,2019110302
1.2092179692823741,0.036300756727551564,-1.5468429482939012,0.1958340891685504,-0.7048986539189758,0.48310591239581635,2019110301
2.0052616661876344,-0.019584459817182542,-0.9798305513085543,1.6251217601405896,-0.01564062597072885,0.42295355539848556,2019110301
1.3205496449510206,0.34569090453632945,-1.6113439835051968,1.0999135535973317,-0.4514761611114348,0.42350633982326963,2019110300
1.1010807608828983,-0.6165048387476145,0.030077878652975117,1.7211719867118869,0.2832196408234483,0.731199191639568,2019110301
-0.7247178312073901,0.00739479016240661,-2.4026711509262033,-1.0354231583076794,-0.773891744070388,2.1346859437303305,2019110301
0.6305636045215023,0.04056320585467374,0.48454754779122217,-1.5392306890642715,-1.6217428902728175,-0.09332068718209507,2019110300
0.21518467200940256,-0.5075142446689537,0.1940510088271349,-1.2902769665113252,-1.2657460174348498,1.2084915858178014,2019110300
0.5618286717277349,-0.46237678037821206,-1.4123307565919139,1.174408377788261,0.21979259248211608,1.3838838949043661,2019110305
1.6010770164977994,1.0487612360751735,-0.006864336535953594,0.49577146807080874,3.5103521011326304,0.8926507664560781,2019110305
0.2966496877561792,-1.269780957702651,-0.526837577473365,0.22768106198127055,0.5815373059083542,0.54601596286162,2019110300
1.459358375218692,-0.5394145919342096,-0.9902547653904167,0.030317497349148487,-0.6190193496034073,0.4938286035269205,2019102711
1.6006575905758802,-0.46246761419147525,-0.2840003477562993,-0.5606590437569312,0.3010925252104242,0.30291882614144,2019102711
-0.9171531695601594,-0.5012803102591519,2.212852050907231,-0.8196823763182598,-0.8686928989822488,1.291386873909018,2019102710
0.6703546025253162,-2.161656578928456,1.4796038599080195,0.013426982403174149,0.11611808040746689,1.501804098207932,2019102706
2.9455779282126087,1.9801778395090792,-0.8130479235178535,-1.3446962881380937,3.770448286891865,0.8752605109582187,2019102706
1.2405179497567622,-0.8144014419892911,-1.2085693519481981,1.3016888017028099,0.3139746904599662,0.9582542157025363,2019102706
-0.25650961745953316,-0.6860630511180973,-0.25570959723718983,1.812746974039389,1.4528838249899776,0.10122420473854465,2019102706
0.46822812367723077,1.2757754652850877,-0.552329955629267,-0.2537939763360352,-1.7142547792689415,0.39125073996666093,2019102705
0.46125142986316936,-0.11961675142640382,1.6074637979697435,0.25402214196470774,-0.5425411799029908,-0.3167253231058921,2019102705
0.7607491584283879,-0.6224753233707501,0.44901599100383494,-0.5809493810710465,-0.8238481998353736,0.43333552100169237,2019102710
0.15199959476386563,-0.23699508835932312,-0.9835024351115181,-0.7032030848483821,-0.44503457577405287,0.21168340176494937,2019102710
1.1765973539684473,-0.38924835839576827,-0.7184325675796122,0.8018400426790793,-0.2849705541820232,0.7110537908158653,2019102710
1.4025504007022227,-2.2291650546506747,1.2606624814786116,0.11278823461963078,0.027582033852759907,1.1044491512042276,2019102710
1.8247500361749118,-1.264654560553837,-0.6926812903079967,-1.0722485748115163,-0.885131528719057,0.3180282020766764,2019102712
0.8817384255996631,-1.6748243369772,0.05903525823155239,0.9805523400864944,0.9800312975989253,0.2746335947270991,2019102710
0.1970443967049078,-0.29900876083392897,-1.1557979499509705,-1.100600055814388,-0.8129273123698532,0.7279714849187491,2019102708
1.3506928026633853,0.10420331172566155,-1.274338887868596,1.2412268072877901,-0.38958794131554003,0.7149562544909628,2019102708
-0.3015125317437039,0.4497758736905454,-0.8829525740893577,1.254641258347101,0.0020231151739060595,1.1452836780416882,2019102708
0.7265571821964475,-0.6467647942898581,0.5881607120549076,0.9682546623650794,1.018848893255676,-0.09021182550158892,2019102708
1.1074173363314699,-1.5387047975508135,-0.19535712806399821,1.3110549612084765,0.630020003059647,1.207861579995084,2019102708
0.544693405164724,-0.1378730693710163,-0.31189151682585925,-1.2722045939059374,-1.0308874769859193,-0.2682042144939832,2019103100
1.137315663073553,0.7412343597641811,-0.8693112389690195,0.786298122521727,-0.6669907901257609,-0.44738303306912475,2019102707
0.1933143058016641,-0.19391422592154486,1.9225780238064876,0.4181933799469391,-0.3176076539910608,-0.3079681344118533,2019102706
0.05741871293022304,0.5948759080599927,-0.42254935218614476,0.22318824459338202,-0.6809191158816428,0.3157244102715517,2019102706
1.6951335362100648,-0.48878471804493884,0.6956444145921132,-0.9226220677607596,-1.529087361937901,-0.9382994492929415,2019102708
1.4055721661296159,0.9183804657382004,0.07511725636135493,1.0037856220254513,-1.002259783853244,-0.555273990945795,2019102708
1.1251172425048475,0.7232277930750701,-1.0534048370984537,0.4126531877448403,-1.001332557467399,0.017917400309242004,2019102708
1.0322498590735552,-0.14731663390044097,0.21388625646188683,0.3504204356864851,-0.2705491452093879,-0.8058495369533109,2019102708
1.0339642724768319,-1.1605096383646594,-0.549330785339389,-1.214063055191822,-0.9478465745815556,1.091755845983267,2019102705
0.8198844371812171,-1.0486723806607872,-0.43829554177523966,0.2313679550936784,1.2155678439444497,-0.4015350565029025,2019102705
0.43765476133563486,-1.0581118335548876,0.014379746343803746,-0.6496541693975499,-0.02436096411190893,-0.12763664289548654,2019102701
-0.2893206576614174,-0.10811038453835049,-0.2011659702388436,0.9723111105307913,0.38030125804244974,0.4673779474327415,2019102701
-1.2432708364555691,-0.5717341510568763,0.11684325512035139,1.0523449567967693,-2.842602383283866,-0.46306440332647275,2019102709
1.381886716748379,0.437511766319559,1.2503521563797353,2.492241356764459,-0.5394041168461322,0.7483898873995478,2019102709
1.0149721856944083,-1.722340488670644,1.1087865169823814,0.8414251450201208,0.26237757267858736,1.1951775995979803,2019102707
0.6719713746146077,-0.47087124398741653,-1.499541589767816,1.0246833818922478,0.20125656004241183,1.1250976724569608,2019102707
0.8317460329059451,-2.2114612501615065,0.12093085669633438,-0.52306617120656,0.5044325500611987,0.39178938314459677,2019102707
1.8512138967238678,0.26856884349851323,0.8181378644530205,-0.3254404743851483,-1.071143138015645,0.7465202827288479,2019102706
-1.0839493328567575,-1.2645618898777538,0.9047800605427736,-0.741330557068211,0.11065531570281657,1.4278246484738961,2019102711
1.6718622330970103,-1.1333987464026984,-1.0243945420171072,1.2228564268138682,0.3395455135607985,0.6996210690008033,2019102711
1.1703058945363702,-0.5227695922950354,0.1816441436920752,-1.0630679521476067,2.055180256784326,1.2240027656114336,2019102711
0.8731659516669831,0.8697424620079929,-0.27065937497167164,-0.4697724694064623,-1.6014050006856093,-0.13611940382545806,2019102710
0.7790580343596566,1.5809470949168825,-0.4642574637582649,0.9694495658919385,-0.9976599289002266,-0.741957969121563,2019102710
-0.4301492579919091,1.747066562817266,-0.08438377158129351,1.0611950676895312,-0.8353710466383288,0.1276421732631537,2019102710
1.3220020146854898,-0.010183624208075868,-0.4347412596495883,-0.45683354182496444,-0.674255099942598,-1.260824206483987,2019102800
0.6546592807750339,0.3888328516310829,-1.4570126509056383,0.7883567698752749,-0.3651131975677568,0.5092788928371166,2019102800
0.2961920923524772,-1.115718153194947,0.3785958520066401,-0.0980808400432695,0.20820985315017465,0.18794680041028464,2019102800
0.23043366055449477,0.7889064815802862,-1.0894424683115929,-0.2392942878583334,-1.4537674976934973,1.3654854382902095,2019102712
1.2705660748934968,-0.7334423925687057,-0.9008731215512965,-0.8726112364568225,-0.41683637398746204,-0.739891905243855,2019110300
1.7227034600256743,0.34174110601894636,0.7860329268909734,-0.6172673300936509,2.2109025807960054,0.5176953583538976,2019110300
0.16779181981380734,-0.37468533664683495,-1.444340539212824,0.5582921820464125,0.5655985254242687,0.001721741224841021,2019102708
0.14505405742236333,-1.0474559205446423,-1.1807310525683454,-0.6880935714566221,-0.011016504008665775,0.8672507898518612,2019102712
1.1178262829691068,0.27947740225252105,0.26991690288843406,-0.8649764780700074,-1.3921593144896294,-0.728949276453539,2019102711
1.0742432422370167,0.9432180737805154,-0.07996479569423287,0.4065360031065307,-1.2796733611804587,-0.21494719483665933,2019102711
0.8115165955332287,0.17046113283555178,0.47276156334657143,-0.7206571626853162,-1.7405313801642288,0.8985130407112755,2019102711
0.822956752587948,0.8258709328295466,0.4417730301559534,1.1985082626477916,-1.1652364434266045,0.9343162966957023,2019102711
0.06273447084834607,0.3440467463351434,0.050072566372101925,0.7844997748161555,-0.6731926586592715,1.3332186733533349,2019102711
0.778159481703392,0.009645107745493747,0.4278473789626982,-1.4926999291603775,-1.7847177941763865,0.2764873485756467,2019102100
-0.2505221735685166,0.3554342727300233,0.8139011975554291,-0.8249899985391645,-1.2082750004268743,0.3179821788561302,2019102100
0.8879769064938404,0.47545251332530347,1.0794503503214963,1.3775391550265497,-0.49521405238826727,-0.2740641759865148,2019102100
0.7874322543153753,0.9245462943534701,0.8214588205512403,2.024208443516845,-0.3663039036971102,-0.26050026273386884,2019102100
0.954594676229303,-0.19304212514028274,1.5828441972241742,0.6000424752187206,-0.5901206918203238,-0.22335804142776683,2019102100
0.15022086774702956,-1.5302675140907733,-0.10061686272719236,0.391910875976878,0.5941049514512817,1.2307380160021995,2019102700
1.8428270827608884,0.587261307954463,-0.22850004784468925,-0.012647482105435448,-1.7145771147425755,-0.005798055545698891,2019102007
0.31393155369817904,-1.5729270233693597,0.15554967718999324,0.6716983966200986,1.249848310199755,-0.3239318996177588,2019102009
1.087664564983426,0.9167353439740378,0.1053163327098394,0.507382235139921,-0.8305592218711533,-1.2847044528577214,2019102008
-0.2120160317233011,0.5887390584758553,0.16779623388309164,-1.5108997969844478,-1.6986665662127138,0.4212328235708418,2019102702
-0.3071396454232373,1.2346339825041461,0.6174364080252691,1.5497569557254727,-0.8685119581811137,1.3650822161331582,2019102702
2.2065867017180127,0.3713875498107576,-0.9643526659651069,0.8769323777937892,-1.0849085742406344,0.03698600524246213,2019102702
0.8803655744163513,-0.41331434177410886,-1.2352342991700773,-0.8637188546642299,-0.8283742698597063,0.4262581063569681,2019102705
2.5333413367352806,-1.3859939016858254,-0.7748183155411211,-0.8256877488062412,-0.9130569658796197,0.04226077884436696,2019102702
1.6848768846366422,0.721246092125912,-0.07363874023681569,1.0376390993177065,-1.2968082120677216,-0.6140107226778395,2019102701
1.1024674830030774,-0.5666991788236356,-1.6145764387429258,0.8257643673947721,0.24056470955595238,0.3868282626360916,2019102701
1.7524944215756038,-0.3001956810825146,-1.2531700344602659,0.4631598841239956,-0.579702043830712,0.29031650031192047,2019102011
0.24565149262702785,1.5003958233033539,-0.015913574394482585,1.3043949957036414,-0.9040934503515813,0.1589358396031529,2019102700
-0.0690711112707386,0.544788312207633,-0.622533489780275,-0.35128265061076347,-1.1548585663665896,1.076846891913862,2019102700
0.37883020711985727,0.026590351119837107,-1.1818076583515176,-0.058165166567935044,-0.40354418699032824,0.31975369253980657,2019102700
0.7197738848442098,-2.236397117370291,1.719879860360509,0.09238854261913594,0.6322637560126314,0.24295623085191714,2019102700
0.504714900098182,0.85906465498822,0.250778961724952,0.4243621376391976,-1.3231681086313734,0.6979407452586335,2019102800
-0.47340012011355675,-0.08964826604043026,-1.2708615019905831,-1.4531165340808192,-0.9376009802407129,1.123133904373559,2019102706
-0.8686477098073342,0.052828709544586266,-0.6673386487979897,-0.19946797960565088,-0.1586858894007088,0.8928623607376469,2019102709
1.6766086089123222,2.816200220662068,1.103687295250434,-1.4940173456598413,1.3892778683103455,1.9466965413395119,2019102706
0.17218627223949676,0.07712378380468804,-1.4844967676594603,-0.7638958598552062,-0.7914822923945252,0.6422767861954325,2019102703
-0.10867453508375638,-0.8816403464662145,0.042025638568131664,-0.4694363468748038,-0.1813692367884925,0.9360178140528363,2019102703
0.817576197856729,-0.948582256492911,-1.262963317068974,0.16768592626804302,0.1707558338902474,0.5598731061040719,2019102709
0.5961885317233392,1.385093676270107,-0.22594776796813779,0.7258861503175429,-0.9854835774089256,-0.6201356103895919,2019102700
0.6283026071426187,-0.30836339329725954,0.1216260691486663,-0.48818243143847645,-0.9505948729160981,0.6425586096588095,2019102400
0.9710305648230356,-1.044353443935915,-0.7357286585560548,-1.3587372068734456,-1.0505317609301403,1.1073670208878827,2019102400
1.3149997037640386,-2.209049228873072,1.368469316066897,0.3268511304969216,0.13033762241381097,1.1759532860836994,2019102400
0.7604117159341099,-0.1584696895397867,0.5511096294503935,0.8420486515383733,-0.0636899554730694,-0.4058635665139816,2019102100
-0.5087849252302569,-0.18689958685346642,0.6740947653186528,-0.10120230617927661,-0.5842132283587815,1.3110740113379968,2019102009
1.361166411233082,-0.6166334732641425,-0.8441608538774412,-0.12432050617088045,-0.40620092922946693,-0.06687856333279346,2019102009
0.2644983276052521,-0.2190095950478474,-0.6784829244051652,0.4116369534799007,-0.3420193413271534,1.2066139180907238,2019102009
-0.5051911207490211,-0.34259640183008927,0.0291630630879133,0.7866480259386313,0.09207810549790212,1.5664127841762552,2019102009
0.09280963273195283,0.29761455571206524,-0.04386061353048764,0.10324978476715174,-0.4161544982387682,-0.21141480348436473,2019102008
0.23135724219670378,-1.0321210094348219,0.5696039479034888,0.5193239229117629,0.46521468753627293,0.24926532568619936,2019102008
1.2160311971815592,-1.2646484390952084,-1.6608840757932148,-1.111208198015719,-0.5819246872065875,0.90811512997734,2019102008
0.9392883659325196,-1.7973629630408599,-0.49557593755515994,-0.5494918092851778,0.2619288665313095,0.3530812848807992,2019102008
0.9232624332399594,-0.04536973564374912,-0.049105854024442404,-1.1229732367662637,2.267593046016268,1.0709359704312182,2019102008
1.3539648663615371,-0.8172339167579887,-0.6259434204600762,-0.027327845015961173,-0.5961463074007998,0.8410223073481716,2019102702
0.8829902730723563,-0.8153146217878584,0.567501994081799,2.206913882465415,0.4913564409615171,1.301047552975196,2019102702
1.3267558330794509,-1.2042618349990006,-1.4016912443972704,-0.30518252159573933,-0.13076911305203076,0.5104669529838297,2019102702
1.3194011660134808,0.5228429201033808,-1.6609010539990046,-0.19942005365188284,1.2980823430061974,0.35942493254164787,2019102100
0.15859694485271894,0.09631051430174031,-2.0791129334782905,0.8766379890275289,-0.04604758518426485,1.4677493405103772,2019102100
0.9463871861763286,0.14004075304250632,1.4607689795291265,1.5645476927369322,-0.6791722800030715,0.8314535626872392,2019102011
0.1313245836393042,-0.46384403801018603,0.12116081138035223,-1.3424098195302907,-1.4045186301813462,1.5589183273912164,2019102011
2.266115680011758,1.0243116146427096,-0.1919913099562233,0.031546261547775865,-1.2296480794621834,0.1703887754647601,2019102400
1.418930600611047,-0.10199436338699022,-0.06280742802615356,0.6412312449136554,-0.8007233634777227,0.4953779623053963,2019102007
1.4494871820555069,1.3381901591261056,-0.5000761694866905,1.1348972403262731,-1.3392884201641602,-0.06917165232233038,2019102010
1.7683295278296078,0.9781071557619954,-0.1350829619418491,1.3511220707504725,-1.3351534607795008,0.2926472063051221,2019102010
2.7764914836889165,0.7513931079797685,-0.20284640735762371,-0.5666772764428267,0.12206447671848342,0.4091054302262156,2019102010
0.8025899060740951,0.4941598259980593,-0.10328784079900519,1.403615071097221,-0.17212141015208546,-0.28799557684181587,2019102010
0.44646332708529113,0.23428091432276418,-2.1994522227082127,1.018531729984832,0.3762386399520011,-0.009466714903042175,2019102005
-0.417601230531072,1.3113637310334647,0.6343363541897236,1.6088080173305186,-0.7133059937934759,1.0489746128013784,2019102008
1.4464356205319295,-0.28239183323200806,-1.4109527625298717,-0.1244101099398082,-0.8695941008286362,0.6565892517505275,2019102005
-1.3305383401813256,-0.75054855714623,-0.045992672059997027,-1.3680824850736264,-0.7530840387587927,2.5868768223264014,2019102005
1.9223178254650324,0.2719044568513304,-0.7855511531303567,0.5039765285079583,-0.8861483721185618,-0.5198692831226366,2019102002
0.11125948442167816,0.8445532500260172,-0.6240589904797827,0.4730118110183537,-0.5340050332273405,-0.1490557680051803,2019102002
0.6478702310605989,0.7284151089830376,-0.3809628770551092,1.522718055039481,-0.5197575713020902,0.6834034251624198,2019102002
1.5056587339957437,-1.3389053905080237,-0.4285789884455,1.7941628366305986,0.7075274160288172,0.8940009943170545,2019102002
1.2554007587473281,2.215190082250512,0.19210404534612815,-0.5674384579941946,0.1882875413383771,0.1781012195744769,2019102001
0.8238537292846748,0.10264017993707275,-0.3188891550154472,-0.11192426017485657,-0.8961922281164779,0.21638794400505873,2019102003
0.5698108789218362,-0.5710733834223264,-0.4104938473925382,0.37508038860634185,-0.39072605182070735,1.3931448205208197,2019102400
-0.9533759587511076,-0.5971346961855643,-0.424159636318336,1.136015573759376,0.9491869534668246,1.2955983633570112,2019102003
1.8596289409165572,-0.3421951355188188,0.5168995500960447,-1.0284207391114284,-1.8682938109496219,0.29555595350886676,2019102002
-0.1719852325391947,0.6264919792670202,-1.155169500321229,1.1944997322409587,0.041472069112379335,0.5812448877889936,2019102006
0.9581040567270916,-1.3860176952813066,0.22359498068725164,-0.1897202894682083,1.4196936291538775,0.4448564236202254,2019102006
-0.22959017494078063,-0.1376763290599561,1.8348066935947673,0.02345966767850151,-0.5803696686365369,0.31799510035766865,2019102005
1.5181760289204511,0.4020368545877425,0.30371486659682667,0.20468849738348197,-1.333160014041257,-0.14328607928714157,2019101310
0.29409127052495826,-0.5726845363187414,2.154897815601067,0.26246322181747606,-0.7727605824096094,1.1006096445182958,2019101310
0.08955292458235625,0.8001812296456393,-0.3788226980769098,1.2680297138119399,-0.7515050738371527,1.5422069270498757,2019101310
1.6556018953629128,-0.1348036660012712,-1.2046024157012982,1.5625026475582262,-0.36698262201386744,0.1891105676135319,2019101310
0.42972795377104844,-2.1251723661353843,1.62809895828145,-0.048728298467572866,0.5052149547524986,0.5999476335704766,2019101310
2.0235796340507766,0.1644225999872832,0.09624974456947787,1.2426483965320219,-0.25746495663046626,0.4063138506528493,2019102001
0.5295087245240927,-1.371266324298711,0.5365951849224325,-0.09086806128197114,0.02544007006490263,0.7526589215102863,2019102001
0.3582902212537387,-0.02800324460948141,-1.9188337792807264,0.9474720340212243,0.2104251507252745,0.7919375518095088,2019102001
-0.11300611281852622,-0.7918243631463784,0.5679388049004078,1.0253087770809413,0.4150781991456479,1.1226900774554833,2019102006
0.6450282942178872,0.6527752749236767,1.2881756480418305,2.1999852467392595,-0.2656322322748705,0.21008948662579635,2019102003
0.06756190869159787,0.6327545026707968,0.9638122737802183,0.9367553224412558,-0.9631868716462283,1.1809047268463764,2019102400
-0.1657254755555761,0.44184380657213984,-2.460118046066511,0.43072574175918604,0.07318383731148755,0.5023779181237392,2019102011
0.4815358478655958,-0.2759282322534112,-0.5392914118142734,0.8080606119715625,-0.2042034471432474,1.1621091702455315,2019102010
0.7679865491089404,-1.5440294993886505,0.640295535870156,0.05535820003250315,-0.14402616295284743,1.3460297805902883,2019102010
1.2778868305254216,-1.816655529776918,-0.12777304337774664,0.7733283922182861,0.5341378814052485,0.9409370095960913,2019102010
2.1232610373134935,1.5961318391608699,0.1070946169197066,-0.12447588298657038,-0.5509848474842777,0.8802742211631793,2019102009
1.6586099085381605,-0.7574521844888109,1.578123035304921,-0.03740027974567132,-1.2514485440033112,0.6656078408043496,2019102007
1.0145427673244394,-0.0014370116441232968,1.9370283043173446,0.7992874848374393,-0.03619526985045867,-0.12557856139911128,2019102007
-0.6456292842774329,-1.329656392057633,0.561267294405156,-1.0429631679707678,-0.39973317964297017,1.9993907557844746,2019102007
1.9210088503847915,0.6260364252969957,0.30651052576355114,1.468025230516308,-1.1641591277333068,0.25780781296185196,2019102000
0.5498462795803175,-1.1326787363642394,-0.30342329802882023,1.6804931789182975,0.7368712680160626,1.5138614280138372,2019101400
1.671301279255079,0.05669100065598043,0.3923865928897512,-0.6586276851046747,-1.3103852939700222,-1.0415176905418104,2019101311
-0.1205684490069234,-0.6591108062747328,2.1558243379934496,-0.3575065448028435,-1.0660141669480954,1.6961056195407977,2019101311
1.848032943619323,-0.9946046994641877,0.7752732119600462,0.3907599639451098,-0.7011583713021609,0.5629017792192403,2019101311
0.6817330251759763,-0.35363997014334037,1.2872961569862116,0.5506095194133854,0.5389517843909464,-0.4058195968353275,2019102002
1.294474085608383,-0.7812432530763279,-1.118248845504171,-1.1162056797867699,-1.0804190744643332,0.7813631330179779,2019102002
0.5889566162082241,-1.0320791097856246,-0.07213519675175002,-0.6822503545578157,0.03743808981176789,-0.546854736697844,2019102002
1.6467415546151376,-0.7232986379906154,-0.43995430313032446,0.985468687943013,-0.21903654087368718,0.6536545556409603,2019102002
-0.18746973835387662,-0.7633524232524174,0.6398336231132795,1.0624751668685584,0.6373156998291448,0.6174918647887506,2019102002
-0.6535305397068358,-0.793921955004647,-1.4790001616163164,-1.5848913397390374,-0.191459592953114,0.8080534755940729,2019102002
-0.19432123095784137,0.005010228407149024,-1.5912115526078046,1.0482786844965222,0.5812159629277526,0.5161934927628737,2019102002
1.1600244665959487,0.057738936429704235,-1.4776488060950475,0.24268010381128446,-0.49513963290618845,0.0038536550585548334,2019101311
1.7561486220762017,-0.18234048064532318,-0.7866291916223033,-0.9133323530690196,0.31990276591063044,-0.7443732707644297,2019101308
2.2036594778017524,-1.0262505703342395,-0.623392164956436,0.24761379781916057,-0.5188501010690288,0.2658157923178798,2019101308
1.0631573300127304,-0.6213985514969781,-0.920951356458211,-0.6887965217810691,-0.5198849344687664,-0.12887041945601518,2019102000
1.6229079356044722,-1.276619763939483,-0.6007649951844075,-1.0590116393614848,-0.9219736233013148,0.6853543852200917,2019102000
2.6834414692245776,2.140116143049407,0.32374211305604145,-2.0273172828322843,3.5558856467503532,0.7577846025058029,2019102000
-1.1598946274491657,0.8178320231903665,-1.1071178291047292,0.7752577684764296,0.021858720979377504,0.9989671490754387,2019102000
0.24906355211050418,-0.9674259664046074,-1.57545782257856,-1.4359226566108099,-0.09914844980688461,-0.07692691165905713,2019102000
0.6438685693605551,-0.11156820369672718,-2.0004651368537125,0.6473639844936939,0.31601016835032797,-0.1029118508716978,2019102000
1.4148819165422346,-1.7313894179891978,-0.665401408692629,-0.21946982775023355,0.28010328050808525,0.08749556632767316,2019102000
0.4879338862305648,-1.5168094226148523,0.001353737634964816,0.8553752747054783,0.9995944508136864,0.31461313323036894,2019102000
1.6955896351073243,-0.37802637632999825,1.0114019121145357,-0.3541165059063288,-1.253640390674092,-0.26952725187147114,2019101700
1.124637731492112,0.26800133166748924,0.19883934033459333,-0.7561526007049927,-1.7970257938334655,0.51519167688137,2019102006
0.6930192343761046,-1.0094170824314648,1.0024258851648589,-0.5036001966096493,-0.6858114916134719,0.7389720945888566,2019101400
0.7098309943539103,-0.35792108616060564,1.0757262548894773,1.4933174823032338,0.1623895326748332,0.1332827001140499,2019101400
0.11955303380313095,-0.250439295654203,-1.4326818568592221,-1.4735869328557707,-1.289926162215953,1.5705488760835118,2019101400
1.05767966856521,-1.2246450577898722,0.6832878186277356,1.4324042698965354,0.2768787235347966,1.2177880266100973,2019101400
1.6020290740305345,-0.3886100933880244,-0.3149337643909817,-0.6901385353857367,-1.1767854899002355,-0.03229052312931974,2019102006
1.9555574591025178,2.115223838919161,0.15068566520267962,-1.0747122386482524,1.6546173279714067,0.6086704962131692,2019102006
-1.0014526906214294,1.363146422011718,-2.1779303617838592,0.1882372339239186,-0.5833943826463477,0.9960066099627946,2019102006
0.7758738743383686,-0.34832005101460484,1.9242552656548997,0.7070300159675967,-0.4198106247460098,-0.13857150851233388,2019101400
-0.11006351977965187,0.6392101979958966,0.3778605616597752,1.8416961608876667,0.31532188510883574,-0.17408844587397707,2019101309
1.468281873527124,-0.43394649518858985,-0.09091857801879559,-0.393213965700905,-1.097638848066387,0.3480832230894803,2019101303
1.5366770955417985,-0.13978262961277413,0.28389572569925564,1.494819569725249,-0.4948317311838432,0.6717193502075613,2019101303
0.4836813302733569,-0.6924418892353233,-0.7796317637344509,-1.341882694706785,-0.46147708367434914,-0.35739304308255493,2019101303
1.7191033783498368,-0.09863779825900149,-1.276561951154171,1.017720280717225,-0.4667023045632923,0.4719342826938453,2019101303
0.4493694861937123,-1.408332771163215,-0.604459363179013,-0.3260438587279885,0.5514091101480645,-0.07986160776862414,2019101303
0.9707650515216146,0.896034515140352,1.0040696542458252,1.657117870494057,1.2782456939510973,0.3753857339624692,2019101307
1.179563628418476,-0.0906646521232907,-1.1357339986247008,0.7545616212707531,-0.4427317393731615,0.6874366123550485,2019101307
1.1071454764792767,-0.6810577707082567,-1.2825762942075745,1.205728029035611,0.5216310306741908,0.25453487415950476,2019101307
2.5614589712392988,2.0486164430093368,0.9286976104500797,-1.5071671112464502,0.9117766734124997,0.6962077837047673,2019101306
0.4535895302386107,1.2334178975745518,0.23306343240718524,1.1499929863454545,-0.6781122843350516,-0.5473432088447354,2019101306
1.3187848538432574,-0.43558744774802904,0.3431875599232431,0.3223341890318569,-0.5749739234281349,0.023982537703037692,2019101306
-0.6793712169979154,0.7861679308755132,1.2354442491708115,1.0444801815026337,-0.5759627078026089,0.9394798060413767,2019101309
-0.49697850955820794,-1.4123597859718267,0.09641961843651166,0.47214897010575574,0.7466131349406946,1.5204572631934037,2019101300
-0.7974761414569929,1.8201619794949384,-0.2944606956852986,0.48583012058803937,-1.1798161602614028,0.6570595787072424,2019101305
0.22794789066439258,1.2877170695133742,0.4540784536117912,1.5587595283898021,-0.44764414787153095,-0.4562268497447343,2019101305
-0.06131659225722323,-0.5419961838253928,-0.8390753391073426,-1.2825284116631672,-0.8999854538143574,1.3468498034414915,2019101700
1.9736982742796607,-1.8537985889044375,0.44882450284351977,-0.01852158567433019,-0.27148646555883227,0.5953043793264373,2019101700
1.931624582864766,-1.8482231344307782,0.9163120358205152,-0.23379160160794502,0.20045372925402677,0.7443063440911021,2019101700
1.6982499775632334,-1.6325521078150689,-1.2609174731106734,-0.8929385850713629,-0.2516785962603146,0.20831898345969185,2019101700
2.2671275914592437,-0.24285039205223746,0.21497518770997873,-0.9820863918112841,-1.9661081333889527,0.01692267188035575,2019101400
-0.06526364015674072,-0.9260956740940555,2.5784057554878914,-0.35844882952163604,-0.6203319573918177,0.7684562753195434,2019101305
1.9606126282254082,-0.5495813721438404,0.04186217584430243,0.16434384132320362,-1.000388194468229,0.37575594097106685,2019101305
1.459639986282065,-0.7980685882195323,-0.8865665132880242,-0.6182777315262135,-0.6361461234755835,0.044378084938119504,2019101305
2.403966126556088,-1.5214038560289598,-1.2955043551859076,-0.3916305944995274,-0.10042132160393796,0.3062567994471208,2019101300
2.363126363661853,0.6196062613788181,0.9335998466841554,-1.7557949425136161,-0.30681158307528866,-0.05318214450536164,2019101304
0.8686388357713773,0.9085697696630747,-0.9416836699103338,0.982317884159792,-0.8245924072322152,0.32678310672419664,2019101000
-0.05247545748801221,-1.7238722564182458,1.379014613366947,-0.07992910757983249,0.6412710229410187,0.23179504383408223,2019101000
0.3976994544807106,-0.9124418849170869,-1.001955922159571,0.18310548082860525,0.6072301697743678,-0.16193926295790173,2019101000
1.0838994083910645,-1.731094418511668,0.03742985011941092,1.0579893389274297,0.8802034602332496,0.4822012373628689,2019101000
1.0101973802663993,0.0039378706829585565,0.7904410721528035,-0.43828564392152486,-1.3392284787391981,0.15700668821386835,2019100700
1.6507452095952193,0.022947444865496748,1.1475888638215224,1.9090639018538973,-0.9305893348993544,0.45523920174312615,2019101302
1.0763381491966273,-0.11792543530471113,2.2501803650932546,0.768253999827597,0.017075446683165244,0.6007498518673101,2019101302
1.74989312314032,-1.0190923448306264,-0.1503598180055561,0.8714751242285186,-0.1679154140015655,0.6326178154352864,2019101302
0.32131099145817016,-0.23634513636930152,-0.1628808219346697,1.55517306337687,0.238951461528436,1.053045049523513,2019101302
0.42547775960236695,-0.6379130507277061,-1.7057564338943434,-0.47124002094413214,0.037328588021959604,0.15634794642123392,2019101302
2.7200710130690724,1.4931305541780573,0.4416804404748488,-3.1858412969863923,4.388769083518003,1.89063590905815,2019101302
2.0357834529540804,0.8552610423586904,-0.06389806127517314,1.427901011855904,-1.2923242156407146,0.12293789115449597,2019101301
-0.23440416578359466,-1.8766448916742793,0.32559175317364913,-0.238680800217351,0.759012056139783,0.8726386914739759,2019100700
1.2879359222861517,-0.3148408784568978,-0.40282646018138485,-1.113733704071059,-1.1765834395219916,-0.3057019003829266,2019101301
0.5459219252538617,-0.747958955426561,0.8237091852580007,-0.6040123317691097,-0.3242971996258262,-0.5378325509663405,2019101301
-0.07793407523775822,-1.020850430574192,0.8763166565446173,0.8146963829637438,0.8165127487364563,0.020657037920381784,2019101303
0.24179735317186019,-0.42017838843208427,-1.8000337621013618,-0.0956209129607328,-0.056300892149788465,0.8228783864020551,2019101303
0.9793042849026471,0.16924839647878895,-0.3023027254704027,0.2060305109881496,-0.676259458609788,-0.23986597561383693,2019101400
-0.15921513480920574,1.7344736300320862,-0.3524837878329909,0.9330394888721067,-1.2936725402902487,0.9070068532457046,2019101309
0.6891323550141717,-1.3112313680218692,1.1369281046761592,1.0439650385479509,-2.254428910468174,-0.033239388077097726,2019101309
1.1295680445740561,-0.1981347753994699,-0.7505516169338741,0.9516838807101825,0.17145998463827578,-0.5276615972179853,2019101309
0.9617258063763175,-1.4521274431337874,-1.0019008366690925,-0.9074519569734978,0.35172551549780673,-0.8230363277889168,2019101309
0.7259536186381149,-1.7065937095960801,-0.17874431609297792,0.38485483080042443,0.43046630090537574,1.2239424248208524,2019101309
1.480223357990802,-0.947568954285969,2.140727248515133,0.3473299991262686,-0.7515062497421374,0.257339463244925,2019101308
1.4856195709000284,-0.942444198400939,0.38568678609561147,-0.723599434796135,-1.1723593142651143,0.7667849667145769,2019101308
0.5421578399824822,0.5188310690793724,-0.08696241913621637,1.374398778383404,-0.36021459715154913,0.4557033032044856,2019101307
-0.25736021917204355,-0.3264638818890801,-2.012619211178657,-0.9490714011819532,-0.2149872255389036,0.6190134514396021,2019101305
0.7365027116720331,-0.4528366618301494,-1.609978314908074,0.5036734884783445,0.5472238167390402,-0.5790634148521814,2019101305
0.7739130482961741,-1.3516709953627102,1.4926175136567301,-0.4041889221823574,-0.3892776936758373,0.41216253147625836,2019101304
0.4483495972382493,0.40452744039309785,-1.538508615434095,0.3603688147110676,-0.42341907578509425,0.3387470760178848,2019101304
1.9943915096118239,0.8608441779308583,-0.735786046653668,0.9539472011150105,1.1498885717622764,0.2613990851686806,2019101304
1.6122868047898997,0.5248079201059945,-0.8663251012672866,0.831197512215773,-0.9173854539367625,0.016931380210828347,2019100700
1.080058850817371,-0.5376281006853304,-1.0749551449725125,-0.7928848096705343,-0.5719015339501671,-0.24955368234390038,2019100700
0.13054263871416316,1.3060100501644951,0.13330186786475592,1.0667764762409813,-1.1055605896310337,0.7868606718853667,2019100610
0.25955173039976726,-0.475492347908775,1.5895808275315066,-0.9074089223891832,-1.1328418971959189,0.4920025997383882,2019100610
2.382936405363441,-0.2763451912673639,-0.17828097310732338,-1.4297125721801982,0.8095274553968702,-0.01585381109514751,2019100700
0.18977726919127852,-0.8932505973393688,0.25173228805652964,0.5247175701228166,-0.13432547379342571,1.7499999739196195,2019100700
0.6468063817151312,-0.9981665882575416,-1.5732628142246796,-0.8989334059331213,-0.22018042492179127,0.5162091124603687,2019100700
0.29173105587255166,-0.512165536129279,-0.29250941336648595,0.11666935193568749,0.1428096939881891,-0.13730590232178255,2019101301
-0.5575920330664988,-0.14756901511065554,-0.10724488918158505,0.8587396103899589,0.2756025567675202,0.969190046601638,2019101301
-0.0191052506853366,-0.41127058149217394,0.42854278630866055,2.004063824081621,0.5975846858993643,1.2790313304308703,2019101301
1.1254551817727207,0.4303060756430993,0.03373335861065886,-0.7193600416695912,-1.7351563376973225,0.18308889286309962,2019101300
2.131788191422745,0.9842390107714346,0.7214004442527925,0.508072364157804,-0.26859392926523484,0.04627770461841516,2019101300
0.5256073514185539,1.2939245506717678,0.15879355364503706,1.6584240020448304,-1.129894528953884,1.1667686531073875,2019101300
2.1243940179564813,-0.9352799943697815,-0.9461027511750961,-0.4341874411305254,-0.6477086112074711,-0.2841855098366422,2019100612
0.5691489362951624,0.5267641248887068,-1.5131242677666492,0.7664135220444703,-0.08571578090289492,-0.3557765809443771,2019100612
1.3645812383611038,-0.3472791875730941,1.9624109794790716,0.2746600147069071,-0.3161247849918795,0.002346598405599145,2019100612
0.7619853019979045,0.8237870418270232,1.7117886692474167,1.8362979464429297,0.4567700545414725,-0.07855444582095868,2019100612
0.6410773428109097,0.34412083065722,-0.48228983995927494,-0.09977778922592107,-0.7383794043726247,-0.29643226643600046,2019100612
-0.6547393553645096,0.7445208241249404,-0.09711003502177237,0.5818271345808278,-0.34143578770983224,0.4896657047742943,2019100609
-0.4011053043695229,-1.1712021501973653,-0.4752820020496635,0.10149110256781789,0.2927002896043929,1.851792035647924,2019101304
-0.4617895316577369,0.4366277336111607,0.5651849572688239,1.366400545948971,0.12475348691893458,0.40579635424390936,2019101301
1.887501795414307,-0.10892986441232905,-1.5093750556487586,0.6327057748619969,-0.6636194717726502,0.32983027381841135,2019101301
0.6568020552316299,0.12030290540893601,-0.022283260350040926,0.3392955100333395,-0.5144729992357514,-0.06886839379782632,2019101300
1.2290853327356535,-0.551750584267294,0.7031898438326823,0.6204680653528747,-0.25258769353980254,-0.21299893297494385,2019101300
0.8831750721839196,0.5379511493958002,0.6848449458899647,0.6585715262892464,-0.8463100632102063,-0.3188672654743043,2019100608
-0.1186081197383243,0.17315622167438002,1.3982302558359478,0.4627275901521225,-1.1228815621506485,1.8193991745140219,2019100608
0.20626679161240485,-1.1785789309745296,0.4291279932647358,0.07424546141905256,-0.19530861357944485,1.6890654544255794,2019100612
-0.32387734628540227,1.245158488112066,-0.8744016511309689,1.0312363270413198,-0.9739226619348769,1.7458513746602622,2019100611
0.7244542322439752,0.10330703610000638,-0.023100516009072,0.1933052428807074,-0.3318440205754121,-0.8078111344660026,2019100610
0.11624326714600064,-0.4898262766147318,0.7736380525091763,-0.36830075823623276,-0.3017358930032236,-0.13166592516374148,2019100610
1.2327624943033013,0.9220646028925412,1.1179680448106166,0.46415723672737047,-1.5435034066367128,-0.3364059708903494,2019100607
-0.25557907896853405,0.378111748643187,-1.2752537034336577,0.3067028465145347,-0.5807294766410862,1.5501698470276501,2019100607
0.08873120396510326,-1.0564055480867134,1.4302445585783028,-0.5496192891709538,-0.21526324425778473,0.16854508312236427,2019100610
1.1042760061160974,-0.8003902811229464,-0.40104019296681426,0.09896036942977282,-0.23842731929890185,0.30173588647600635,2019100610
-0.9526655684070844,0.4070128683028008,-0.7813118384509845,0.7359983633472097,-0.2103020385713282,1.8698360988642393,2019100610
0.2857487038153941,0.8397315651698359,-0.298609005608605,-0.9940174575214249,-2.1154776710809093,1.3086677943282499,2019100612
2.082985901700737,0.3870299482602232,0.1601862380533388,0.4775267816850709,-1.3696090589020975,-0.3328424536188734,2019100612
0.10601257313350759,-1.5306355301524146,0.92339997908599,-0.3965867577271138,0.4267132959012352,-0.027375184395197878,2019100606
-0.1964071804363417,0.41035636988164037,-0.8532591654010105,1.3049067469943763,0.04021322237038059,1.0349351955786585,2019100604
0.06642971735473338,-0.08789629959427815,-1.5372260872591457,1.1681689115013068,0.6326392179792827,0.3473884384957573,2019100604
0.33772881655218223,-0.5208021898550924,-1.1198173181012219,1.4010501513800793,0.42836316896537086,1.4454372551408572,2019100604
1.781357412465819,0.18675529259786036,0.209193134726724,-0.4080874849308228,-1.5184941741891846,-0.4530560465856056,2019100603
0.31053144302939356,0.7225531741897236,-1.9701874402045003,0.3753835107638621,-0.8230718364164996,1.1894628151342352,2019100608
0.029920593523358994,-1.2508802532916663,0.8278137550256507,0.2229695965828971,0.4812755087855396,0.3442374682051895,2019100608
-0.7264309106099356,-1.6915578242374285,1.3014714627096315,-0.6016486735876008,0.08512377559127864,1.8137809406638001,2019100608
1.3723586727164998,-1.2606794803124721,-1.0113643789591364,-0.3472703229450829,0.43266012853022906,-0.2196693690985529,2019100608
0.9794441462372083,-0.013518173873090565,-1.4314986437088506,1.2854858807679233,1.159002576921305,-0.4260098155911208,2019100608
1.879753240474864,-0.398617450727174,0.7193801138181342,-0.9706857929773909,-1.4277736815530602,-0.775105565395705,2019100610
0.9958445254817999,-1.375922032069833,-0.7537596183661436,0.38494264517996274,0.19260175531779827,1.1258734938694581,2019100607
0.9647810558241924,-0.08962832428480819,0.7749208073037146,-1.0579005742449121,-1.1814248112545,-0.8905708288330598,2019100606
1.5052988712538766,0.1358980243354315,-0.6910170663001255,0.029338971304766717,-1.219373852812925,0.43729247478164573,2019100606
0.7298095374694623,-1.0754926230983701,1.562412306668428,0.3690045749155142,0.11051418875980705,-0.2591318577314352,2019100606
1.8957465566248701,-0.2515940312299094,-1.4206772030446555,0.4074697205101149,-0.6941110416656598,0.2993630140713915,2019100609
1.044242990270245,-0.7792917734333183,0.18457330736156619,1.4353327611221083,0.3696735259091355,0.4078575012397104,2019100609
1.5614411238715251,-0.8431500808689442,-1.5267098692637013,0.6112794079438196,0.29362894914195264,-0.20752471161795052,2019100609
3.1350947564058513,2.1704011028561814,0.7983507764559513,-2.0101937393523692,0.9845184032686826,0.691400933288854,2019100604
0.526842267383154,0.27777208034732315,0.48526956418274897,-0.7840217501922495,-1.594674093873681,0.6140117929706018,2019100604
1.610444036968438,-1.4946682686131234,-0.8081128659034529,0.48428805539003134,-2.6655167538231166,-0.5480655571559371,2019100604
2.1675837992481384,0.9722759932194387,1.3368309731622792,-1.0027379542682682,1.941703900396297,0.3270066083272277,2019100603
0.8326719548976613,-2.03069299136905,-0.13245212289945787,-0.3343384489067908,0.1700295367662495,1.3047318133447452,2019100612
1.0348274625236253,1.2517638891701142,-0.49914964709430787,0.5149274737059535,-1.632542004702646,0.5263243227001716,2019100611
1.6035308793204464,-0.5437696754091704,1.4650117604618236,0.08934957983181686,-0.9712260569416368,-0.1448429396676724,2019100611
0.9243066906491685,0.5287856604189389,-0.10206158788586694,-1.008334514280623,-1.7801586658471378,0.04121581402386828,2019100607
1.3028106803789141,0.9739836911097348,-0.19906597453287883,0.6211191201289518,-1.466780154028634,0.26135744488949647,2019100607
-0.22934811118477152,0.5316401721282483,0.8256040415779066,-0.2395233630088937,-1.032128194621561,0.3373595681160832,2019100607
0.5008548615411474,-0.48435905607932556,0.46501529971989225,2.4259690465437194,0.7223287559826905,0.9709842207601479,2019100602
0.24214426568688519,-0.273637080597877,0.24711138292193702,2.0700726758308394,0.8475473290349714,0.2032296663662985,2019100606
0.19009757676082134,0.35108744861747254,-0.12083116830665362,0.6213604253216444,-0.8804152225283098,1.5286430137972296,2019100604
0.969968788210701,-0.3053184847136393,-0.8702394191195167,0.2831781532239045,-0.20660650045142712,-0.03437185178255146,2019100601
1.699300237162267,-1.2288399768094962,-0.26246335865461407,-0.07422209248014114,-0.4897174557191823,0.6243302966624004,2019100601
0.2248237032387157,-1.4734830571733326,0.04097583672415437,0.8808172571178217,0.9081992996062788,0.8450839703792659,2019100300
1.5825662338993647,-1.1488422073423405,-0.7665668669886905,-1.1393478910618307,-0.9404392535285527,0.5136834725567738,2019093000
-0.002535705074496849,-1.4110504955964258,1.1996141222250716,0.497351436714796,0.7701107694197095,0.15824364730264084,2019093000
1.115541461433072,-1.710128714543291,-0.6551024436761792,-0.663082303881294,0.4479193727322104,-0.6150846793712722,2019093000
1.1066403619332104,-1.4874906245219877,-0.5494664197511122,0.6036343216979808,0.3670280181170201,0.9489261867263804,2019093000
1.2365569580832114,0.08067595762172378,1.615155141504366,2.044668500920105,-0.48209378903923794,0.651558637933056,2019092912
0.5100143089205589,0.6849382150154623,-1.968496170890241,0.507478784730958,-0.826201637990119,1.1838024148726003,2019100604
0.6829123811973332,-1.9983663801550233,1.214793071637853,-0.1928822290040661,0.11266738699468755,1.0203593133217763,2019100601
2.2207185039281914,0.053175617373642695,-1.422172322439633,0.7541477522279366,1.1346564294832004,0.7531576535402783,2019100601
1.1927731153064505,-1.3430219130697636,-0.666166411729303,0.9107001613696837,0.35619967923993556,1.084081528674795,2019100601
0.9335346520699527,0.33520747794571487,-1.5558434437966422,0.5313600062470976,-0.25093417002995955,-0.38466624896058027,2019100611
2.120616839712263,-0.820275619699862,-0.8613883441271531,0.2322735038355959,-0.595753257679382,0.2841397498730245,2019100611
-0.8449976151706082,-0.4165020140001567,-1.3781769377517716,-0.3672894721842278,0.1450644136587078,1.1890927428114324,2019100611
0.15780702022761728,1.7688694100082285,-0.6485151579967315,0.5700870729827736,-1.3320926177838737,0.1324567076705084,2019100600
0.5515710837143664,1.397335578641445,-0.07161836398909557,1.3658922188388842,-1.150533242192151,0.6835153464542123,2019100600
0.8755615289288609,-0.03174807854485433,1.234461873029837,0.4091803666298671,-1.0452219816861579,0.6487823486005062,2019100300
0.3111529233477767,-0.1365362555783911,-0.5108928715133999,0.9455219848918879,0.08125152229060915,0.5817858742409145,2019092908
-1.6883592955533626,-0.3320200596185333,2.1789020899351375,-1.1202434197141913,-1.0801225801182046,2.157659297825128,2019092910
-0.7175333698624338,0.664750336216725,1.28176256867551,0.9633670299316932,-0.8896657619059797,1.8880335460729187,2019100300
1.4850558655737454,-0.14395312668193158,-1.1734726773589037,0.5734497468506605,-0.1562291298347052,-0.6079229207914959,2019100300
0.9423203736355902,-0.12317845456988148,-1.7907584873653155,1.6415179014913144,0.36305393134539476,0.7110703089950854,2019100300
1.3027380544768146,-0.16663444321885812,0.29870800162266503,1.2024841991230526,-0.5806310258863485,0.8369073609406389,2019100601
2.053285467043056,0.6121422119649013,-0.043902710675634136,0.7658914293820439,-1.4981375209422247,0.12769793545699454,2019092909
1.1635899517277284,1.4899904031334654,-0.4887556989251514,1.344331355562836,-1.30820350584128,0.2507839245796907,2019092911
0.2305909989827566,-0.49201296859813126,1.772978535580592,-0.6508927983480438,-0.8788352162176619,0.18713403771497386,2019092911
1.6517666073460318,0.6609481577234658,-0.11483491372856672,1.7397305257166777,0.000114458525751103,0.13356799439780195,2019092911
0.5692694217931664,-0.4264355341233029,-1.2761127853754335,-1.2512983641847453,-1.061540187221452,0.9409685977799511,2019092911
0.4160664244186004,-0.48502730856118514,-0.8121918731663648,-0.45662326438782347,-0.7636492204104458,1.4058940419536077,2019092911
0.6656356499672306,-1.9796338248999088,0.31503602953398663,0.3039501251335017,1.0180509247817693,-0.04847326071218229,2019092911
0.7409278176110302,1.1908928221681756,-0.40750231909677814,-0.48650789211239004,-1.5927640819099262,0.3876829263243769,2019092910
0.9711280162944377,0.2879410775077719,1.2291695316203557,1.5448146122744821,-0.8145833652090063,0.9526570806767594,2019100607
1.4002004204605327,-1.8508361030523404,-0.8184927022803948,-0.7867865202064569,-0.16424007269313043,0.7373653046234442,2019100603
2.089450520642808,-0.2887913018583956,2.544901377199691,-0.28725850751370813,0.2327390079247609,1.0312586406481283,2019100602
1.9564722533426246,-1.3037371652360148,-0.6018957674628487,-0.9460981969561559,-0.6746178395219234,-0.19373467173520056,2019100600
-1.048213495499345,-0.3084466366606748,-0.9484240224995097,-1.9133078491977928,-1.0644289674628504,1.8302666285244749,2019100600
1.7850765722491038,0.09961499719331486,-1.1019562337284161,1.0011220880043328,1.5483468890369312,0.3948195891271046,2019100603
1.4391056104624202,0.3729121898179623,-0.011290092506566183,-0.725442774371701,-1.6687181458313338,-0.2954900336268548,2019100300
-0.4613520724868884,-1.6161974620495567,-0.03640128920361208,-0.5667476030010661,0.6035556021254516,0.8000772199653221,2019093000
-1.2519943637569493,2.058656854034535,-0.8456351716006191,-0.4554260768202892,-1.759298146077843,1.2418367675230138,2019092912
1.4113389729650216,-0.062404325412359955,0.13999875116067687,1.2348839716795688,-0.577269498345787,0.6076841373567438,2019100602
1.1246665476151636,-1.1488630336139025,-0.24575363491037075,-0.6789687171436483,-0.2813361229093094,-0.1504274147633241,2019100602
0.16252406423758523,0.5554564042510877,-0.3928559434977976,0.2734537332406573,-0.6427290086851682,0.2053759278085222,2019092909
-0.7890457360427704,-1.6436369147287981,1.1853844765044133,-0.6556488909782571,-0.1542313427052395,2.404285941347601,2019092912
-0.10630135663044876,-2.1112370737859845,0.542174675272952,-0.4336686733676956,0.9343246352891289,0.30265408081858797,2019092912
1.9861643621377068,-0.8152691286209717,0.14284975193267715,-0.4745717626970413,-1.0299934480111146,-0.04774862228826297,2019092910
0.0357414659875484,-0.6952765612027845,0.5673257991274352,1.3863748341433006,0.6436049785650817,0.6673404187200973,2019092904
0.9857795735339586,-0.8387790819120002,-1.5034820486788287,0.031001453218311936,0.18053828833252367,0.019971749413829145,2019092904
-0.3858706913998538,0.43398996785258137,0.46880593135491294,1.5473745837786894,-0.3089544215242862,1.728679434450742,2019092910
2.3363415463571116,-1.2469388241375325,-0.8075118893970487,-0.7641112650940008,-0.7999255784464221,-0.1366481258114025,2019092910
1.7653261346346378,-0.5929955427675241,-0.27077996227811746,-1.4669881072473296,0.34103177175761973,-0.1577215038639716,2019092910
0.097278498300882,-1.1906022780723164,-1.1026437529795858,-1.1623762923628813,0.10681526732015507,0.18133905568671324,2019092910
0.715536137943119,-1.7634935456196452,0.20097199632981244,0.09372036289670346,1.142218883709466,-0.16163837167965822,2019092910
0.5571916509074804,0.0365846449098374,-1.0743143403826423,0.41480143886731596,-0.23606179331022514,0.2511115111321625,2019092906
0.26351001412215297,-1.2225860367600243,0.4409260765547175,0.050493425229933435,-0.2288595828336076,1.7400531042010123,2019092906
0.20063727261115838,-1.5961949902885149,-0.16862347465140812,0.07226615859064743,0.49911830240616184,1.1055334486967656,2019092906
1.4748810029921569,-1.390114017765255,-1.2294926413310412,-0.22923905637427844,-0.17081141142037445,0.7850174260815227,2019092911
0.4575910491926577,-0.6997291622593595,1.0632446364792756,0.3125271682391091,-0.4029542252766758,0.8901187122993879,2019092901
1.8144341978348668,-0.8543317276634796,-1.0817763320929392,-0.694300457324672,-0.9556750043810069,0.4733160233472552,2019092901
2.2456033621168703,-0.35020729560371144,-1.220158804383401,0.2699999436520788,-0.4252537216474045,-0.05372728026079777,2019092901
1.2914361098375666,0.34211061354974565,1.0080673400495646,2.7316372396394084,-0.8174252978574749,0.375304844210988,2019100600
0.6173424578742306,-0.3374628154846811,0.08960225906190876,-0.9475572651267632,-0.703862109155275,-0.5645465178595613,2019100600
0.4271421022321698,0.7617793653074364,-0.33945735761093293,1.3924901454440755,-0.41604526417844906,0.44898556631366887,2019100600
2.2303395135116664,1.2067415241856894,0.12640214634021638,0.08275622149370579,-0.8192048103935925,0.5908405199703403,2019100300
-0.04263534302359532,-0.613956437811079,0.024609598403927676,0.15403215432705444,0.2998866132074475,0.0059372023977374575,2019092901
1.2963357457752012,-0.6200352866141597,1.4020241271047047,-0.6256869075583553,-1.1863176381277707,-0.021361229989980253,2019092901
0.563248891442454,-1.7453505264467746,-0.25716932999180975,-0.47160171911502863,0.6820402529867549,-0.31593491263872225,2019092600
1.786720192752711,0.7253378727954537,-0.33509322584715767,0.1385710474100523,-1.755826621300203,0.18600533643978323,2019092904
0.5676047901079705,-0.02340307572373976,0.9682472057536426,-0.8262079564387044,-1.0570033886801256,-0.5546200712445479,2019092600
0.6682542260732457,-0.19595046842592542,0.2720166867224145,0.08881388587286373,-0.5187299993855917,0.018634826692509623,2019092903
0.9671100568967944,-1.7269280906472337,1.0908911915840158,0.7674076201837263,0.19063649622795026,1.3565137318364426,2019092903
0.4355833301785541,1.811593288632573,-0.6859282212661933,0.9248929791945569,-1.2626562725100434,0.02006486847988306,2019092900
1.1122518807276378,-0.28924381367099194,1.1094941940523568,0.10776460556903898,-1.2086350885042925,-0.06720737931668597,2019092900
1.3318359191233542,-1.1094077894317729,2.1143555905150953,0.9126893262514009,-0.9878162279317599,0.34246603226357897,2019092900
0.061131237107341925,1.2277195548564428,-0.9500571321742547,0.8000363821224185,-0.5000815335813031,-0.26069642205796806,2019092900
0.675938308406673,-1.6028721431777189,0.03992619192100289,0.8261827215433657,-1.8797578716651577,-1.0122852897194472,2019092900
-0.9764087792063625,0.4390095224806211,0.3312368312367523,0.6481099694024555,-0.6596888138832968,2.2082482859634838,2019092900
1.6616124741726457,-0.15835060410175505,-1.4135705542365136,0.3634643827134154,-0.573210714716531,0.0667536769896601,2019092900
-0.8810779597213323,-0.31668440692385724,0.526022450297984,-1.0639107686394416,-1.1486615137010117,2.209630026616894,2019092909
-0.5478360161864658,0.8967345356423376,-0.8927277887046623,1.4070930813761222,-2.327444849157738,-0.7943215732050757,2019093000
0.4905134118028114,1.3659283477316506,0.03467532485981028,1.316836036827795,-0.9454837613341417,0.1765086120204602,2019093000
-0.749254797302064,-0.8030971589578264,-1.5147908124130471,-1.7329263894118265,-0.33494174585438846,1.1307257400709971,2019092909
-0.12107823145041922,-1.0973616238299597,-0.5180256318851162,0.1590296360981055,0.7983810004651931,0.13268919935709964,2019092909
1.754107406527788,-0.5848754590465797,-1.2365712499550932,-0.30629888423049484,-0.8783289151663127,0.48145437129884283,2019092908
0.5271374760579218,-0.4491833130297622,0.30491426909720726,2.22411119762874,0.56502011079649,1.0626247398861575,2019092908
0.8045537805209948,-1.704786392075639,-0.7842579277533932,-0.8987266501374411,-0.18151901406062737,1.1446710262701292,2019092908
0.5858135144816323,-0.7954624314467985,-0.7127440666105384,1.575314426527736,0.8795095868607732,0.5130317715414777,2019092908
2.0304592264273618,-0.953459868110415,-0.7851844648933801,-0.08633932506291453,-0.6730289446816098,0.36311671170552423,2019092907
-0.46561984695575354,0.15673303951960119,-0.6568373625159979,0.8155387207216781,-0.19638462474439275,1.691753600801449,2019092912
0.4606243394983125,-0.4861016954251023,-1.4641333124320235,0.7966859112713288,0.19967682146125315,1.103003595622105,2019092903
0.9446041238506427,-2.0481921247657087,-0.022954018996913177,0.011819720937595713,0.2696553237536809,1.3705755479625823,2019092903
-0.11955821991479061,0.9537549013527291,0.6896045890805251,0.8466808698724165,-0.7568081418337539,0.3073229944070465,2019092902
2.159919013002649,-0.8628714394947127,-0.136556707414712,-0.9689028188045905,-1.4203066868045848,0.23660345463111232,2019092902
0.7458233360149604,0.15941769476399317,-0.00369204487132716,0.5304418456054812,-0.36239683642173315,-0.3906363973912409,2019092902
1.7594896773422855,-0.3136718811890194,0.7256287460507134,1.6111630766526914,-0.1554217792444829,0.6980985412106625,2019092902
0.2836538025287612,-0.5332892864012657,-1.161104062711502,-1.6904594778235444,-1.0475820467707482,0.8114736560931713,2019092902
0.4616032479328702,-0.892393777058074,-0.722211251020119,-1.563876693202592,-0.8890661933952635,0.8025802180793724,2019092902
-0.0654628662418739,-0.7190014762496749,0.5155232432873256,1.0086523676263683,0.6234892075442189,0.386460119437836,2019092902
-0.3667851344272791,-1.1688915685891952,-1.1911109732716547,-1.6742388153670664,-0.2362818336887022,0.9677341618111878,2019092902
-2.0851128752349446,0.0526154550977716,-1.0526974668103732,0.47268818388593087,0.5303546210476036,2.0557413626606698,2019092300
1.5692982076293207,0.45685040190953785,0.6447171791406379,1.1797984194097084,-0.8884253667884149,-0.23025612317430416,2019092213
0.30329845662356986,0.31867992785522953,1.3723644757977833,-0.25031195034886616,-0.5789964848391165,0.41387137790286216,2019092213
0.5013854290095877,-0.30867921904635137,-0.06039195758505374,-1.3052624241979576,-0.8915919220220189,-0.41625794869648414,2019092213
1.162962278950525,-0.8288594481311102,-1.0504464834660137,-1.3036172866155307,-1.031330226178308,0.6229746183906214,2019092213
-0.03234049171759855,-0.49207912213875826,-0.87159078938839,-1.3519757318722103,-0.6876899756578209,0.5837696292108634,2019092213
0.7145675272121794,-0.8256150263506324,-0.47312523359989705,-0.6020037066263974,-0.4074894515601636,0.3482839910487945,2019092213
-0.3340992176617006,-0.3381471493463455,-0.07606446106503705,0.534044048789339,0.26476506163128094,0.5695880819441834,2019092213
0.9817520056711321,-0.6795109081105639,0.13109158105252836,1.7203365108279165,0.20034809731631836,1.1754589798878872,2019092213
0.7769619216283011,0.09108880788290126,-0.8728737053878145,1.7311459325963403,0.27603001176741143,-0.6085002156336332,2019092900
0.9514719141522069,-1.6416689209500341,0.726867236961907,-0.07193087514539917,0.15630293887053492,0.28170199279465846,2019092900
1.991110885993347,0.3756147040099971,0.5986420572098379,-1.2953305379862299,-0.8201860237136634,-0.6470626124034904,2019092210
0.7400936575911469,-1.442509175233914,-0.891271960488107,-0.6742072295344395,0.2039955187058468,0.12189646378421237,2019092213
0.03843302202326202,-0.373021526514892,0.4264432585894773,-0.831961569568583,-0.6420648109013897,0.1360176402218363,2019092908
0.6800662517917682,-0.19583629377747275,1.3066440815509401,-0.4506370812767509,-0.8344449961574685,-0.5840338992867596,2019092904
0.1590411582281891,0.5931869343927276,1.6214987158963503,2.179270299999925,-0.03368443503135516,0.19765685936848898,2019092904
0.3306277772658433,-0.3479673154529311,0.26602871134738243,-0.7749157089256014,-0.7346466509685381,0.08751184306073018,2019092904
0.3306277772658433,-0.3479673154529311,0.26602871134738243,-0.7749157089256014,-0.7346466509685381,0.08751184306073018,2019092904
1.4044800052996524,-1.0114239131487635,0.038752758690974894,0.8497282890014637,0.04632142119905797,0.41600365904004544,2019092600
0.6604442160823658,-1.9581277865092974,1.2568023301216502,0.08178383811112104,0.09847752057704158,1.384737878854086,2019092600
1.1762978318180013,-0.6458403776924372,-0.04686025654062867,1.1289726054100175,1.7808598855071294,0.7725299084444368,2019092907
0.46596107658552344,0.5220399576141397,0.7716734056049285,0.43226400189155184,-0.9728359222529352,0.24049714461516936,2019092906
-0.17885445605430023,0.6985664079011593,-0.9842270430039735,-0.7815118008988775,-1.4741149946813024,1.3194887628534782,2019092906
0.29962393404120824,0.9172689043647888,-1.8847063576141645,0.842346644074001,-0.22958007159664084,-0.06124670427019216,2019092212
0.02209806510702657,-0.4213073506184053,0.7759684539075868,0.04080858680477871,-0.5866587639605212,1.185787684817659,2019092300
-1.1144606713086282,-0.6258615452306788,0.36810408781665527,0.16621661418655725,-0.12367897800036004,2.433073118798614,2019092300
2.3695143960047136,2.1585904027631924,2.742173919782762,-0.9850309552257019,2.799461947456367,1.3159341174425139,2019092211
0.297931776700505,-0.5145622769177461,-0.9058381602427134,1.537195408829396,0.9991323034081517,0.11056004356344792,2019092211
1.3858928657757676,-0.15996175699816992,1.1518211087570915,0.2508472159245496,-0.9552452453054332,-0.22578149901286396,2019092210
-0.4332863956444282,0.6072111588082215,1.2872206786997427,0.7841225198832912,-0.5025806468175015,0.3525957538159887,2019092207
1.5805762591455386,0.527813701926215,-1.7939629171665583,1.4387211080900462,-0.3162858899434957,-0.047838499598607004,2019092207
1.340970911121256,-0.38825596150742475,-0.9917417848186176,0.40527854759704374,-0.5699917472706936,0.7830820857213457,2019092207
0.841505195605663,-1.5285832655632112,-0.1950436114445882,1.052151251650516,0.565293197940595,1.3480078962821997,2019092207
0.9611561805091485,1.2624180970325274,0.07773672057371572,1.4465833068361629,-0.681010359941729,-0.7878872329518999,2019092206
-0.5069018462280005,0.4125137291249944,1.6583251558188152,0.9413755492794426,-0.294080472546713,0.3270338042683922,2019092210
-0.2009371548940696,-0.38479202089041964,-0.1606454036889661,0.6912660504299387,-0.2024938160661024,1.9434588119264486,2019092210
0.4800889590056623,-1.0153427067085143,-1.0554637747797877,-0.16997089760186132,0.49117103114579486,-0.262102135817374,2019092210
2.5014581586091738,1.1379019809429236,0.2650678235243206,-0.7553432323615468,-0.6804883406053052,0.577221990755532,2019092209
2.059281741435228,-0.6800278114344761,1.1963939777046577,-0.28695861364263825,-1.410698546233599,0.2107823420949722,2019092209
0.6347444631515958,-0.7829330473754851,0.13120084778587995,0.9543764770549646,0.08972349143817186,1.0320122142422128,2019092200
0.7763392988310743,-1.387047072241023,-0.7110665686473291,-0.018083967158939222,0.4110864344091073,0.28699881037801206,2019091600
-2.7368166234645788,-0.2734188151491914,0.35608707904196013,-0.6274264996618316,-0.20093445770836252,3.0568671902049163,2019091900
0.05337657534782995,-0.45862632162420786,-1.5228363385737005,0.01846225452268939,0.3559711525772591,0.12044731152440816,2019091900
0.2776082945902513,0.28853662223442655,1.4798091046717803,1.3689104131144365,-0.7557138181504963,1.3741494612429153,2019091511
1.0645925591133663,-1.5123673593277027,-0.3301566953266129,1.0370469518287935,0.501552786972831,1.2207599722491704,2019091600
1.9122021597469907,1.8981402163558683,-0.25150185936318853,-0.3450934998896552,-0.6136277354645187,0.6213349229701018,2019091513
1.1918858898209035,-0.02079812962005551,-0.8890351405990862,1.4672105231441042,-0.038360282327823035,0.39923265694105775,2019092201
-0.005917687271356314,-0.48174614502716234,1.7228104910585447,-0.7366347305597117,-1.2642089445592037,1.3841392197690654,2019091512
0.2565948609982799,0.6357924691638963,0.1455511962048086,1.861575631743031,0.0005025443581904684,0.2826039696316494,2019091512
2.2071024047023946,-1.1064161010813232,-0.9292997167838648,-0.6965898852700245,-0.9004376817839775,0.19054544308307045,2019091512
1.314433730192922,1.1375263276624796,1.5788384277715113,-1.2684298331623074,0.7028583560732042,0.04529012563190183,2019091505
0.8265765146301136,-1.5806659458556098,0.7158864093309564,0.09781142819635197,0.007224929464358304,0.9696570836874022,2019091512
1.0669583402790601,-0.8868943718497884,-0.9214572654855415,1.547689825004862,0.4975883076018023,1.0716994865979697,2019091512
1.2668788080870703,-0.2042041541710909,-0.7320311869172048,1.4594568386740538,-0.1376651774760946,0.8091733069477418,2019092212
1.682484789260164,-1.622253099571221,-1.2017087793088592,-0.6613838038555288,-0.2744624725907044,0.571793288108492,2019092212
0.15107224742356845,-1.7303366780287348,-0.2872451121410952,-0.8978997280560116,0.498788254307847,0.09499175746637556,2019092212
0.2684724772238475,-0.7616229265028266,-0.4870235834582453,1.847592908126102,1.0545995963023316,0.7126880913374889,2019092212
1.2909938875501519,-0.8914964336944532,-0.7789639285857974,-0.911271159863914,-0.5792883356736269,-0.167710862115199,2019092903
0.2586528451549229,-0.7836518467448945,1.4413343968278078,0.3969134034216763,0.18941034096696213,-0.2674271863530688,2019092209
1.3640022983629696,-0.9458025477237961,-0.8263745390976303,-1.1665779772688674,-0.5900554285973999,-0.4801975169885662,2019092209
1.3838603424064588,-1.162441421196905,-0.4141488446158359,-0.5640225255184314,-0.6743174670123065,0.7782792660871124,2019092209
-0.7996268877485891,0.20022576992212296,-0.788622737145185,0.272947376928918,-0.37710016627955156,1.8188523540131802,2019092209
0.9527720665962532,-1.4533045054749707,-1.013769705421119,-0.5670732983926489,-0.07592484017641908,0.7845789301947921,2019092209
1.68228989061892,1.2709725136766938,-0.42009335069761317,1.2997661176021011,-1.1786886496498643,-0.4771507048163227,2019092300
1.7563454252718897,-0.6231095494154628,2.1840109515249555,0.6358432237960183,-0.5123297663104512,0.8989266685632947,2019092300
2.545596380667131,0.28877503547848055,0.5956704854492445,-1.3487603621560904,-1.0074571143362987,0.09079416723672881,2019091511
1.2225709443682697,1.9931772023270322,0.40804772570376463,-1.3583096625167863,0.14281878723469352,0.4455485947107512,2019091511
0.18385078357810364,-0.633342105817955,-0.7631408148241039,1.2751082194287369,1.1191371577480016,-0.26376929661184245,2019091509
0.8516376523177652,-0.1884275754335025,0.1117235050590023,0.1747212029327299,-0.8742759044764605,0.8695036415545324,2019091507
0.16803102500769432,-0.5393445338857721,-1.0899051345789785,-1.7704218987716744,-0.9056796324506322,0.4667073147813908,2019091507
1.214301414655668,-0.2848518756282682,-1.048549291759977,0.26620648903049154,-0.3709294169692129,0.07845848329480455,2019091507
-0.36408638452059366,0.8822996166026038,-0.3290229995499531,0.8209977636763381,-0.41212006779671495,0.47072290647669823,2019091511
-0.025273821493539777,0.5182253766204504,1.0633128304403918,0.672800768668906,-0.9437645228564001,1.0466536457814715,2019091508
0.586759918868841,0.47319272571075655,-0.3921740808832967,0.5473239060299664,-0.6614670915031167,0.22000108261472395,2019091508
0.01325551856329345,-0.09973761335515334,-1.1617982802861313,-0.8769161110953566,-0.510284323110509,0.14945671068115124,2019091508
2.2041998680333865,-0.5786551726612066,0.5876191619289494,-0.8477817069380011,-0.4817200255043603,0.7521218965148186,2019091513
0.1286954190949735,0.03670911022164211,-0.60398266944578,1.0483423901317908,0.10239441408652876,0.6438594895790404,2019091513
-0.21494360180219993,0.0019764311187727103,-0.3690434134388403,1.335409916813039,-0.03150909042050517,1.8198240265030843,2019091513
0.5622355489734103,0.643402510027545,-1.6889115879679717,0.8707860369172239,-0.33672430847331,0.3152790683783664,2019091506
1.7483446007372085,2.110374260197287,0.25980556631127066,-1.9353538154591,0.14381944064023902,0.6020778765332998,2019091505
-0.6216611446468808,1.016007134740556,-1.8309538452160663,0.3015830830948391,-0.3880364346886053,0.6197869888055807,2019091511
1.1632714235343655,-1.043820768061104,-0.15915580750744115,-0.1681776641852759,-0.03427331105017146,-0.34699085105130484,2019091511
0.6459890741805188,1.6126590402805248,-0.6188357767742317,0.7770939236836105,-1.3929756797687287,0.19716525136863308,2019092207
0.6124610971481917,0.6105713174538996,0.29055305807784304,-0.31929981200601704,-1.2621328791511977,-0.22352403867497767,2019092207
-0.8707331625122391,0.62925876741807,1.259845572564475,0.34814488608719135,-0.6733541658256997,0.7375764685916154,2019092206
0.8141839812491528,-0.33708785733251945,-1.108018993444047,-0.3125193560621655,-0.7561714971449766,0.9149369783112019,2019092203
1.580123784879675,-0.05480399952502925,-0.9433481500330025,1.762965367750842,-0.12412990144163051,0.6029484210822125,2019092203
0.11937720007375915,0.6269289217550853,-0.11212848945175646,1.3186690332114308,-0.5529469220933246,1.2587630159383838,2019092206
1.2611203271142637,0.06300033665974827,-1.33756925238308,0.46846740706384876,-0.0787513924542332,-0.9603112598776026,2019092206
0.9817939069020624,0.8465813397708273,-0.830998035733151,1.055677351260682,-0.610194248277116,-0.21182998330066155,2019092208
1.378172927536408,0.2964258639580031,0.004157254491525046,0.40887241275987546,-0.06837432444464375,-0.5947194667456643,2019092208
-0.3073906609873789,-1.2130495117296514,0.026191615732439718,0.859669903612895,1.1921449326714428,0.32978190732387996,2019092206
0.7902066785288657,0.9140584514520584,0.07316497916483994,0.524519284181532,-1.407155938785778,0.650339208981037,2019092204
0.027174113192706784,1.1126097318234593,0.18281250357776205,0.58605618633568,-1.372347878459408,1.2654435032996947,2019092204
0.30142498209282353,-1.0338044373304922,1.458629071413329,-0.25541655419706677,-0.028881444005257582,-0.23672118672109876,2019091600
0.23439521397384683,-0.7344085833117144,1.2866347182331583,0.17569630479646342,0.05705865512218048,-0.22767857788600143,2019091600
0.8989415430895734,-0.9329049004847685,-0.6065591470129935,-1.27983422267086,-0.32202020495597294,-0.8274457109146729,2019091600
0.8989415430895734,-0.9329049004847685,-0.6065591470129935,-1.27983422267086,-0.32202020495597294,-0.8274457109146729,2019091600
0.8145828866598281,-1.119774722721725,-0.44403247572439397,-1.2780857004342594,-0.6593322057865459,0.42997764045619724,2019091600
-0.8260896713035852,0.14745779220508357,-1.6745769100254007,0.6192192592865021,0.42687579556069566,0.9354933457801355,2019092203
1.38661158198239,0.13060550717047364,0.25401233595789063,-0.9090610764437046,-1.6308301668142675,-0.25807020202844166,2019092202
1.3434154328740788,0.983322487138119,0.24282867483180287,1.5665321098543232,-0.8419529852592016,-0.2807274227724757,2019092202
2.2638609317686673,-1.0827456485426188,0.689988420011965,-0.23664808254159012,-0.7641063614817941,0.3912840013720512,2019092202
0.5483310272899682,0.4727416519355766,-1.4878935898686239,1.0108899839714962,-0.518075676731899,1.2240841999428411,2019092202
0.5372768332840423,-1.1351812540967305,0.5138991583088759,0.5808211460470057,0.21877489569570352,0.7738448325372588,2019092202
-0.413948035866572,-1.628630971964255,-0.3023043684809129,-1.1094767833841999,0.27563476168552836,0.9546995202373415,2019092202
-0.8756709941887747,-1.1615697510103775,-0.3119746277528237,-0.25299954890512555,0.5959978692469193,1.1151235817435463,2019092202
1.40160115794288,1.2703175166052378,-0.3017527791793166,0.46043821279054836,-0.949399125030998,-1.0153979707739456,2019092201
0.6861619059631742,0.5498725561231628,0.46931002141924244,0.5813203495344877,-1.0752658892850508,-0.41455806380798277,2019092201
-1.6028907609565717,2.02867536898346,-0.18669659162736313,0.7030369147499362,-1.3401155582660815,2.0370525690235475,2019092201
-0.4134237136626372,-0.06492514147547389,0.2928447515853577,2.0365428572151347,0.9605173927136931,0.3463196953401463,2019092201
1.8120778217177147,-0.06993619179624534,-2.351806824305797,1.5167628022231474,0.023872731352992598,0.38936070043090015,2019092201
0.5111175628273941,-1.289580957731162,-0.4526263853279301,0.8306981588634609,0.419778766453224,1.5333283863374416,2019092201
-0.23622756124563316,-1.5052663139732538,0.15040508378517056,0.5920391971105401,0.7980363899922247,1.3516522089262872,2019092201
0.6961699617750579,1.4533078878125858,-0.17533274240266647,1.3764073195779711,-1.0801401783557305,0.26520151353536436,2019092200
0.43105513509700616,-0.2730282273772151,-0.03627802449962186,-1.1046138819191649,-0.977522864890302,0.1094567490742876,2019092200
1.3255739035576923,-0.7751697050999837,-0.7328622139272858,-0.41202709613234934,-0.42032954969380143,-0.15014199462226552,2019092200
1.9148941391664744,0.10501400790821708,0.12701727719758427,1.6587549634104681,-0.32618438632373487,0.49805431070840267,2019092211
1.0628065116758767,-0.2845265884869453,-1.001699068626447,0.5953738503613516,-0.1018139036145043,-0.8848514006495981,2019092211
1.2642518982534958,0.5168637530014161,0.32953409646236514,0.38069095157580896,-1.3231475893018303,0.20171119206084143,2019092208
0.7743781187612808,0.2116484395255557,-1.5426150990746568,0.2925321801482514,-0.6956408973638951,0.860613800218415,2019092208
-0.2600256749008308,-0.12642860777183004,-0.16337053350844344,0.9935377246127158,0.4559268042510527,0.2791915989812984,2019091511
0.7661073222159971,-0.9672992841419846,0.6708907570306286,1.660481001094452,0.6380296413897224,0.5363936919381247,2019091511
0.7769551612380236,-1.6805399124491818,-0.38618517176545064,-0.38893645791123743,0.7235918877237907,-0.6555066186856465,2019091511
1.920481051968435,-0.12684403359813382,0.8019603004524058,-1.1926483665271734,-1.0629260850641555,-0.7860152168843577,2019091507
1.451031030892072,-0.44566612921284954,-1.2388534286751585,0.7523010345010902,-0.5296707362363536,-0.5979175301863529,2019091503
2.1828181825440476,1.7432079032042707,-0.1679930399997433,0.9424565173735716,-0.6052500351842762,0.4717270389645245,2019091509
0.6960824635239399,0.4503772288857072,1.3607908101405102,2.061688397934964,-0.633958745215857,1.2346725708787325,2019091509
1.5728582452241986,1.6541158872620207,0.4051893189108573,-0.3605617964081888,1.328213302325654,0.9583475337947803,2019091509
0.39755384078395206,1.1995392658671802,0.0715706216238037,0.713877515958981,-0.9960911022480142,-0.13483894700882088,2019091506
2.0796380864385284,-0.002950364345738331,2.6328829158619977,-0.5285803307737248,0.6225435637550847,0.9684570785005329,2019091506
-0.03699785218734862,1.6921257772978684,-0.31820628277563945,0.8179554606565163,-1.047896495092016,0.0058237194555562375,2019091500
0.8474829018595584,-0.6338119767249702,1.695546972295155,-0.5408200327887501,-0.9621387804001867,0.01990657517867433,2019091500
2.6904603352445524,2.571583565172705,2.853634289390362,-1.4942673147808887,3.2148607419009356,1.9531802373417488,2019092204
2.2431715827902825,-1.0451113962844445,-0.4368364766345133,-0.8807096234387403,1.1125041013279076,0.948299123478761,2019092204
-2.0770204169535558,-1.3270907583672247,-0.1821011204283284,-1.5905708065809043,0.05140395336991214,2.4909157667421566,2019092204
0.2245825680576919,-1.001310143883574,-0.5819276887892865,0.8587844055180891,0.7242035446719712,0.7034963116810932,2019092203
-0.04503555822377499,0.7430315295523546,-0.07391002800140156,-1.3747855672906824,-1.8036564837381055,0.4857882915232943,2019091600
-0.04503555822377499,0.7430315295523546,-0.07391002800140156,-1.3747855672906824,-1.8036564837381055,0.4857882915232943,2019091600
0.30567839546715514,0.8607119208675423,1.38582497888024,1.9055381136658196,0.08913551128212518,-0.17248595227937266,2019091600
1.7881785489071031,0.560495766342894,-0.5449881281419484,1.2493200204386865,-0.5178174326081958,0.049640397398497536,2019091600
-0.3735015582396146,0.3113088230913525,-0.6128351755766693,-1.521242609196961,-1.2770753355653213,0.5663087780853489,2019091900
0.9049305708050883,0.6119542001004454,-0.14628037967138235,1.9088040309405216,-0.22680611494301292,0.23567576420136016,2019091900
0.1387545884298261,-1.568419040121328,0.5729844883327283,1.8275890963211896,-1.7342360395884233,0.4569337787149354,2019091900
2.148029280591904,3.802965211412082,-0.13124819487884862,-0.9418653184281061,1.2809889737260534,1.1190128986960968,2019091504
1.6149369563682785,-0.5079453766885117,1.1441138091361054,-0.43149492873388834,-1.366178433677419,0.19886996993929965,2019091504
1.822056912474894,0.25530602808051545,1.4477087608601855,1.6375440694680092,-0.4046425190282768,0.674506264613633,2019091504
0.19779768969201283,0.7822279210070429,-0.5744654704594009,0.47048638891115896,-0.49193045627290044,-0.28625446668119064,2019091504
1.1343479632749436,-0.869922677385252,-0.00913546454930026,0.8276076230221928,0.10019021185232786,0.3724849312932669,2019091200
0.8871021344615404,0.005247657698356774,-2.1173572798726306,1.242194990140242,0.10694456956857538,0.7914717868127298,2019091200
1.2457657118461272,-0.8701752015265507,-1.1668857089291422,1.040437088186121,0.5168510883069463,0.13966508727892674,2019091200
0.491522569573962,-0.9358257316325266,-0.5887593022493255,1.0932194451380501,1.1104023434103252,-0.43890417706352697,2019091200
1.4862098297736466,-1.587143431015248,0.19143388000090503,-0.5277398444362302,-0.21876363714153488,0.021396573645666033,2019091502
0.0892311837992723,0.034440816138611524,0.9145044715623492,-0.8883752706097197,-1.6343547737790964,1.412934207068826,2019091501
0.0603514120119208,-1.3462129338686426,-0.418417737112107,0.08067790079620196,0.45576611504997133,1.0728697564764778,2019091503
1.5921507721224506,-0.11475196720143645,1.7296726903905408,-0.6185301210400982,-0.22210851517399918,-0.30091332370988294,2019091502
1.063979115602189,0.4358666445553965,1.2805512327282198,1.9958379698789284,-0.36770355486404155,0.01895942548762144,2019091502
1.6808518108211226,-0.46320534024649274,-0.1251393250799498,-0.43801519782348247,-0.9812867375175605,-0.23427952471835883,2019091502
0.8924439926865899,0.27670880477865006,0.0636307758178713,1.5277792424458008,-0.5000847328855684,0.9378214189379486,2019091505
0.9323457306863261,-1.2342657106996004,2.594567729174455,0.053697507508347245,-0.8426805869115493,1.1379516218261783,2019091500
0.5827336336085988,-0.828096142124528,0.010204149746916196,0.5298079958952985,-0.14015130059547853,1.230384172297213,2019090900
1.8677298756715017,-1.4535222401166294,1.1582710116366044,-0.0849577145672479,-0.7359069413450108,0.6199377399625564,2019091500
0.8429706583129712,-0.7326721444716027,-0.013826899031139898,0.8073543214146124,0.25464150805561936,0.08888794443610276,2019091505
-0.7265267861218001,-0.7293196056172531,-0.7948693850163419,0.26738152513943586,0.36718902983617824,1.6679739158683573,2019091513
1.511858021610156,-0.8627044988466768,-0.12114402204565151,1.154926764301476,-0.06508942322804813,0.7912372600988455,2019091500
0.7736605485144968,-0.8188512727369363,1.147281545563585,-0.09170935733331739,1.4314938416799254,0.09520576904843553,2019091500
0.9581344150817551,-1.8851274233563475,1.2632819456909725,0.5555859194303424,0.3488314577642747,0.8718359091981228,2019091500
2.110145010518746,-1.3889119599477862,-1.3345299430637807,0.18195465274498232,-0.05129982370923079,0.2468428319433954,2019091500
0.5370901177594012,-1.7286663136822138,-0.034463039472944615,0.06926009689641474,0.9093785878766562,-0.2304789538003557,2019090900
2.0683790427630573,1.5959818776826196,-0.03027012365488033,-0.19781491284948188,-0.3532470364474866,-0.5171098414259855,2019090812
-0.06452528449086004,1.0921500648286089,0.187517965525449,0.44956812588969886,-1.42772600548137,1.3739834639957047,2019090812
0.9507587430198524,0.0926597703281137,-0.7735912943698691,-0.891810314888896,-1.5030767088760768,0.727770716959435,2019090812
-0.5336025738133185,0.40275187478958635,-0.1738193258008853,-0.43512619069518926,-0.7638907371899372,0.6343411353277065,2019090812
1.816712977523038,-1.0607054827134514,1.0522784844469801,0.7926082974033771,-0.48712358647978166,0.6196990000776065,2019090812
1.317812341284162,-0.4353619503839573,-1.2078591930348097,-0.42774122086812993,-0.6576007508515082,0.0412773915813416,2019090812
0.9779831454245528,0.5130841295664035,0.15303878733536316,-0.42688683447702114,-1.5021517440900525,-0.009622664930265949,2019090811
0.6259108684159952,1.3170036829333596,-0.20611844209814767,0.9897218619548025,-1.4428004325793486,1.0116170811565688,2019090811
0.3188288445201596,0.80370415973463,-1.7639846949233038,1.0764854234104058,-0.5068044052504735,1.115391163501159,2019090811
0.6539712892395807,-0.28720852609035896,-0.09488823747630136,2.031559142816662,0.23486494139222625,1.3533066429901008,2019090812
-0.6224646511534564,-0.42547449911473156,-1.072091262349463,0.445890406983674,0.6258160850969953,0.680191822471383,2019090811
0.6508675842093959,-1.9605217544119669,0.06596211095909565,0.13689862874714329,0.38413472380109515,1.4486443439871985,2019090811
1.3509678672403391,-0.730343509477668,-0.6729576300451231,-0.0633435041807679,-0.36277833966081013,0.052900438671581985,2019091504
0.6068748990173579,0.7881828780241379,-2.0275006148059966,0.7829803277301155,-0.757519960900635,1.1039211921565908,2019091503
-0.03231488818426774,-0.14087272973260803,-0.35245648641180544,-1.9186878129844132,-1.328780199466717,0.38665259321611556,2019091503
1.612024250773438,0.5587754838794605,0.046813955327985636,0.257105577385736,-1.4974125283465765,0.0566595655743019,2019091200
0.7626042071365812,-0.23783860014661054,-0.5435878765078533,-1.6133911801129321,-1.5742335971559982,0.6438378597470293,2019091200
-1.2582341272537108,1.3689370453687526,-0.6338548645894192,0.8544380759839277,-0.7855587780144941,1.9356386790281965,2019091200
-1.4776690819259028,0.04436739417123742,0.9860447298787839,0.14909334603019206,-0.2080491293591888,1.4396880563269414,2019091200
0.13108808639658234,-0.4471685515310142,-1.9083443357292682,-0.7145777855486158,-0.04115430716955223,0.1525778271415227,2019090810
-0.04603921939046905,-1.6328453209365152,0.25417622019493874,0.4216388360332848,1.0897714819028632,0.28642016024714756,2019090810
0.8731138081603758,0.8170112260444987,0.8010675665069065,-1.1051256332099,-1.9218295376122645,-0.7665426069012181,2019090809
1.2400790573723728,1.7170213861212404,0.313780607800314,1.1750748214300153,-1.7937668734233785,0.213343669877684,2019090809
0.9891388328537768,0.5931722274185794,1.382000058693059,0.07514276960075673,-1.9292496653701292,0.9212522154410974,2019090809
2.194761583026651,-0.7805122746737091,-1.0035940493514726,0.10443317975701143,-0.6813208264149453,0.21444413676057217,2019090809
-0.13003802094330766,-1.5033475946901573,1.1570303392396086,0.13441801528074626,0.4410014844502539,0.8536715651484126,2019090809
0.3115908792922206,-2.018277534840116,0.07675271616983519,-0.6966413608631608,0.5863881016295069,0.30203914500051054,2019090809
1.2921004753536856,-0.5220520238355285,1.2029401294769815,-0.5759726678117622,-1.5340242014902419,0.862922462230168,2019090808
1.552228531573355,-0.6161754573984419,0.07795424441511219,-0.7413463087518043,-0.7692933875404325,-0.8495913848875444,2019090808
1.511840682878487,1.7225919588344192,0.5676390587223002,-0.4182339305689545,0.33688486553642816,-0.5244569394854552,2019090807
0.7223585315542947,-0.09033985298273642,1.6983827852389053,1.2038554664267889,-0.7473310148751515,1.1137077927741628,2019090807
0.4868860319532443,-0.7180473854928392,1.101040073209676,0.33375378232103353,-0.3273286790680729,0.7019323638479448,2019090807
0.9557639445796128,-0.8035144067963428,-0.9119368334896226,-1.181063800913178,-0.8747762491764532,0.5638447157392273,2019090807
2.416534850316275,0.32651610596641334,0.008173208006859686,0.4033714202583028,-1.588555434257499,-0.14398277432012305,2019091200
1.079563141319846,0.06580756884608721,-2.203176332887836,1.3267276157157235,0.24907870985563318,0.21182182165541968,2019091504
1.5020663548630888,0.12936475534555467,-0.2265216295893914,0.9122814254205512,-0.5781837346148174,-0.15758856442277883,2019091501
0.2958658128439014,0.8075868465228516,-0.7831646418685567,0.28612042533472337,-0.7747785663505415,0.09735622221414711,2019090811
-0.1745921488859123,0.47319190507886444,-1.1867724556757415,0.661824007465158,-0.13855920645089953,0.5887177147420216,2019091501
1.1792623778958449,-1.5596891305919889,0.2536567664361472,-0.5647683976334739,-0.29379583892026734,0.4990712392521105,2019091501
-1.245219681752977,0.23667502515651825,-0.17199290480928894,1.2589066488883554,0.2200722622502374,1.9344862475331341,2019091501
2.0230426466817195,-0.15959708950936025,0.5184955801427998,-0.28710679342494216,-1.6617258374637656,0.25828529273175227,2019090806
0.36409478815536844,1.1438855553309284,-0.22020844551523283,0.1550311417216882,-1.6961525231744234,1.158331963513203,2019090802
0.4829752102659777,-0.0023074199669454636,-2.0664408365330806,0.8389909596528737,0.09990062264829232,0.7741338493559988,2019090806
1.5812009306146235,-0.760442517750027,-0.6579551317015027,0.30811881148558845,-0.5017530027855506,0.676738557498604,2019090802
0.8902234711900556,0.14130112263115263,-0.8185059762357327,1.908199419596501,-0.03005924433533279,1.0826625384918789,2019090802
-0.11074930013753544,-0.3558988068843029,-1.1243166015423343,1.0930316837976537,0.781051725073331,0.40261197254768016,2019090800
0.11003693627157354,-1.713003909593078,-0.2253357423252633,-0.6760245716952946,0.4884828576481668,0.43252010678570424,2019090800
1.6151539133645525,-0.018751351507464892,0.805008688298331,0.1632189248859074,-1.1505122717211662,-0.2586761212693544,2019090500
-1.2346180476516657,-0.5193007611293042,2.375967274163344,-0.8864078618163584,-0.763632579244391,1.3139467157406528,2019090500
0.8447456816394685,-0.2765772381079311,0.3454330763350025,-1.557364430860236,-0.602967945861363,0.5308658892795061,2019090500
-1.8143411466461359,1.2583008967699798,-0.11782997876616218,0.9731104425499851,-0.3799393861561033,1.7787693611024271,2019090500
0.9768012237677542,-0.848994703861349,0.3439784479039028,1.5200617993013399,0.446647084731955,0.47664885346865293,2019090802
1.4422538411918109,-2.3915559578065815,0.09661074510432788,-0.27920818545694576,0.29305306384348406,0.8003600072709921,2019090802
0.5633626270373967,0.3095628549247992,0.3890560655163966,2.0431594944868077,-0.2596745738950873,1.2868197396018453,2019090800
1.3025442956921585,-1.5070962441213405,-0.9411930245937463,-0.2560367358157226,0.12757457768912933,0.29400587233426095,2019090500
-1.0437747072170327,-0.25814603130635877,-0.9708592825980038,0.7953698932611332,0.687915511530289,1.2329876664913382,2019090500
0.14204922921216154,-0.07590129654560772,0.5021431426688318,0.32676665452964726,-0.23521814266561375,0.011627764736260692,2019090801
-1.0530146824247135,0.9070953249957217,0.15763409304969786,1.4253224222269962,-0.2617570473994246,1.6071697649698775,2019090801
0.3121467041313531,-0.6805158126130771,-0.8073203864891287,-1.5189566189449244,-0.5675237975634951,-0.11255864459404433,2019090801
1.095176169439738,1.591596886468499,-0.6911654771851963,0.9699697870370689,-1.287522310309453,-0.33715746427487914,2019090900
0.3049652954926621,1.0176461350460897,-0.8929501360793327,0.8369460931845717,-0.8629438381831653,0.7591305228168432,2019090805
0.17362392023590456,0.8408961396489038,1.0418872184088492,1.5498861410524931,-0.3267954594751169,-0.15239879792458969,2019090810
0.7882449239116858,-1.2307819073740096,1.273633404696972,-0.3016837716812943,-0.740868726796274,1.3232964399093876,2019090810
0.7383140243851566,0.9110997285009663,1.6186950574070693,-0.1629487040546211,1.7211647455556718,1.2500777342477376,2019090810
0.5199386391375423,-0.797767467283374,-1.1519380399612025,0.6202218119472475,0.2671608977620499,1.0291706838739787,2019090801
-1.4479472284327835,0.2574604799828519,-0.3459089035009558,0.41278778156352364,0.31651065215644497,0.797831823189427,2019090800
-0.2268669442198931,-0.39830996122631357,-0.11430687883886104,-0.051961802341345904,0.6691698447110246,-1.3245678755834216,2019090800
0.19287941183598423,-1.0622031135342687,0.05977347207663595,-1.0623604065915688,0.2066021946501096,-0.9924572817164037,2019090800
-1.5581350315662488,0.9602004489455616,1.5045676995881148,0.8741194994442837,-0.0029797637250308677,-0.035227455170164915,2019090800
-1.567210832803855,-0.3823096944474744,1.3871300059944351,-0.5403719736206164,0.02718063695326679,0.5761595890957825,2019090803
-1.121583030217595,1.342315966069429,-0.5716965857366626,0.6286628060316318,-0.23549875902244705,0.03039285101352483,2019090803
-1.2443948420497146,0.33508101766121284,1.2322400902319703,-1.2329692000601749,-0.8367591956287478,-0.028800250073197618,2019090803
-0.5161088641479231,-0.46569062306389625,-0.2536078995302974,2.0073920441930695,1.7929622532614502,-0.5551284354874666,2019090804
0.946194355966658,-0.058931633382013064,-1.4112382242175867,-0.17898912448897106,-0.6067209573469252,0.16632888314110314,2019090805
-1.000917779979179,0.6426157477946876,-0.8146184180798846,1.1586409041218093,0.131356128281303,1.2355775354730838,2019090805
2.205155960338874,1.0752165288264135,0.22508544734135918,-0.3271885994312761,-0.6171534829434251,-0.28235330176274087,2019090804
2.692610289603909,2.329405766724685,1.9556192374403654,-1.1590698267290893,2.097855193227273,1.5662032463695577,2019090804
1.163963253605073,0.35609714533810993,-0.34390348418208316,0.9454770923029451,-0.5702739906739533,-0.037058377280565984,2019090809
0.8858275855508251,0.16808963462944346,0.1424139654869793,1.1706253322752886,-0.3019178751933666,0.09147781341784825,2019090808
1.289967948881865,0.516554869342845,-0.026088340964128227,-0.5898487658230662,-1.483845681947499,-0.6357350705210862,2019090805
1.0394355380488902,-0.1511965478028652,-1.3444452688791877,-0.22462583249551882,-0.5732403903052289,0.028225923581582973,2019090802
-2.396354287527289,-0.4505710425818391,0.37986136919680336,-0.8059543759613534,-0.1688723054933492,2.5746712201809228,2019090808
0.842128533074017,-0.10469386637539999,-1.9999613978140922,1.0522579612042862,0.19810799480904084,0.49588457350936277,2019090808
-1.1989519776342312,0.13017205618632383,-0.34310088937410277,0.588710975178853,-0.0330481023778954,1.8463175060442387,2019090803
0.4431097292100936,-1.2236845984683347,0.7004891825662691,0.4377301317537845,0.5196973419489564,-0.0009946381033696925,2019090500
-2.180555024993204,-0.044129828741738035,0.20443196865095958,-0.03295729146723169,0.39608015840653366,1.2549355135869764,2019090804
-1.9531690845716758,1.3861334165654686,-2.0671781914036744,-0.5012194344635365,-0.7426758161351246,1.6224356097290953,2019090804
-0.9833906455564093,1.0318863889554108,-1.6272717237534915,-0.07022203556818171,0.2663292358569535,-1.2303883809028406,2019090804
-0.4590704421015557,0.8025754446543822,1.2119048405870454,0.9320989935427041,-0.1467326135472244,-0.6460413751074764,2019090800
1.8041905535955318,-0.27379625852350015,0.8526926616525479,-0.321716733349813,-1.2502788631335304,-0.4987504754553662,2019090800
-3.2169177875475397,0.897421008568697,-2.1121735728416002,-1.0132024497269767,0.3066722292529911,0.9798009704589358,2019090801
0.10265664771038799,-0.6186232568774448,-1.4960478557854293,-0.4286489561899096,0.3357849793439298,-0.2475482975419404,2019090801
-0.6137086607117972,-0.15621848527954457,0.6071417217630712,2.054723828044734,1.3680798972859625,-0.38386585663399114,2019090801
0.25640159898721926,-0.5335854153395937,0.09488200414406837,0.6940394999992437,0.7350426120660492,-0.9343251139365446,2019090801
-0.325213487284453,-0.5941816803649269,-0.33258274275814215,-0.919741380622032,-0.12064574288832183,0.07352595210057339,2019090801
-1.0482474113212161,0.5061942668002507,-1.0894528799036005,-0.2958611590384419,0.10096828663516487,-0.313726416603463,2019090801
-0.465341577654039,-0.6547135760445013,-0.541294013012629,-1.8989288343883042,-0.2511543938203892,-0.5856847366728919,2019090801
-1.2731883981885321,1.4179149682175585,-0.4046102718845183,0.7576538607330265,0.3056742781366027,-1.1932316172173452,2019090801
-0.842731496653886,-0.8042559208071719,-1.0700741214556653,-0.7683315681246871,0.039399837562033004,1.4620695291026824,2019090805
-0.8306964642262659,0.08986118754134229,-2.061476687341665,-0.3480784022562978,-0.13091983691287767,1.288487604107155,2019090804
1.8787315778161993,0.26955152541053873,1.295944530193116,0.7968690214298965,-0.5657978813686585,0.78113776261308,2019090803
1.6380335800894383,0.13902492289462526,-0.7576318980636446,-0.0560481246099691,-1.1536903291312826,-0.008775835233692948,2019090803
0.9415880598175729,0.05455567835323799,-0.6089061673781799,-0.8553019828367832,-1.138182125688118,-0.15470445349369386,2019090800
0.9651604074143608,-0.8187126735611493,-0.7671518178299683,-1.091764558106595,-0.5137661357464601,-0.2917802385009205,2019090800
-0.1522826825755818,-0.3980221509453777,0.36224147116455135,1.659773018608925,0.5985414044619548,0.9731093367026477,2019090800
0.026113122409361065,0.2200037330100221,-2.3731254902425145,0.23013577549376943,-0.05325110018923202,0.6526280847995082,2019090800
-2.635378185740089,-1.0165765591617044,0.17670320686686028,-0.8837875402422917,1.0289900804597707,0.993120926271095,2019090500
-2.161821782863926,-1.045318255950837,-0.3150417211414161,-1.727656658640676,0.7889432956020095,0.04871229472397425,2019090500
0.3402085503035194,-0.9721546907598405,-1.1389645252419136,-0.4711504171752043,0.500721759621129,-0.5671198686620869,2019090500
-1.3758525752138286,0.03268234251910365,0.49678363167114564,1.565719289332322,1.1880281023931405,0.11983652351682889,2019090500
0.7993315643811577,0.7318552325147258,0.3089581907378732,-0.6646309099041441,-0.724574833179387,-1.6670411518779402,2019090801
-0.669200185086621,-0.4827186770457049,-0.36380189351319037,1.5441050636129354,1.6130013799106377,-0.46054029875035135,2019090802
-0.6894656110143416,0.24822795294942376,-1.210789220873153,-1.0996060587764225,-0.010913410315188833,-1.1232651263432278,2019090500
-1.1485909074274114,0.4406801339332155,0.9839062234063035,1.3344538647216682,0.6413311831994939,-0.24156426232748682,2019090500
-0.07712829258140733,-0.6977580055576406,1.263722342888212,-0.45449230227938736,0.3568351391394608,-1.5329071264606224,2019090500
-1.7644913056704121,1.1568887938641041,-0.3813579974941863,-0.11521614332014163,-0.47831548266069085,0.724478012089056,2019090500
-3.158771344484098,2.0565338536960867,0.4144795120624457,0.30656512089764126,-0.9588190546954707,2.2701510352877325,2019090500
0.29819481962560185,1.4137250390345497,-0.15185601278086944,0.3484789385394506,-0.6328654235134321,-1.7500762027668564,2019090500
-1.1829274645811534,-0.6909565432136187,-0.03135838472280388,-0.6067261994718326,-2.659440629721244,-2.1698033792551117,2019090500
0.3427442660967181,-0.6468994200233222,-1.0524619371064883,0.6488593075025579,0.9574823465397427,-0.7952935654655473,2019090800
-1.112414255563433,0.34902980631571134,-1.6452903286034515,0.58604427696773,0.9909031112626018,-0.564490117315447,2019090800
0.030171479915562755,-1.1240601360241909,0.46718636649790785,-0.508919712865598,0.539755517462215,-0.9169520975210181,2019090806
-0.8954223323232773,0.8152727580646604,-0.9320648802550617,1.0030898542491502,0.7643580929929467,-1.0268127710058197,2019090806
-0.6319747068371504,0.3079407587921773,-1.0737806177908102,-0.44535016077261275,0.09559499983804988,-0.7180845206390425,2019090806
-0.19009108167416414,0.6437074715874662,-1.3373088926336318,0.3485582830645934,0.363439085030179,-1.376946282589429,2019090806
0.24615574756398784,-1.0550486117900375,2.050305618637595,-0.445725227305376,0.7198493081162479,-0.7560620886286483,2019090806
-0.6187786669496139,0.5058443041243744,-0.00873779788241037,-0.1793267004029302,-0.15486109333821582,-0.7237692489286448,2019090806
-0.8185553083020058,0.7918170242259076,-0.750837485387204,-1.2597927929681847,-0.6824860477579395,-0.8160921154791264,2019090802
-0.6031610144654791,1.1238691993888454,0.2592225613181097,-0.177063170591237,-1.1523131363756383,0.4101351432350274,2019090802
-1.2562631959727373,0.36923456415940825,-0.7858372482032752,-0.21010023237149034,0.1956528075008761,-0.04075353523658685,2019090500
-0.9755797983383938,-0.08916582822426306,-0.8603636294738388,-1.4848857971596552,-0.1954946579485616,-0.3457634582325524,2019090500
0.0670316359876493,0.8977877500772407,-1.8061012915199364,0.6162165378247725,-0.13057730462777772,-0.32341904021543366,2019090500
-1.699435810594068,1.3044028017758909,-0.04552616329918317,-1.5476630201928738,-1.5831101625073194,0.8638397986332023,2019090801
-1.5139496325348925,0.4613783618412869,-1.713653187677427,0.5284471674240662,0.6975882807708046,0.47864785452883674,2019090803
0.12334800793069559,-0.4684770289786734,0.09118594889613973,0.688752661623012,0.8060290203323403,-1.0631506297003912,2019090803
-0.7029120405204863,0.09458820674874344,-0.7259728180981384,-0.34275540650262193,0.20739713831678241,-0.5304184272892344,2019090803
5.278399444210304,7.794564129101741,0.8050755589912802,-4.030602683514309,9.674013768044837,2.0066234515734016,2019090803
0.2799265701876395,0.40578094693826,0.5536338543952501,1.8940650080684749,0.4672572434979213,-0.6700870690355663,2019090804
-0.8992820382917321,-1.791293441338154,0.3225227311645404,-0.7617750577095034,0.7005448541679697,1.0241058082843613,2019090808
-0.47037699924641285,-0.9931523322950232,-0.15592165026878455,0.6518085825728039,1.460845658624998,-0.7606449115468932,2019090808
-1.6359691008461386,-0.5636743185984772,0.5952750377463585,-0.43869539532514784,0.8256219882419235,-0.3895585895432246,2019090808
-0.12797482430097645,0.3652465331831121,-0.9858050376930314,0.45643987571081596,0.4042548152426204,-1.0604546734757743,2019090808
0.888953409606685,-1.1333137364352541,-0.2767680382973698,-1.2801184496541482,-0.018995077904157363,-1.3778180973495315,2019090808
0.783911429763838,-0.3811852124559978,1.3685273250555936,-0.8668420530523084,-0.7914841028529044,-1.11426990147508,2019090805
1.0030277850848053,-0.01303225535345197,0.8565442056328978,-1.4252937621089339,-0.8023638549984221,-1.7016418053362603,2019090805
-1.8837846982727073,0.25291118413777003,-1.2226302760606775,0.6171073469504288,0.9105662692294293,0.715724005923261,2019090806
-1.9918236772367526,1.091930115397347,0.3756508777072398,0.9943680843874612,0.37144521202067166,0.19115033312112256,2019090808
-1.2086570747051655,0.9836825548274708,-0.3524958719307176,-0.054199559771936766,-0.3565695659852065,0.05024381511900427,2019090808
-1.5297357428998046,0.2045559369678351,1.0708299223887714,0.4989276686045838,0.305107549097289,0.34941040827746656,2019090809
-0.670972373481998,0.5910726854676207,0.4992800430515005,1.2414008987164207,0.3698452661452875,-0.37576085328753583,2019090809
-0.8206393277933695,0.8896494496495776,0.2555830226991853,1.3475822019474888,0.43178512449389694,-0.6207483275217185,2019090809
-0.28477817264319766,-0.11354125119615428,0.6207405824678567,-0.2927104392033663,0.06979082372384889,-1.0634732993709555,2019090809
-0.2680992267462651,0.04663176399440283,-0.3285712570178917,-1.9325035455929513,-0.7897098431062298,-1.0614389592205247,2019090804
-0.7218463737498287,0.8110629661730662,1.4727200844557207,1.2352837140781112,0.09150446243222764,-0.608625448433437,2019090804
0.14525806419179493,1.0630828273140667,0.26487089376255335,0.30749000562891393,-0.8184033897093951,-0.666652540927958,2019090804
-0.24643491430051187,-0.6242129707186962,-0.48951808096568833,1.412766004952812,1.3394315457176198,-0.19565127523020692,2019090805
-1.431671955056766,-0.665045589593121,-1.50447781993075,-2.333280227596448,-0.06805248444893396,0.2530884682108976,2019090805
-0.7313597769042801,-1.2517523540729283,1.1675475816079641,0.04112050131111562,0.7537885466148028,0.25962737522110335,2019090805
0.4065987746043925,0.15439315029933826,-1.0646283811391652,0.33225501979861494,0.16028107833333355,-0.9068183933021688,2019090805
0.33029816386056915,-0.7686258983406816,-1.361766055028283,-0.40279356146725764,0.48308119979070363,-0.684186088015933,2019090803
-1.0939053163198957,-0.5378715085040826,1.2560124665139019,-0.6523517825705059,-0.2713461565811698,0.8929405232748695,2019090805
0.9597836301574585,1.780793823201133,0.4540625261108886,-1.1457114590832806,0.16318359533285454,-0.41854800222507027,2019090806
1.495414482719572,3.1584752069709485,0.49256975418164384,-2.334623723638529,1.3240706032674492,0.8132751547479685,2019090806
-1.4459729553901512,-0.1894493819477128,-0.5097463845157884,1.4141217994427258,1.3353652328756356,0.6494274278101834,2019090807
-2.0811318329672917,-0.724980544227115,-0.4811309832539305,-0.9110090726467873,0.7819381805295793,0.6046594172811898,2019090807
-0.6163738352501517,0.0322628777297691,-0.6763792980777565,-0.3452808286098167,0.24947171527122258,-0.6676171259652447,2019090807
-0.12208560984539019,-0.08508066970351043,0.06244543027854672,-1.0332199367614339,-0.7296646582230495,-0.07102974731229868,2019090807
0.6289162069738513,0.968799970880672,-0.8623119282737127,0.5566899662545811,-0.18405322897158244,-1.754424008335139,2019090807
0.6480373071259818,-0.4057783061855003,1.660478337889951,0.06635385641048319,-1.0785521369023248,1.0499113198082952,2019090809
0.05791777776346548,0.9964998533547091,0.531265613234144,0.46029167253280406,-0.4560452636651854,-1.26529979448772,2019090808
0.2730266220013648,0.8633294891251972,0.2602606710823706,-0.16524060564449478,-0.9727230377469088,-0.7435822411084883,2019090808
-0.1590946357371428,1.2335409665674306,-0.27802343053583417,-0.7938288702660489,-1.2612858457903682,-0.7438844876754591,2019090808
0.23676789565355888,-2.135089227030477,0.5975519207823076,-0.0795208248914166,1.1464180630674208,-0.18701471615843324,2019090809
-0.9436113151768536,-1.009545714786778,-0.0797037435691641,0.176454391620732,1.4826431408040996,-0.8567249758755475,2019090809
-1.2466726203257343,-0.9075483578175992,0.9987595721019483,-0.08411514008327667,0.9857175801985664,-0.3763579507221676,2019090809
-0.8599579493923123,-1.2245999952177198,0.7005436199239398,-1.1199074939243971,0.29835720865065396,0.12122607401898619,2019090809
-0.3938092179868452,0.779305693540359,-1.5380841595756145,0.26617724884409044,0.018862323241327316,-0.48700219010764595,2019090809
-0.02057824771715674,0.11819559857434966,-1.3181063438876646,-0.752033615889559,-0.3306443415988565,-0.4209158106804851,2019090809
0.2676168193457042,-0.46466483299483896,1.8214553107883806,-0.6972461401034719,-0.4903316863025009,-1.004210744077483,2019090809
-0.9176387738189052,-1.9008980662851838,0.5010107273798806,-0.8758271974373739,0.9640318614090942,0.3271042036321466,2019090812
0.12390752069412561,0.6112018197392307,0.07305789716680204,-1.5433185639962472,-1.411338886277445,-0.819522016266231,2019090809
0.21798521796883846,-1.3346157465446373,0.5136828095774862,-0.7210566683578218,0.325216554082183,-0.5525696270643348,2019090810
-0.9916595335535756,0.8843289170164638,1.4951427482268933,1.3038369823898077,0.008703321137563945,-0.0772503504010307,2019090810
-1.0563706934865844,0.03782660740380614,1.4373244181948546,-1.506367384525799,-0.7916956215256208,-0.33456916805574816,2019090810
-0.9203442814936125,0.8471947522333702,0.5260260366766147,-0.8923838849646973,-1.0643795905099565,-0.016755533522138846,2019090810
0.08523613355785375,-1.0289712533031243,2.80787905188431,-0.24076876988520646,-0.15410020046949102,-0.38660777071858665,2019090805
-0.7518257115197181,1.1468455154033015,-0.5101268588514191,0.47136154381403433,-0.1278110605988307,-0.6399894674619115,2019090806
-0.6151345839767017,-0.08892914051791097,2.0167052833703214,-0.13988464822230018,-0.12499592617999253,-0.7404413571401237,2019090806
-1.3319073392553242,1.687104969281987,-0.32543661780099076,-0.5646530233036825,-1.4893010460627858,0.9448250382345023,2019090900
-0.4813218008312061,0.350048654294248,0.6033772924080002,-1.9651341826894173,-1.0726897847616017,-1.2349427216788293,2019090810
-0.722106211950165,-1.0941241441400023,0.23290002867377346,1.0141029407266329,1.641922818623085,-0.3633717237580931,2019090811
0.18334887375679787,-1.416674753992459,-0.5158688486877453,-0.7368827315503169,0.8829547744601047,-1.1847605056999269,2019090811
-0.1263698111837924,-1.8078994005759155,-0.028638904092147654,-0.9749628961447312,0.7589841362208765,-0.2856713138178567,2019090812
-0.8407930694202617,-0.12901116322598957,-1.6434085807541834,-0.500297792503954,0.5683777595700304,-0.5069299965461223,2019090812
0.05495840382745499,-1.3282374841144453,0.8507848169873105,-0.25828990892281833,0.7950398088422219,-1.0519582686481341,2019090812
-0.36639774602990477,-0.808831343750552,0.336818898340596,-0.17917330705058854,0.46644385868957383,-0.24295273551154287,2019090812
0.5965939836204339,1.1782996357989086,-0.059654255969565015,0.41629488853864527,-0.9325806615774009,-0.8924896510140169,2019090809
-2.237848965660979,1.259719371957218,0.8214864834649248,-0.6385894981736898,-0.5002132260529093,-0.22272612516579093,2019090811
0.1297813874661167,-1.2114257919240845,0.32998561237483803,-0.8754104448945625,0.23500984740430786,-0.5629044074891905,2019090812
-0.9263819603431187,0.7843564441503489,1.4370507992376726,1.1161101208222073,-0.31494175549276726,0.613421428066616,2019091200
-0.8821240131834538,-2.1462994628189875,0.9423047259317182,-0.6567616901671399,1.2988261687556695,-0.02293853215939351,2019091502
-1.0880863524038238,-1.0136580681437943,0.0866158947405871,0.504943257978109,1.4822797666713796,-0.26131466499232353,2019091502
-0.8585064304590372,0.8504880157535658,0.28800373119471906,-1.5458043070845366,-1.0880164571560653,-0.866195927474643,2019090812
-2.6044044847742764,0.0560262418392512,-0.6467836906626333,0.6062684376699607,1.0648750053379965,1.3776786513816774,2019090900
-2.72547327836167,1.9939107523137847,0.33875324555711533,0.3919917983704694,-0.9461792512702853,1.922206146328644,2019090900
-0.8068111413753434,1.5166790147015028,0.3268344448212586,0.8539625660187824,-0.6838287379706609,0.18852610757671137,2019090900
-0.7069755969383174,-1.3971193724517497,-0.2902172223769808,-1.0995404798036192,0.8482560873001782,-0.5443796819747314,2019090900
-1.7905105153695304,-1.343217052674616,0.4547465891180553,-0.470116641837282,1.4226149639108792,-0.10379923721405471,2019091501
-1.9650658356179456,-0.5642167094496062,0.7698180696768455,-0.11038394711623706,0.5997299880976114,1.027388467374715,2019091501
-2.0559682732813562,0.28091243249282377,0.5133539544790091,-1.0471544140442497,-0.42556428318304534,0.8629182971743427,2019091501
0.3989023631715571,-0.08256320005201243,0.09239984684914952,-0.6357833842373354,-0.2834485945204216,-1.3813310294405252,2019091501
0.4340372754432446,0.23003583629153299,0.8865346363789989,-0.6738386963004064,-0.6426474268142663,-1.6561367606023885,2019091503
-0.11634760555897744,0.8032658999746752,0.40936877522877374,-0.588461943577601,-0.8121529428213111,-1.1900890470105578,2019091503
0.4801723160920741,0.6141692954279432,0.004246128428886334,-1.2141320583452735,-1.4760360158077992,-0.6408479465710379,2019091503
-1.2850368578375078,-1.6558474530591487,0.34583343605678857,-0.8638581446369046,0.8963160591413554,0.6358207392258026,2019091504
-0.31224832672820446,-0.9451992381135138,-0.16263189815014087,0.9151050786096495,1.5840803923396318,-1.0036707882683844,2019091504
-0.41152079178448064,-1.3218392160445833,-0.12752478247362992,-0.14140222197080557,1.1286678180352345,-0.518519390784538,2019091504
0.18200774865680674,-1.9896420028709505,0.5547515329506578,0.13790296897703905,1.2899706181811617,-0.42257167085127006,2019091500
-1.488881097559627,-0.001452982534290316,-1.2263664850856322,0.130481742491484,0.9357457982786351,-0.10580883518708048,2019091500
-0.8232774655848519,0.9507395726152277,-1.4295674074411335,0.4406275934035668,0.30102616734708876,-0.7509869527442806,2019091500
-1.31228032515408,-0.060414416458812716,-1.1197345844446631,-2.1598876696583513,-0.7458143228264571,0.6360559883358168,2019091500
-0.572800048955646,-1.0593869079564673,1.8462651487017647,-0.5718863455431391,0.28883597235206504,-0.45286957811956075,2019091500
-0.04304641283212419,0.1584341922200756,-1.276097085403867,-0.4773675487743719,-0.34483420801650244,-0.056537245148175486,2019091502
-1.1984124369186393,0.745314918485476,0.09149880263513761,0.15518632264318047,-0.0092967789679215,-0.32574487600200713,2019091505
-1.6335921566947424,1.5210980347662724,-1.2598796647343256,-0.9668492893805067,-0.9214891549921258,0.209989434125111,2019091505
-1.3407666152980466,-0.13661664700897244,2.0393585794535283,-0.8084299572666708,-0.5813857383765231,0.5468615872697372,2019091505
-0.3563467242820381,0.3854695915186469,0.33023360241655303,0.2845115290778861,0.4109964505715423,-1.8129895603489379,2019091502
-0.9709347407109334,0.5010173206026717,1.8716224510628228,0.8036506339394506,0.2954267447140159,-1.0224685621152185,2019091501
0.6840077467520574,-0.04546179562883216,0.7653196609881295,-1.4487221396215024,-1.0174931887883405,-1.5663008583190243,2019091501
5.877277399192831,9.610898924959404,1.7304815340101833,-4.9721608954568834,9.240177200279286,2.4041136147293454,2019091501
-0.35884388631506375,-1.2099240094893833,-1.021841749910961,-1.8030800001778193,0.33619868750101484,-0.7055756599690598,2019091502
-0.006467448823605958,-0.9624319631878324,0.7574076287466988,0.7415143340113197,0.8276432157929492,-0.2622666180894752,2019091502
-0.7892276708831132,0.08051097138880839,0.01974171285292704,1.1954748341046924,0.9728066287110205,-0.5159373316515401,2019091502
0.4771916225334356,0.08477459485673594,-2.001881370819869,0.7056984123498592,0.8262390956114305,-1.4722612764364145,2019091200
-2.3461822089948856,0.3848411844183053,0.012238014985191397,0.5531088257851672,0.6419357620763876,0.975624996186785,2019091200
-1.5878407301077653,-0.8511371539044881,0.5659763574790783,-1.2003419031962121,0.41393413168559123,0.06760349588355462,2019091200
0.09762633939089232,0.09742844423985386,-0.6876047854865888,0.7183014141415631,0.3749092075855833,-0.5605328552888013,2019091200
-0.776427828455087,0.9131176713504456,-1.254271727434101,0.726182592010057,0.5175974093132172,-0.9780176487792813,2019091200
-1.9678202742095392,0.3630741154179116,0.9028330422306086,-0.11839783377345103,0.4076738939849579,-0.4153965285052769,2019091200
-2.3989527352654108,1.4556789554239598,0.5969228989022515,-0.38570129404110937,-0.9759253092381037,1.3244709635011391,2019091200
-0.887390343411095,0.09641560895589082,1.5509149782721132,-0.9356312180650348,-0.5189211821407179,-0.615535131477287,2019091200
-1.1661665488306379,0.992183960527196,-0.43888944944758873,-0.05793428851531784,-0.55773457708525,0.5304003333397755,2019091503
-1.1176758964546256,0.8846588740526702,1.7298392730764676,1.5331815962372868,0.40072794667797074,-0.7000350375232443,2019091503
-0.5604325445606296,1.089364481706939,1.1190192925407236,1.541975722997598,-0.0796919209922104,-0.3003746778365602,2019091503
-1.7922505537451572,0.6576735271628665,1.3392698229382503,-0.6835578052528032,-0.5055677491902726,-0.0035315305154072205,2019091503
-0.996230963866785,-0.01423922801066244,0.1659569899445851,1.0696982870015483,0.9226609840612406,-0.17726988648812547,2019091503
0.17555387886093307,-0.5434091749638688,0.2198882740503707,0.8649911099771813,0.8292041907143562,-0.8637252399405825,2019091503
0.09968432354753531,-1.322015871668937,0.6081784151364104,-0.7463608141797915,0.563817004194355,-1.1105640112735196,2019091503
-1.443622197184433,-0.4082483282549911,-0.37412906411215197,-1.7379324249854182,-0.23600040825078947,0.3985542625562005,2019091503
-1.2592350883342003,0.6362474474468869,-1.5029489889674088,-1.1038127758434881,-0.238403912700411,-0.35196484494610797,2019091503
-0.27618044920478574,0.2951447983394872,1.0696587402185072,2.012737374634532,0.8728766353563122,-0.8269563869613357,2019091503
-0.7572238465511208,-0.3419364877576761,0.49855611278706174,1.2453372536335894,0.8761273565787159,0.32084340993182786,2019091504
-1.6731834161099068,0.10496561145047573,0.041399629702222863,0.5119630618289733,0.5998817044514905,0.6165941416650033,2019091504
-0.708321843176147,-1.233406115371293,0.8352218216078717,-0.8747609409615991,0.6897884897611904,-0.7910469302582289,2019091504
-1.9512008612418674,0.5344146461158895,-0.5440908325417562,0.13512430401745731,0.3464496042433525,0.5873983221574558,2019091504
0.25577549430459307,1.2332684367864621,-0.12036206804491145,-0.2351203326191299,-0.7084297237687235,-2.009531851137195,2019091506
-0.6337142405742213,0.6887442917018834,0.5220850802836113,1.685986687321825,0.4321060163330569,-0.14496394289719763,2019091504
-0.20261109241499692,0.8419199005782345,0.08335636470126126,1.5851214608331512,0.27368108449958173,-0.5451847482971033,2019091504
-0.5780961674145109,0.9191207285224028,-0.11943578701972177,0.8347273720136761,0.14930038854897565,-0.8325479495096048,2019091504
-0.553206821504335,0.32859798672998003,1.8628105054745738,0.8723020598226155,0.07858305015717708,-0.6091417986106983,2019091504
-1.426674936613608,1.92549090611582,-0.3128457326574376,-0.1498227430125093,-1.0345818939894234,0.04454226040348994,2019091504
1.0525620856012259,0.5065835459395663,0.5108502024924494,-0.5384219560354078,-0.7264270243512563,-1.5028391612432765,2019091504
-1.9238391710030078,-0.4435618451103662,-0.1503307239533459,0.8291668312550445,1.4667917705224403,0.4294310628414797,2019091505
-1.2770737076903176,-1.5398576235914065,0.3308430365584992,-0.4404989701134247,0.8829512631205217,1.0548039980675838,2019091200
-0.7288431260229531,1.089360312502216,0.7151122309471698,0.33002418137930606,-0.4306562836483718,-0.7057044543620438,2019091500
-1.6687787156994418,1.326851678858225,0.2069443213700738,-1.273162337925885,-0.856380395492555,-0.8196556327506023,2019091500
-0.07723953721588568,0.23108377206525685,-0.9835007626057993,0.22746909261555284,0.17259823424956733,-0.6107654150020229,2019091502
-0.4546547135864249,-1.0805404578914786,-1.153615025694817,-1.5508498537807431,0.003143686820282235,0.46434447091147446,2019091505
-0.06762478338413262,-2.007066088382556,1.7631047040506393,-0.21922681711629682,0.9309925999253122,-0.3472360805807767,2019091505
-1.609766012745482,0.3570369213191699,1.0307302105711393,0.7066718376179224,0.46113858388173923,0.08790749825515828,2019091506
-1.3320391519240462,-0.2532211423270994,0.5525254713985397,-1.5656009939012037,-0.9059745434526297,1.351374048941121,2019091506
0.008017075883718765,-0.41537632133963026,0.634325174339602,-0.7935858731447796,-0.17658772216340915,-0.9865357893416777,2019091506
-0.06300909005146654,1.0804860865541106,-0.42266904525910864,1.1249989656404322,0.19967775916569758,-1.4060990185185496,2019091506
-0.2797869148574705,0.2694614615590666,-0.11136155779456608,-0.7630638081518842,-0.3776306924982717,-0.9557013502386953,2019091506
-1.5588595084303019,-1.5379005981768021,0.4786422448515814,-0.6197830617199191,1.191713051102172,0.31337940478508075,2019091507
-1.420024592216953,-0.11943479497531365,-0.891040559917959,0.9345212124046828,0.8484243605025756,1.2341228574110508,2019091507
-0.25588174126568747,-1.9512190651551122,0.39446027990776206,-0.7277525662064928,1.185837341417196,-0.7895812598192047,2019091507
-1.412008952400517,-0.7615892223319914,-1.0999577525642235,-1.482394743040515,0.05438509878779369,1.1137679034717671,2019091507
-0.08220150354398469,-0.05879542179294867,1.1336807315628343,-1.2786455870856275,-1.0845264807539912,-0.257427997100316,2019091507
-0.1494635763428301,-1.6208940017319104,0.509468746456896,0.7153213498620412,1.5660156635646167,-0.5236466144429995,2019091508
0.09894093238256721,-0.8223001137657676,-0.6452532925712747,0.6952436770135376,1.2447378685927537,-1.003381463202952,2019091508
-0.621755672583955,-0.2816332699559677,-1.1489202462015398,0.33074780275470717,1.0839580106642308,-0.8969561757653062,2019091508
-3.0055736109933666,0.07867576157924105,-0.7839437935266866,-2.85093602923675,-0.7112676640557271,1.447516153091927,2019091508
-1.4886366284819048,1.8703376867815003,-0.13742868707172237,0.16459371201086564,-1.0809747170470154,0.7168861763916181,2019091512
-1.1151021315398097,1.5598628614454533,-0.16057336723442173,-0.659168495172853,-1.0252423721514885,-0.5218214017934851,2019091512
-0.22639064579687862,1.8249872578688093,-0.4028237780503592,0.4729480214349399,-0.6919168136559608,-1.353340096505603,2019091512
-0.09243638225437051,-1.0126057182204888,-0.7717342269456495,-0.18816042223400126,0.6810442514348699,-0.137336064398671,2019091513
-1.5875246072361153,0.4801998491624956,-1.861763983969403,0.015072116345123057,0.7049659262351093,-0.1379522723057336,2019091513
-1.0267768655250795,0.2860586945114387,-2.0124113601663636,-0.46290575174642473,0.6999560135707144,-1.1377206872245376,2019091513
-0.6497438914418702,-0.29837938800939595,0.5855242148055985,1.3373393366958335,1.4205915190658607,-1.2191195916670245,2019091505
0.10806601856465892,-0.2610344328363792,-0.23590448380546622,0.6793572637511833,0.5154823729512341,-0.538724198595004,2019091505
0.8078883863214865,-0.8214560284526615,-0.690456795883896,1.7717476004761092,0.9605993414085002,0.32008928371190953,2019091511
-0.8707421143203715,-1.149108225627523,-0.3406018717452152,-0.6049251967127819,0.9355441990418328,-0.27835937245924847,2019091511
-0.8387163743793459,-0.9622664188587227,-0.2085982197641224,0.2879811092414078,1.2612307105174152,-0.2969220698993433,2019091506
-1.103080184220068,-0.4889766433688158,-0.6344792915797066,0.5029277138241146,1.1306699698911913,0.026266544754842188,2019091506
-0.769803095456723,0.30815654117993097,-1.873711487769762,0.3234454202244809,0.8033346221503336,-0.7382004817819868,2019091506
-0.6479577807114791,-1.312443672622984,0.9566393743790806,-0.5234933508894469,0.4928992424707387,0.2251590661581696,2019091506
-1.2723221597370336,0.6278913333305283,-1.4670369725919952,-0.9269162697538148,-0.35788582482285686,0.22473750260009656,2019091506
-0.474780778946853,0.7176219781019597,-1.4756831495654925,0.09812489172556357,0.04299421218593375,-0.59349879407606,2019091513
-0.5741928857608546,-0.7146798947194827,1.167274460132773,-0.9084544943013366,-0.2866614659052451,0.23070045767539432,2019091513
-1.8604352146390206,1.2587702710369977,1.4344750899285728,1.1337605273147455,0.27866113816332644,-0.5015852251777138,2019091513
-1.790423030692471,-0.792553389295092,-0.9188258383310626,-1.4462412472853345,-0.031777570047431626,1.8743662250880688,2019092200
-1.1961779716480718,-0.3984542892467038,1.5673921558314103,-0.04413397158328423,0.5963997084035867,-0.7422839459084055,2019091508
-0.019558712789292738,0.9073818431327207,-0.7839678700617403,-0.016611203871470352,-0.4930764185088728,-0.8166435446151833,2019091508
0.05165097751983191,0.43417128473259003,1.144675330544835,0.2771057772263925,-0.4701551204697684,-0.7250105270912287,2019091508
-0.3533887756946084,1.3976335981108456,0.4535887420380176,0.9971241896256479,-0.23066880514891425,-1.230080300286949,2019091508
-0.05454368392033225,1.168933071408442,0.19286873743684635,0.08472079737085049,-0.6786036561878421,-1.2358859664455084,2019091508
0.8674264644481864,0.6984840340998062,0.44105708198647015,-0.38094327566934433,-0.6085860967632805,-1.6539935888025554,2019091508
0.12805622143950837,0.6517773125116839,0.17615926980740032,-1.1927676076729752,-1.2532051706944318,-0.856557842082769,2019091508
-0.41845273937954863,-0.8094304819948961,-0.13090757721694596,1.476642259802335,1.5011476028791901,-0.1117690031982836,2019091509
-0.7868359321564896,-1.5448561048418106,0.34748622409974095,-0.2824294592885865,1.465012188374271,-0.8849958031492994,2019091509
0.0354793573465352,0.7613634961970064,-1.5034242810573246,0.5271257409222073,0.4097002599219932,-1.6887635115398627,2019091511
0.15921650875802432,-0.002998203868198772,-1.0508376107608455,-0.6131269421712049,0.2112129615320732,-1.7641662051700582,2019091511
-2.979126032375969,1.5322737030332636,0.10000868231649987,0.6731799086317335,0.15409878254065423,0.946921198828531,2019091511
0.01291103280900076,-0.3827087208411896,-1.7512434702741635,-0.4008779642741212,0.26747583264632036,-0.2283200791032859,2019091507
-0.3538399673578876,-0.6455411449771192,0.0720081100704292,-0.3854825184578287,0.46299316527679435,-0.7243975203976984,2019091507
-0.008962688734455338,-1.0741683169199145,0.1516897672002251,-1.049123471141537,0.1697601000678517,-0.6251310985729885,2019091507
-0.7338665338284305,-0.22074161757716224,1.4257730739540877,0.7111145488468302,0.7017918319095507,-0.8289646647301359,2019091507
-1.8583902378164652,0.4688212961590781,0.02650614197715653,1.2567757420969983,0.9944519433948013,0.2447388442552917,2019091509
-2.369225760634453,0.9320915352766259,-0.789849396823938,0.5279993031775578,0.11411791353757457,1.691470813495779,2019091509
-1.1603768328390076,0.9628562680899053,1.6576449657100334,1.5981775539540686,0.34229042029485557,-0.5100401673047816,2019091900
0.6066589355682751,0.6411566856410758,0.6900681743431202,0.7702360805002959,-0.9205171945921262,0.213412093441612,2019091900
-3.108026306187827,2.5213641231354655,-0.5667471268915061,-0.6763278232458496,-1.3159913819461562,1.3170630693371033,2019091900
-1.4455740499794758,-0.9721362473369183,0.15424013320386448,0.4485554550706318,1.432204524234066,0.1644680899551786,2019092200
-0.42971641532034344,-1.18916517381228,0.08019110854694599,0.8228187685641176,1.3426413569043023,-0.014080173104390496,2019092200
0.2800046633902162,-0.0011569174800101403,0.87884136422386,-1.512922203012406,-0.9545074460049227,-1.406542317811379,2019091511
1.762671454431552,3.7447557603333017,0.7799489077353045,-3.9351627485947467,2.140965115420023,1.2953098265211216,2019091511
-0.3130341237626586,-0.3514886811639591,-1.1653164533263731,0.6765907178602538,0.8108498727353058,0.017947851947534104,2019091512
-2.7949545979194257,0.627018411917374,-1.9219015208021262,-0.9942652635904048,0.43753509805862345,0.5088440417433079,2019091512
-1.678425279097405,-0.4164111296801572,-1.998640539018653,-2.628408042223233,-0.8006989998077604,1.8260823413860006,2019091512
-1.575465828425135,-0.5574554790387662,0.9301801081817861,0.4386449656755651,1.1650645897899654,-0.26420485141649225,2019091512
0.44905202932133137,-0.02752415536614528,-1.1176445935650916,-0.4107488721110955,0.07865922530904733,-1.451006219449384,2019091505
-0.5026144322998772,0.3672617023098572,0.7856822119679612,1.527014473336287,0.37405062774241304,0.07317331512400427,2019091505
-0.22854591852119935,4.1530424519318725,0.2186424873205332,-1.0822845726252355,1.3356543775376308,2.2718001564500225,2019091505
0.8013446050878213,0.21054293572672486,-1.109447582370332,0.8332286113114964,0.2726170709584164,-1.101804237859333,2019091512
-0.055394212795676724,-1.061960304369288,1.968639599435578,0.24368111914158352,0.5803077679311481,-0.7970482527233116,2019091512
-2.2927269037786284,1.7581155488216345,-0.9708440041396565,-0.39517939200349045,-0.49696120030215607,0.2512533343693918,2019091512
-1.8505862911124678,1.373922710176081,0.8911964635487309,0.607971983369473,-0.560695837726983,0.9396394195468113,2019091513
-0.6094482835305461,-0.07407927205101807,0.13612818821170788,1.1473127039909499,1.048361772707157,-0.7912389898870706,2019092201
-0.1905249956667117,-0.33468057877462726,-0.6590986509580825,-0.8408694241749982,-0.06789323888232658,-0.4618541001721207,2019092201
-1.7668636333225254,-0.044477018531817125,0.7076355783858223,-1.2818340990894064,-0.43041462776275624,0.6609332005096773,2019092201
0.5802947354763083,-0.5218332214559042,0.22538510671310336,-1.4534042827055684,-0.5065203218598857,-1.4654948166891333,2019092201
-0.08360500656129975,-1.0023038580438068,2.9077760094712697,-0.28543216541741007,0.10945720898409979,-0.9964940655867138,2019092201
5.389577302481449,6.850215666505149,2.251295943678507,-5.1469014289212645,7.1584571234019645,1.9972251579192863,2019091513
3.144711211793317,6.370900339855709,1.2494506856973138,-4.509702172104077,5.16258424258312,2.315273085056088,2019091513
0.09214626475669824,0.08287873314614316,-0.7036166905299677,0.4886139972974197,0.4982755894659948,-1.164085419047987,2019091509
-0.9960032756861988,0.963848664978249,1.3843357484710277,1.2016160588720328,0.05726922720618511,-0.4380118723993013,2019091511
0.9595221430380321,1.222528140002543,1.0218091938036706,1.001970863634931,0.2168405807591169,-0.4129496983176667,2019091511
-0.20516501445391264,-1.6896114773621183,0.5691690804530003,0.5569486175986313,1.5776690728385137,-0.6041972630819424,2019091900
-1.6856616683658059,-0.943860084191041,-0.28934578547507644,-0.6289528086218358,0.8105071570382534,0.7122133578787859,2019091900
-0.9560038485578144,0.23403237373631255,-1.9036091463441673,-0.23387639263778554,0.7192467141947648,-0.9114450812517477,2019091900
-0.0590787716509382,-0.6807057767314385,0.4624117915938951,0.8748671474360482,0.7515651295794086,-0.1893379672248588,2019091900
-0.5282816811832981,-0.13249079734685704,0.08143280531685325,1.06703502830398,0.8175302621109163,-0.2869450381038478,2019091900
-0.49400853360982305,-0.9195919576611296,0.38251211322699075,-0.6940418917490061,0.5336070431512108,-0.79257003188419,2019091900
-0.061019612071235955,-0.7672537391134374,-0.5845048292369119,-1.744054836706433,-0.45081006855174044,-0.17054945140135225,2019091900
-0.22065278425646245,-0.05979654496668119,-0.8452214888266454,-0.7951138740333602,0.3365207004565718,-1.8212527510938565,2019091900
-1.1448286665044174,1.2626848163449884,-2.0730284530956498,-0.09507656955866522,-0.5390150745151006,0.8098636182389471,2019091900
-1.796094791378188,0.31805175517156953,-1.1169495929847442,0.929117222001699,1.3441425295068719,-0.24663238724587744,2019091600
-0.37113206771060425,-0.6602050307192829,-0.9786311898014756,-0.07571896815235751,0.9020745439290828,-0.7252813581776145,2019091600
0.27875197298128895,-0.22087505628042936,-1.6966573541126606,0.44535974518580057,0.6089319491207076,-0.5891672652408343,2019091600
-0.6830046979584531,-0.4510281336406586,-0.18438713353827438,-0.8797343139883803,0.43225110575709125,-1.1435338549851521,2019092200
-1.0144597388345495,0.6403387274262682,-1.548342714700241,-0.6911065386494692,-0.4693670714624295,0.5128557938748095,2019092200
-0.41582307806162233,-1.1388997138277315,1.7834677377648573,-0.6231251466647585,0.020569022743696052,0.12926223965207592,2019092200
-0.2046952625173175,-0.042207083185002416,0.7783451869625824,0.4258833587817208,0.2605187899984343,-0.8455747812347038,2019092200
0.6315258826698809,-0.27747224291827005,1.6673422555407278,-0.035374394219985554,-0.43172367990575516,-0.9814472413196935,2019092200
-1.0094335502407408,-0.7880355982608666,-0.40139282424273476,0.14769974403866934,1.2170534527644123,-0.3841904554291029,2019092201
-1.591984166969313,1.1447372198777863,1.1973773782185435,0.8119331908179847,-0.2896419413481715,0.4623487597222413,2019092201
1.0571976911698238,0.7677374630819287,1.585965500441101,-1.41347821278662,0.32312747093561867,0.005446962305698285,2019092201
0.26724765863306593,0.0426470815909378,-0.9192303597065381,0.06048820554283857,0.292764412343893,-1.3070936888069307,2019092202
0.35177944084101803,-0.4998676028216291,-0.7272406559268282,-1.0326342359245515,0.001011007914944723,-1.311376253339529,2019092202
0.21750999086680584,0.3567068213518792,-0.040585413014804325,0.18183751423089753,-0.060376867180957236,-1.2971672421919171,2019092202
0.049084040281868295,0.3233062111498778,-0.5953747323763967,-1.2171828312194912,-0.8776433889719116,-0.6345482824633581,2019092202
-0.3378349264763784,0.3325439751259947,1.8678983408831995,1.111846519670342,0.16826681461764814,-0.8011800255567567,2019092202
-1.0385489498564475,0.372667710360099,-0.29641630887995607,-0.48531205949377165,-2.4615137306833,0.05805080627954139,2019092202
-3.7751577787872344,0.4027192595219728,0.1587119793205785,-0.6232490227811673,0.41634778488739976,1.7201062354053456,2019091600
-1.3342992071538855,0.9916086685462848,-1.6050533098683772,-0.5087250914714765,0.13763029380319552,-0.9826063648032244,2019091600
-1.40270461218113,-0.8719537256657358,1.825001312140728,-1.0668357803672874,0.3224276682299962,-0.45526967151898307,2019091600
-0.646492318004171,-0.5165325515313759,1.1378560867925287,-0.7682902811253505,0.1822475525857633,-1.0339608856879274,2019091600
-0.4323894189477015,-0.11601959408425239,0.5265584935283426,-0.526310002939357,-0.23353643150737513,-0.3653325988746548,2019091600
0.4450988667367841,-0.017110972473844317,-0.023808504934751454,-0.7186450580448763,-0.25983964779321933,-1.6902006407798535,2019091600
0.7594867225173791,0.8022514661457203,-0.827613568484116,0.3683050469514765,-0.3650412230974517,-1.4410291876538883,2019091600
-0.2288989708156064,-1.2297057090260561,-0.49104499805611773,-0.5758467405893386,0.9764320871365321,-0.9945347054452616,2019092200
-0.26157129783475064,-0.7375805620338997,-1.4122456875492244,-1.1811946363643633,0.41384690489511744,-0.8452056260789146,2019092200
0.2641620310708129,-0.4949364093107325,1.215698585880434,0.2904851562394976,1.8696887205701371,-0.43028190361050744,2019092204
0.2784182184113086,-0.014952295958600915,-0.7286186647364752,0.45860181025772484,0.30563418606622866,-0.7701399497277933,2019092204
0.3102526048893912,0.03390187803530302,0.2616244110589769,0.19008218147991607,-0.22543568822333757,-0.5282735919539819,2019092204
-0.43028475858492826,0.0648233247173142,-0.07236673331138949,1.4700030646295057,0.8114114633886101,-0.1240352190589425,2019092207
-0.5561521738925214,0.29713571357480273,-0.4451624797447214,1.1806547612662581,0.606041090691441,-0.09281286924971137,2019092207
-0.6670084797131385,1.069553370383184,0.9629278337853778,1.0865010029008904,-0.37271377956375423,0.060237673340412,2019092204
-0.5764124786824035,0.2914018376109829,-1.346968469451133,-0.8130501994377637,-0.4523902582743409,0.25331838628956665,2019092204
-2.761792525476829,0.9079296777416703,-1.8846929635335206,0.026107535690153602,0.6884211337224155,0.7330723860641281,2019092206
-1.4410231099267192,0.6297159626518783,1.387362296064584,-0.15438081505854104,-0.5135387390844481,0.3235802791641616,2019092208
-1.3547260398374084,1.0395635469226625,0.8140522905715254,-0.1789390887654683,-0.6554599170643155,0.04479392178997852,2019092208
-1.0170722081204953,0.25331366111809017,1.2962110039776689,-1.2977877396284903,-0.5527930432340407,-1.0403318663263754,2019092208
-0.46650351368894066,-1.0999894275061473,-0.9656332212767269,-1.4596832466024696,0.4647363058002971,-0.6313587424390588,2019092206
-1.6837008423236115,0.05949086015706437,0.14229196652309337,0.4822661295281184,0.7799742259680809,0.16147931789019346,2019092206
-1.2474649638466078,-0.8897306257860516,0.4937680226467965,-0.9786045834258688,0.2564234361211465,0.4326553922631714,2019092206
0.0851485839085886,-0.7803133350026702,0.17088163349178298,-0.13162965311425784,0.611869124304727,-1.1389412340368352,2019092206
0.11667013787853336,-0.25841496756963783,-0.5961110176009639,-0.12583293678482588,0.1471983423038073,-0.5853358098498128,2019092206
0.331388899341952,-0.15139485033067304,-0.8825272139832719,-0.2547051493511305,0.043919811525352216,-0.8592129521001985,2019092206
-0.6679884673336386,-0.647603371648714,1.541680264078707,-0.034533607305164894,0.22435004945910986,-0.01284957907210548,2019092206
-2.224991361814911,1.5794607183223934,-0.3898407264914589,0.46846238841543636,-0.04318000313163233,0.28044524895256584,2019092206
-1.4630062967284738,-0.42237498104167787,1.0001088630994883,-1.536531091580301,-0.2676509304965863,0.029779235399673126,2019092203
-1.2903432321461086,1.343754199790264,-1.347679049877741,-1.048100277541821,-1.382397508000261,1.1860667212169411,2019092206
-2.6793852465075503,2.040899465075107,0.3108218916450722,0.1571949612985605,-0.5262978351119907,0.3682913207708968,2019092206
0.2141704957942183,1.6873105690825243,0.4238045904427112,-1.2494366566029331,0.05103539383175842,-0.9208970570642074,2019092207
-1.1776913455743532,0.16781920003346437,-0.23541542036450028,0.7739124146392589,0.3326715512068759,1.0184470289005816,2019092208
-0.07190841017514844,0.013651051337685623,-0.35999658627951436,0.9758494266704226,0.6466268506067318,-0.6612198881742822,2019092208
0.16819215057306347,0.15520112884091525,-1.223228364867802,-0.40130524141782087,0.05301799999574861,-1.2794883825317385,2019092208
0.25779072642911144,0.7186944127119712,0.548368136778938,0.09572688088890599,-0.8725743085420733,-0.4753654991197372,2019092208
-2.882174256103754,2.380366151459683,-0.6291742632128066,-1.1463555942635975,-1.2868569809265182,0.5557953217978683,2019092208
0.21927385339958366,-0.003504240841725241,-0.36301077891294203,1.2444327610835,0.6988751760550744,-0.7754202491319269,2019092211
0.049776721153770194,-0.7077384151665996,0.8090202035337903,-1.2343783569934266,-0.25004934162013776,-1.0215243535062466,2019092211
0.041904907792952535,0.9030789499703089,0.4652637872435977,0.013838519555709061,-0.6188885194029765,-1.2560184457676726,2019092209
0.6153649936808964,0.5386138363540107,0.5767265233027857,-0.24815051227348167,-0.6329262183253018,-1.7483961204708494,2019092209
-0.19886287303982705,-0.6293504813239694,-0.34608612282823054,-0.8713432563464474,-0.18303814124186907,0.20325572874792955,2019092210
0.5188191011071664,0.4541328455353638,-1.349135030855308,0.6857930433608358,0.19884371592168287,-1.0778198800425534,2019092210
-0.7165814767357287,-0.9530544731519981,1.7848735453914013,-0.5456088872468254,0.28031236465178755,-0.36665852921898306,2019092210
-2.1112116192151413,0.22921606875390424,0.8568526931507796,-0.5887804410881312,-0.014248957018588056,0.46640921602491836,2019092210
-0.11230083003828259,1.4012707028482891,0.10305414002014956,0.26612893207449917,-0.30168313333411173,-2.259564789814935,2019092206
0.5175762054426057,1.3729901233916153,-0.2571543223958643,0.41250158378188817,-0.9213797923084418,-1.0882979972397864,2019092206
-0.5008031889467852,2.7012689598877078,-0.6511333875344456,-0.1408486143333969,-0.3548601099779717,-0.5456334763179047,2019092206
-1.0242048071492773,-0.33975673786479754,-0.327179959591581,1.6813890183847946,1.672927723332902,-0.21932684872025343,2019092210
-1.534825734759518,-0.05018425559435224,1.0702292715759272,-0.22741981385055365,0.015074687674432109,0.5414525401478988,2019092207
-0.12239232766849863,-0.006549149425345503,0.6288547093552408,0.47307217642111915,-0.04511319640959668,-0.09848978769056613,2019092207
-1.1382160329317013,-0.15189413086355513,0.6813814663221911,-1.2277943001406575,-0.11273618235941042,-0.7235849991485507,2019092207
-2.4000495204596173,0.43363899889493673,1.8046088977339914,-0.8987799855554448,-0.4664930813134657,0.6128649353930088,2019092207
-1.3548959744649134,1.3397812636640587,0.13624913227717142,-0.7883059402671623,-1.1161849833539579,0.12390713294223829,2019092210
1.0918228175208808,2.2625073596302605,0.8390588159697364,-2.8545351458040984,0.8043929979442075,0.6941242844808254,2019092210
-2.5947483264851887,-0.8271152871261629,-0.051499674947544524,-0.796071434824111,0.9863925612879266,0.9279466175761913,2019092211
-0.42306834136436516,0.127736292809446,-1.3289337431163881,1.2690944041116947,1.4413245365623553,-1.4258572310321336,2019092211
-2.5174691534694467,0.5004871726687998,0.10975991202287452,1.0540428357399565,0.6759484275946429,1.5746523506040477,2019092211
-0.3919406573060084,-1.0856399711941496,0.8844065857413395,-0.009163981791443324,1.0062876468941584,-1.100002205736835,2019092211
0.654851477174211,-0.1129710919829427,-0.24822009223372338,-1.2348607859698542,-0.5831213502908305,-1.594939173195431,2019092211
-0.41275664418902647,0.34399480312866765,1.655994754420405,0.5322662042384311,-0.009157601589415325,-0.990419805713008,2019092300
1.143697413837847,0.39815598723486634,2.122815201025775,-0.6971344110536226,0.6905395223232936,-0.5254441890152898,2019092300
0.5975939704007687,-0.4130759641861841,-0.2639248213123862,1.748695637486092,1.8404510778359764,0.11403545170731957,2019092209
-1.438126753427625,-0.36030217616400223,-0.20723490130073513,-1.3211762043091784,0.10693536900359209,-0.06584190993865684,2019092209
0.5891493950197478,0.4184818538662276,-1.3732489639407404,0.48514450108204327,0.28477465878996594,-1.6035345778133252,2019092209
-0.9171405597868572,0.9316884187252241,-0.1343169197846595,0.49212651276420455,0.02531098664999577,-0.5570114563134979,2019092209
-1.278169918337138,1.1816382904722171,-0.4934879205692203,0.18324154154225697,-0.3806310527173466,0.2438557288715058,2019092209
0.3383125210744207,0.04977671593936109,-0.33848784857340297,-1.1128585491681835,-0.8124640438479216,-0.6594369011636474,2019092209
-3.04375333058401,0.6951963486292867,1.8132427197473604,-0.8364076075173263,-0.34881347747996555,0.7837094414633474,2019092209
-0.18123602456993898,-0.4784415231056493,2.1149781559788314,-0.6123792653338666,-0.26615282857491696,-0.9629429389088283,2019092211
-0.43413697591791955,-0.37209363974217613,-1.1101294302372287,0.36694088006798026,1.076118668935833,-0.9303710531234315,2019092212
-0.7931417829338917,-1.0081302595914101,1.0372368714468494,0.21098164678795678,1.0426050435892207,-0.5499191443674089,2019092212
-1.5965402281599084,0.27956551584793815,0.01907387770427343,0.7648632992618217,1.0906178807102982,-0.7056195126188959,2019092212
-0.30838267025973576,-0.1673721166059242,0.7575449356641407,-0.14551086541454794,0.13040143311799332,-0.9418857755995607,2019092212
-0.15172458158667407,-0.17864963755707458,0.6244366377157853,-0.2874236008271346,-0.0011955845424421487,-0.9346477836071091,2019092212
0.02304867563114717,-0.5785551183504077,2.511274829724622,0.23868363737053244,0.08181338067340264,-0.9238002496826737,2019092212
-1.439676366915294,0.6370866219704141,1.4511550862354028,-0.08817555070557306,-0.32873667741307966,-0.10378006751415744,2019092212
-2.014266381564386,-1.2897552710644529,0.14747338344110836,-1.0104978182616875,0.8270909205049242,1.00955850776869,2019092213
-0.62448081185296,-1.0523898895182038,-0.10871528964301029,0.40005907576276584,1.4257149507896765,-0.7317513386063164,2019092213
0.13698805347549992,-1.747505854389187,0.056949516611023564,-0.3223969443641459,0.9904386668356854,-0.4619491950380011,2019092213
-0.46677246358086477,-0.6599552794637814,0.7566305268646936,1.0768628329414007,1.0560790736703733,-0.3085020334111566,2019092900
-1.0969125498518104,-0.7687910526326339,0.8407462117203086,0.06541344320898662,1.069414194102509,-0.7660130456610149,2019092900
-0.7944195879675147,0.38320008892778185,-0.39027494580913935,0.9731672709783832,1.0351098611923497,-1.356335116768947,2019092213
-2.0253251221607638,1.5825381994548355,0.17206783800559705,-0.9537536147014969,-0.7745564920900245,-0.5488791838569942,2019092213
-0.9465393898943083,0.0237787047839164,-1.3278858551453225,0.6779860939082598,0.8851068870001492,0.06901335601349722,2019092300
-0.80218819350106,-0.023968897673191162,-1.556810753351254,0.01049326045441829,0.8154405714291684,-0.703493432834103,2019092300
0.5677263683659753,1.5991130844764747,-0.2779669286544343,0.9285208991031161,-0.5329375083465923,-1.8320007822104616,2019092211
-0.9711968550610449,-0.285780580871661,-0.5144658739293226,1.7073512219422684,1.2916701907162682,0.7159444932753275,2019092600
-0.40788508607231455,0.04855621686018535,-1.7345461014900487,0.08178895057986817,0.9944168062984841,-1.6504695811348284,2019092902
-1.9622419622749543,0.07827738991959635,0.46231590419358315,1.0170056312793596,0.995427425617143,0.5623695492130328,2019092902
-0.6047508012060456,0.5572812016314745,-1.3363823702412492,-0.27141148355572614,0.07018550049169324,-0.7814503075669268,2019092902
-0.6813539450750845,-0.37420528384052265,0.9880661200316251,-0.6189391159815533,0.04041554047811386,-0.6020792345920598,2019092902
-2.1544232880570235,0.06657719853736452,0.3833550884315856,-2.0668691555893033,-0.8191074013512992,1.0159669106399185,2019092902
-1.0717797148370447,0.6225760376401033,1.3709155088231124,-0.1540259787616087,-0.06248148706126403,-1.3194932129052688,2019092902
-0.37390970451381556,1.1183535698696705,0.7333899298064736,0.7800742265094082,-0.21385331571530136,-1.1676187742425743,2019092902
0.18754700219266274,0.6157866488300231,0.668464694851495,-0.10388977290216636,-0.7689324036308983,-0.7968986677525753,2019092902
0.1193282612919124,0.5972978914308184,0.47376054370671766,-0.7265813742334305,-0.9549508297507058,-0.9870427087923365,2019092902
-0.20034497389827477,0.45416599377121936,0.3914591809973679,1.184079364892692,0.16801650840290716,-0.2722079620058535,2019092900
-0.7585594130027853,1.5622592143579779,-0.9916419347995715,0.43117874914025445,-0.04361026813723554,-1.4508242537158083,2019092900
0.01946919352935723,1.127282491905707,2.1993097059217015,-0.37025598301682955,1.3344945375767907,-0.6584368999025707,2019092900
-0.31036205657524624,-0.7749527120431803,0.49831170912397754,0.2569421633358852,0.7844226766025366,-0.6554569973474573,2019092903
-1.037161145069331,-0.5312355640369393,0.1514444592895357,-0.622363719607987,0.4784401227666476,-0.4226841418359178,2019092903
-0.2735834346802051,-1.1325075672164984,1.7733609237891348,-0.4672778365085432,0.05099019042423931,0.07261418961500839,2019092600
-0.1456867521262108,0.8661480797128539,0.024843560979795298,1.4706954903530645,0.3768000471933526,-1.0690909243008557,2019092600
-0.5530210859528261,1.0321822090648327,-0.12984209014900683,1.0927370296742902,0.34352153052990037,-1.2043993419949424,2019092600
-1.485937667293617,-1.4536479566550606,0.3352490093526236,-0.4748246830550073,0.991373110398941,0.8481406163153238,2019092900
-0.9582467174647719,-1.4810700724054406,0.3824028612412435,-0.1204994164302618,1.4289951641888257,-0.4630649266964126,2019092900
-1.622870361819047,-0.7161058855230602,0.006851353303415491,0.6903893428637107,1.4666509660975076,0.2552004432733049,2019092901
-0.8106442937964627,-0.9360953455966134,-0.17199031330836054,0.5820064260668286,1.2220838847583504,0.11934840629190879,2019092901
-0.823873774171294,1.190629896710522,0.4516103385303241,-0.12022227635454602,-0.5822986701172037,-0.8922314518677659,2019092901
2.7266583325941243,3.852539666841535,1.4122512124857265,-3.8304224704627954,3.379448857868235,0.13501322982457936,2019092901
-1.272302598051566,-1.216882146109105,0.2611328003598956,0.1951745780507453,1.3096540564913122,0.2878680404179666,2019092902
-1.178336153276292,-0.44268697144330693,-1.067576022821987,-0.3543953397308603,0.6236133264972683,0.3300816750734484,2019092902
-1.8222852397464144,0.9176246347903805,0.913987729429792,-0.6729358956788939,-0.9637284384172595,0.9500637690353184,2019092903
-0.8471528430804509,1.6444565712986452,0.1610325730169758,0.7736263143184362,-0.7022943681978989,0.016855194913393514,2019092903
-0.3552793297582694,-0.9191619572635851,1.5991575347892364,-0.4164128661391399,0.15888909548525465,-0.33642219950816576,2019092906
-2.472854067249,-0.17464651173068738,2.5083003988502104,-1.3607094797170887,-0.15218707537962783,0.042594904596562476,2019092906
0.0987660747550405,0.3150736114717393,0.8508572822596316,-1.7793827872461943,-1.0670220734948377,0.020535732747955195,2019092906
-0.5182666615644946,-1.0414326106269418,-0.9614193995233298,-1.2062437935692072,0.3749208931740483,-0.07879382845530614,2019092907
1.1356173479487677,3.635516712030176,0.026853907730475014,-0.705711641274061,1.4431887679518483,-0.11651855562003821,2019092903
0.3149924930833779,0.5712675526714104,-1.4616332999254331,0.4514768458759648,0.25053942356392345,-1.4329210017791894,2019092904
0.7144283308299025,-0.4586044276146803,-0.8491638763581747,-0.8372329504638982,0.06438980041978017,-1.7085002703070309,2019092904
-0.334098720888105,-0.167063232947353,1.1131673730906337,0.8250288519843273,0.2910995257636618,-0.10443951301763313,2019092904
-1.1206790102608535,1.3660619544939545,-0.6408199424734721,0.26519016899716785,0.01594354489315426,-1.1489577994083555,2019092904
-2.4971632595243367,1.7742304230048762,0.915421335873233,0.9733326693392489,-0.13961857644979261,0.4994585349049362,2019092904
-0.20753114964720534,0.2869619912746511,0.7605588721827711,1.4681408298797074,0.44437328936636733,-0.432255827578931,2019092908
-1.0271725148128472,-0.1597428116874612,1.010885184729583,-0.3310946894297105,0.20174945984721282,-0.5463393503628757,2019092908
0.23675537722810658,0.4566609937261561,-0.439079023734992,-0.2546517869077921,-0.5387237296412736,-0.71156755170754,2019092908
-0.7423673025690359,0.531782937931891,1.7525212722241768,1.0182337509618717,0.10831995186584052,-0.5461639223890626,2019092908
-1.1519981391300027,-1.583268364018355,1.38787906769235,-0.7546553068977813,0.38536195587265165,1.158567396281875,2019092901
-0.5834538265635644,-0.35614235763413915,0.37003191120771073,0.9380750013581368,0.9521162769200388,-0.4627532494028394,2019092901
-0.3661873355200503,-0.8955301434875124,0.49540678322390147,-0.24043453602398918,0.7260463961727327,-0.9131041239507764,2019092907
-0.33280511493047826,-0.5545916423902966,-0.1297765635713118,-0.32608865385611874,0.10280812224361381,0.18583212715192077,2019092907
0.07965875806321451,-1.3938560766536152,1.1384006424895878,0.39260509108982633,0.8607512524427706,-0.33971657337164024,2019092910
-0.07058308599916133,-0.4171836388600713,1.239838786000017,0.48999560779308615,0.43539759280259394,-0.9072643907909547,2019092910
-1.7190802451120404,-0.7859948777228568,-1.1003401260251615,-1.8584272633342231,-0.09067679269463944,1.4143460911138355,2019092904
-0.1481712529877875,-0.5478653695381333,0.4987202088960942,1.2710548117658675,0.8762182781207254,-0.08827083348187675,2019092904
-0.005943277230628267,-0.38068554188595816,1.041125062987901,0.12092087764355067,0.38509238006812974,-1.3663802638816782,2019092910
-1.235163192704633,-0.11658003832114591,0.6444032852508218,-1.1030306470699498,-0.3709907072283527,0.20354408997106893,2019092910
3.4469444659343664,5.675152672979806,0.5432126309151749,-2.870132186165753,5.709777341155448,0.9114175821021744,2019092910
-0.755471651642601,-0.541359868910339,0.7286424149564531,1.0019512562076596,1.1138323340816088,-0.37887097737091613,2019092912
-0.18778769199985318,0.4463722761456598,-1.0625834414284703,0.6867853502904634,0.13823135085774696,-0.07962515193019278,2019092912
-0.18904175065011597,-0.09406981188492394,1.293251399352729,1.4522906579429427,0.7611545064906428,-0.8387117784469622,2019092912
-0.7279559005374062,-0.2328634709474922,0.9379809598169531,-0.22648618039511464,-0.03609632208061298,-0.020855582628306717,2019092907
-0.5163699928158039,0.8808502715865253,0.21665681369034395,1.4392690302708926,0.6035153620646857,-1.3116510360255678,2019092907
-2.609919425244346,1.0535319875079179,1.4687222194157028,-0.06559314213373516,-0.2571774440464612,0.5531122870747899,2019092907
-0.5460918463089232,0.6677571857749107,1.5486104470700837,1.1755745947375615,0.07895558054905184,-0.6697948028880533,2019092907
0.5651962704842108,0.7082612241800004,0.7699436550193622,0.7495021393056776,-0.3978801898727808,-1.268998597236663,2019092907
-0.1765351869097209,1.1579785654029775,0.46806137503083844,0.3256124004451372,-0.198475004768123,-2.0728029573486366,2019092907
-0.7350872248285644,-0.4953199482403315,-1.4397160329519965,-1.0079535984410732,0.45277116094639513,-0.49183517181876785,2019092911
-1.3101417353953768,-0.24194540557081726,-1.7401820789743636,-1.4901777651577794,0.14194741878995037,0.07370989363397545,2019092911
-0.7237681492582547,-1.2913423920475586,0.9647414024211337,-0.5525322254547979,0.5303346814828671,0.14732120016975592,2019092911
-1.2587844712183074,-1.0641136800577948,0.9106485989596396,-0.8580252709300284,0.840948660636387,-0.7583053837474106,2019092911
-1.5645047505817613,0.6131333576266184,-0.6699022592617584,0.6130039170767239,0.2825775451098108,0.8206770851621205,2019092911
0.840836350272988,0.9524144766149399,0.7456476690592587,-0.17917284394343105,-0.09673525174785536,-1.4190154100978896,2019093000
-0.9136585823524465,-0.24753152589437907,-0.5165654016485058,-1.1286741717079356,0.05202069391551404,-0.4270691969337065,2019092909
-1.4369335959479586,-0.1294165218561621,1.8706517817491688,-1.3861429083268912,-0.6582276490335647,0.11754354800310016,2019092910
-0.33002315068337756,0.35298117242428384,1.0027002576325499,-0.587833124208259,-0.9293113601071985,-0.038778293826226704,2019092910
-1.3040248113201853,-1.0530886832479434,-0.11399334747184674,-0.5032830703535136,1.3892065547514407,-0.9983632197542024,2019092911
-0.21403637712069756,0.048822625182525475,-0.9240046784957535,-0.43795996386284836,0.1383538427643699,-0.9749091455737561,2019092911
0.20250306607772273,-0.2703974037091564,0.2337054121070622,-1.1321281951094895,-0.32411391290733355,-1.4347966269059107,2019092911
0.2881842737600845,0.4329430207697865,-0.664485990267875,-0.7858339780641186,-0.7785405442018843,-0.7710775552164352,2019092911
-2.4752463027492193,1.2796366481009394,0.9913240534477247,-0.17378998951879757,-0.670727099175259,1.0856809710561381,2019092911
1.3464827039738105,-0.4170125311685275,1.8670494291662385,1.3002296514042964,-0.7162959834351948,0.8503185066943049,2019100601
-0.8936286815592759,0.7192691311670639,1.3198209419086824,0.3802018556470429,-0.15460163086431986,-0.7179840058736789,2019100601
-0.6698872559120491,1.7739003230375852,-0.15589428771271055,0.448498345952224,-0.6611340275124892,-0.8856162055421393,2019100601
-0.5420191781995043,-0.18575649338003072,-1.8492289525744419,-0.82536718485679,0.39717221988643725,-0.7334365325551143,2019100300
-0.8687505636070076,-0.531231394832216,0.5553515208830899,0.5895878220103052,0.8294044854228091,-0.017354365310434185,2019100300
-0.6293040649983189,-1.4280966029639994,1.032721888034171,-0.8709676362048417,0.6785876204922313,-0.5952385840324593,2019100300
-1.0134345859952512,0.8639283824246831,0.12020893093490495,0.9853068382489434,-0.03998124298002045,0.45195654811044894,2019100300
-1.554943474257347,1.0343978800793643,0.20750457703869898,0.6616638496996651,0.538829283569402,-1.1229171633624415,2019100300
-0.8231284530191892,0.38340042275653147,1.9735101671176043,0.7889201648699442,0.3920543782936057,-1.3228119147967106,2019092910
0.7413236030288654,-0.7400217304125031,-0.19854560177887762,-4.604648975149133e-05,0.30116597927898925,-0.9439826585897194,2019092908
-1.2969303263852263,-0.010645419241342106,-0.5242570012979256,-1.0370855009560003,0.3577934847484777,-0.9999235709096694,2019092908
-1.0785879643443876,-1.5862856450097615,0.6408169182494639,0.09020258145586364,1.4909537861971864,-0.08449970224463198,2019100601
-0.27907331192372614,-0.4944617316401106,-1.4322410381487634,-0.5191850538905033,0.6196602101966279,-0.8499656703814135,2019100601
-0.05189914238842709,-1.0893945991528773,0.5910051061295718,-0.06516940014416392,0.5191447241428544,-0.24189539888236086,2019100601
-1.1798569506409093,-0.8621625385902822,0.1462209894691871,0.9557891974340893,1.7036309510047525,-0.3734755741467461,2019100602
-1.8902465399035813,-0.1893221437501107,-0.6169261858652535,0.6822514844495142,1.1031560340764803,0.8582159255049436,2019100602
-0.6214959771296154,-1.1495765321565754,-0.6984212461461052,-1.1608913125459477,0.6444654531841677,-0.49106325533064443,2019100600
-0.08655966478521768,-0.21008666812989338,-1.4005551984868754,0.49168553868340414,1.1085533515427213,-1.47322002742478,2019100600
0.18166709357280797,0.24243438864755482,1.620572449618765,0.9170050369129118,-0.10665103218958613,-0.7932687027169979,2019092912
-1.3409015413436793,1.9246759854837223,0.019358661763972173,0.7371972428433207,-0.7076177721120904,0.19584195385969336,2019092912
0.013349628273036667,0.679764288809754,0.814955007291256,-0.039236618182049106,-0.3119789225931954,-1.8332410484155122,2019092912
-0.39150404893635454,-0.707502627139176,-1.3063222733159259,-0.8114618484793237,0.32149503512511957,-0.008812795201795271,2019093000
-2.310921676513297,-0.5401729486617532,0.8260144994657482,-0.5618086837307238,0.8806070655424677,0.05878400723591231,2019093000
-2.5468930982015934,1.2036259460471037,0.06417787774274311,0.043806092876231786,-0.035190249577705286,0.5768861379589604,2019093000
-3.180924465913357,1.304660626743926,-0.650577079197004,-1.6849520071258126,-1.1736563123972512,2.0554632026755035,2019093000
0.31591891184868975,0.9231197278628587,-0.5257844453655542,0.931189371370722,-0.05752912559864495,-1.1940061665408572,2019093000
-0.31298802996887515,-0.7035663537194793,-0.5501185549281995,0.9469536022654833,1.2015452493212477,-0.23826183716910196,2019100300
-1.2555510262525342,0.08390900341004492,-1.1859530152813968,-2.025983607332941,-0.4359957384810522,-0.28564753548274446,2019100604
-2.321003422932333,-1.348999770378154,0.3682841547596558,-1.1087876004323314,1.0116612562093503,0.817081784935901,2019100606
-0.37674480581471465,-0.18411831370638887,-1.705823618230153,-0.1755040733318655,0.4451727014440945,-0.2253763664165541,2019100606
-0.7443132562622119,-0.6092554818179285,0.28253394383837444,-0.19690118655097422,0.5788205779384253,-0.38935102369269653,2019100602
-0.992521298251788,-0.21537127964135425,1.0020872666071816,-0.41918462560010705,0.08397893447170339,-0.3080696130195098,2019100602
-0.4920872548749926,1.0117294841605027,-0.2987410388940929,0.8027892445889145,0.06844235996819047,-0.8744890855255665,2019100602
0.08488517909093238,1.684616768486487,-0.5051219224977737,0.4251286943178616,-1.1317526770806428,-0.40230450385973443,2019100300
-0.6418865186286814,-0.8011037796656194,-0.8537078042025488,-0.3829622259725265,0.6873742567945751,-0.03889995409131402,2019100600
-0.887840455888432,0.17668968953279587,-0.15134014540070848,1.1633592885314645,0.6664199741186433,0.2636582783672133,2019100600
-0.3628429920824374,0.13452625514534494,-0.23177187385372605,1.3852740264502743,0.7344379045657906,-0.1928265712878852,2019100600
-0.4404484446067557,0.7302287950681806,-1.5547919546993418,-0.08063897873580048,0.061893618758357784,-0.9301228825118789,2019100600
-0.29603623067255835,-1.0588725325734942,1.9662524400409707,-0.00554296556125996,0.5031024831413866,-0.6309559811067245,2019100600
-0.1249745690568706,-0.9501322456853142,2.7484922345076157,-0.3412997471797569,-0.2304804148624401,-0.1659108057925278,2019100602
-0.30792650020461454,-1.634008251990584,0.2949858495587667,0.17428211570213176,1.1131487026631235,0.21243417275334908,2019100603
0.09120354829378696,-1.4438592975205464,-0.15824162532758282,0.10684855025769381,0.9757962604131017,-0.21282832709251814,2019100603
-0.882265485715506,-0.6608996552442991,-0.5800021860367577,0.23289042734965518,1.2165305105470081,-0.586563462800017,2019100603
0.2022107238300373,-0.5006372752316983,-1.4274667193595476,-0.020736884484816386,0.774070779776151,-1.1821502136145878,2019100603
-1.2440913153773079,0.6857162872911752,0.9891175943813212,-1.038520542510244,-0.43152018589303714,-1.3335942076854619,2019100607
1.0582964595471442,-0.37664848352006786,-0.6239369620206879,0.7765358968571094,-0.04637010406985125,0.15305940660668038,2019100603
-1.2032077247421407,1.38370637947398,-0.8007996075174741,0.09219377649907354,-0.4043291653167668,-0.15794266825921674,2019100603
0.8628267859433825,-0.18953030634653592,-0.03262045052300025,-0.6499936321617111,-0.47668334235005816,-1.2768738772753332,2019100603
-0.9707462458101125,-0.19497074504957357,2.377021083899171,-0.10065448145924269,0.1326634985892878,-0.8372765115309893,2019100604
-1.9116966033042258,1.1187003269038,0.8799852597205433,-0.3674221656400417,-0.7024053579280094,0.47623707699911544,2019100603
0.3265606756697115,1.1915383513693867,0.6251603118654266,1.5908750739630297,-0.14125749327915374,-1.2358224597634877,2019100603
-2.6234702067359112,1.5937513510602273,0.08642265930622862,-1.446434306143914,-1.3681391784518926,1.1109445789611376,2019100603
-0.7165261285043607,-0.8772230315492765,0.2273086955927202,-1.3201529670848113,0.5191575308477164,-1.351617847798183,2019100606
-2.9039507338940105,1.0473922859909466,-1.5612337371301646,-1.470854659312322,-0.7261217282571516,1.8812530062109223,2019100606
-0.868626722773286,-0.47937143901809176,0.6179567807792703,0.9285917891067695,0.8994341751265097,0.15974211265394203,2019100609
-1.150575911654356,0.39869612805591553,-0.40974017494308146,0.7959159285917775,0.7035345212916116,-0.28996397224572146,2019100609
0.13494912636576833,-0.5527479709922528,-0.22200637531431097,-0.0804218797481902,0.20437702194492385,-0.32164037227861036,2019100609
0.2451257586485711,-0.9236163425150284,-0.3307394761801813,-1.5567500387124944,0.02865483622564195,-1.3840700692435692,2019100609
-0.19747565414605256,-0.40846090500099785,-0.8015086060684603,-1.4757660724685737,-0.19935860837698424,-0.8151427952173633,2019100609
-1.026769339065528,0.751852356680076,0.03091042751795765,0.4841954101456879,-0.2995225345098678,0.6744659397279011,2019100606
-1.027323241782484,0.897747881728985,1.661341020957962,1.6034643923303002,0.27130401202856447,-0.3812146515409353,2019100606
-1.2172826128544778,0.542857740044437,1.543753243973493,0.19893155753376784,-0.38431685481328604,0.2781712704354595,2019100606
-1.8040677006015184,1.3942398584733622,0.3594610904561741,-0.7941129997885245,-0.7553361936784404,-0.4097188876682923,2019100606
-0.6612896830845942,1.2006269633863198,-0.018407815787128114,-1.0126669371769812,-0.9854816826330098,-1.1448331140275279,2019100606
-1.1805812847589658,-0.5871332131989698,-0.09038340954083332,1.1747065249220194,1.7873979671211615,-0.676015359301506,2019100607
-0.6072538623409383,-0.4609618987086633,-0.6901011968669438,1.042619804757464,1.1930920438334363,-0.06493547848443694,2019100608
-0.3960711518056745,1.0800606432372317,0.2089899092135767,-0.4515518195579577,-0.9125946439464,-0.7757801683319973,2019100610
-1.3013806238158792,-0.7093698976945789,-0.11576775720827917,0.7686618175886166,1.4496946722389623,0.018508297660755704,2019100611
-1.8716603368196425,-0.3911027510518982,0.38000101150037646,-0.48764476850141486,0.5021177160365249,0.4753438084925967,2019100611
-0.12514868838226859,-0.5629155718337757,0.015512191127963653,0.16810456566105664,0.3459160621323197,-0.07099640270716652,2019100611
-0.1880279763796825,-1.5124173502802731,-0.09634435435708186,-0.46609778357142545,1.1178303228989952,-0.9181213554419926,2019100608
-2.3157235108232177,-0.47767431259125637,0.43140909503421665,-1.280776312468027,0.5295110547205286,0.013980917748123206,2019100608
-0.8095219050689253,0.4371510033385597,-0.8605420091635162,0.5283730364689612,0.07156143302481628,0.6338373984052915,2019100608
-2.1790034893833585,0.44213862039979346,-0.7076005281041382,-0.9690042209679883,0.2486668521686355,-0.17740470970091404,2019100608
-0.6583685010161974,0.40228521168553316,0.8496671531795073,1.30545457171441,0.7570899493184499,-1.1134153272903276,2019100608
0.034881126637916725,-0.4824034269836471,-0.3686040258669073,-0.3306778529387538,0.10946077511227052,-0.3597296297999567,2019100604
-2.3338786584767313,-0.13148135335451713,0.11990971264374406,-0.9871834024081982,0.5423620647831128,-0.07261804185870305,2019100606
-1.315141319043703,0.08863218199368317,-0.4674233680453879,-0.2599333142531734,0.10546486448275243,0.5724643830245211,2019100606
0.2801741012441258,-0.4724585506203985,0.36741268836254287,-1.1945401547057004,-0.5201168438476611,-0.8116279340018222,2019100608
0.6807171092065308,0.8194787862183129,0.4518798441316758,1.0426609524915764,-1.1956576111071477,0.9909643467327697,2019100612
0.5934061989677499,-0.2791081503962749,1.1624862087876213,-0.7388744829009233,-0.8223343171888583,-1.6086623085070775,2019100612
-1.3916248067769132,-0.7039953905540476,-0.1355465029616313,0.8503141847599713,1.1828461374572758,0.9447331258968655,2019100700
-1.9620669143745713,0.8325501305460209,1.5631897700429322,0.22258543615141835,-0.21672333229694818,0.34523195518791316,2019100609
-0.4781483205960836,0.5388333551905382,0.8305016545663209,-0.66377658942972,-0.8892690617388548,-0.3133287669239197,2019100609
-0.5736337055860046,1.6281414423336904,0.10879513497877341,0.6259461009425794,-0.3947192690759894,-1.3035460326791124,2019100609
-0.23661765188507428,0.5260951308219918,0.6128831994560809,-0.9650939455934369,-1.026923632168285,-0.5908229527083445,2019100609
-0.14615651192776624,1.009914648862507,0.2935568243716585,-0.45203245914499574,-0.5444089354303462,-1.9745938721531084,2019100609
-0.4326883076818063,-0.9221522905248013,-0.6369206322171874,-0.07089377490788018,0.9085846367030154,-0.3252914828139115,2019100610
-1.0621830894772177,-0.24939797581788992,1.4685874892515847,0.33694939292481313,0.6573124459771393,-0.768464736198453,2019100610
0.1283634439011728,-1.0468412546942576,0.32109245498493244,-0.35428170934556896,0.32693709708827434,-0.3562449306613041,2019100607
-0.904822150493743,-0.17458858999666738,-0.9024436734196808,-1.4429252418831124,-0.6425061164593042,0.94846088399428,2019100607
-0.34172718789032935,0.6525135917410393,-1.471987094317564,0.10341173010179532,-0.02799219608035732,-0.4646732783122137,2019100607
-1.2557687690777966,1.2263559362647116,1.5745793388131932,-0.622861690013476,-1.126833418228768,-0.3570248984443379,2019100607
-0.19436597717683488,-1.9027907223540297,0.5719649957345222,-0.06194967897587552,1.3804497774497475,-0.5985329578959339,2019100608
-0.10049727292835574,-0.6581651946972128,0.8890170497887152,-1.2262508417711602,0.009623598075487362,-1.6045604321613929,2019100610
-1.0433729511091956,1.5843137650583468,-1.1926214516276128,-0.15825860929523994,-0.4340848306851819,-0.8444732431668157,2019100610
-0.37843042453395875,0.7511142932558524,-0.746759056678337,-0.8784734342982451,-0.6084105645417974,-0.9878447873573484,2019100611
-2.092488482324642,1.2310810671022547,0.9209991389704297,-0.10772256175620329,-0.6331303364086549,0.6858441714381073,2019100611
-2.0772209335062337,2.1317314444406454,-0.5348988636263043,-0.5704118500035987,-1.4446401290816735,1.1071432856470043,2019100611
-1.318974328718826,0.40898819420924315,-0.1769270704484939,1.1809304344470057,0.9004516885009698,-0.14785996337028748,2019100612
-1.3726103076118608,0.6382086420662145,-0.9512427190807724,-0.07114532583169045,0.42132223793740076,-0.688059661703127,2019100612
1.1505331907624066,-0.8430446198164885,-0.1730881112110941,-1.0328491465120608,0.31216990116480686,-0.9772134120250572,2019100612
-0.10558249767782958,0.9524605628963352,0.43368695820026393,0.11924292291618284,-0.8521860849304999,-0.38078126730699563,2019100608
-0.004009984708901241,0.578972726106818,0.6851603911298909,-0.5518950355121119,-0.659624240002355,-1.3965993530171457,2019100608
-2.0009250820076896,-0.601786420401839,-0.2609211188630245,0.14658869243476422,1.0426958365078656,0.9996544133818178,2019100609
-2.1715710573155658,-0.5995107963523454,-0.5086153561225497,-0.5810266726699357,0.7217892673995276,1.1330868977024904,2019100609
-1.7922683281894844,-0.5781970819619976,-0.909752884860558,-1.1677216092916767,0.5930920810155608,0.2610866619183513,2019100609
-0.04357520878934496,0.4844521932761424,-0.315764023142949,-0.21579545089695062,-0.441432349419347,-0.6353072774499431,2019100609
-0.6162704846768827,0.7874068985055638,-0.7098376336031649,-0.8433518270307846,-0.7122841954199144,-0.43142799487898037,2019100609
0.1894216125863234,-0.844350107385471,1.4040306002916976,-0.014240724139492006,0.14822208036264595,-0.5232657911893683,2019100612
-1.1529249119229137,0.6669259169048803,0.05211943470331341,0.1874672530646062,-0.44382975780795486,0.9425335108953538,2019100612
-0.9512746480149536,0.8220865666639919,-0.5333403958556467,-0.9873368932213524,-0.2818674123047888,-1.4379725417178306,2019100612
-1.777844122240409,1.6116670334293388,0.8909798587025439,1.1883291986719784,-0.08803399764378673,0.008654547008202661,2019101300
-1.0717424436794558,0.8129947490053119,1.3375381437321678,0.5852431844047207,-0.18202464513702146,-0.2951488685372824,2019101300
-0.1857901772124167,-0.312222975406904,1.8455832713396596,-0.653338959878241,-0.4771894599894547,-0.6535530724678653,2019101300
0.7783140607823417,0.12829794555417423,0.7922171543949547,-0.7795583543997201,-0.7820837862030995,-1.6823136459680623,2019101300
-0.614499224856491,-1.4278738784857252,0.059186607362446124,-0.25563177984714225,1.1666261992647668,-0.3939842494020378,2019101301
-0.9426263570294721,-1.011028887900735,-1.0247065220340112,-1.8191179334549805,0.32362928628829596,-0.2705154612258841,2019101301
-0.6977913239896035,-0.03614571424186755,-0.2610565266551588,0.46688615652564847,0.42182321719078797,0.08927848797773996,2019100700
-1.518703947702449,1.4843726562332191,-1.935935037085416,0.08581134399985312,0.12776782974785628,-0.6186157099771633,2019100700
0.5634068044181021,0.7172658939674547,0.5732347179409154,0.2536189735652779,-0.5160420092999163,-1.5936285543019055,2019100610
-0.19727406627239275,0.04733667918277093,-1.2914959846742735,-1.0681210226808746,-0.44999460555552456,-0.20474015017197497,2019100611
-0.6714621189054502,-0.18196372734883218,1.3832721752760004,0.8263759952108872,0.68154441272291,-0.7493182769747027,2019100611
-0.20276339534417134,-0.3951221460691816,0.8652548584792029,-0.25290147528180223,-0.17477801328509993,-0.07954308446859638,2019100700
-0.9197348149621257,0.9597684962941115,1.660032125104641,1.8474016386569116,0.4194957050846171,-0.6761324389213688,2019101304
-0.9277781389099862,0.5762708381085535,0.7699152080696572,-1.2863303541706104,-0.9280821889538975,-0.5309963550239689,2019101304
-0.2555319916275596,0.36820190888565163,1.718407863275858,1.1590353373097406,-0.1373651717903829,-0.05409503201261911,2019101301
-2.374122122881448,-0.3030502333494009,-0.502421202240943,-0.16180360589987722,1.2350163480684715,0.12992455943710313,2019100700
-0.9070738284628364,-0.8949276566703372,0.5724419455825529,-0.569798459823429,0.565214899691495,-0.2702414476112545,2019101302
0.5862784993079879,-1.0134239874254178,-0.04883851932534921,-0.6275920794316553,0.13413612560382404,-0.7600827795952487,2019101302
-2.331280067992613,0.7353990211533599,0.6921692386648091,0.3053834043236909,0.2384892698170732,0.5264355697110749,2019101302
-0.3370947914343179,1.0613165888109308,-0.5659530140247148,0.5039973105323925,-0.11128678741567999,-1.014784572633981,2019101302
-0.6263707913692347,0.37435042570001226,-0.9951634528512511,0.12334122316799494,0.04225830766133904,0.06256452108451906,2019101306
-0.32108241823740064,0.9836535757963385,-1.6891830221898396,0.6594656603144993,0.02522200418973054,-0.350038326392212,2019101306
-1.7928291314204587,1.5938520742835884,0.8184599358713686,0.7174073757568841,0.07059474023772415,-0.984318276729254,2019101302
0.18018384855621225,0.0018236217578516082,-0.3317776006920466,-1.376155045205029,-0.9356987775625554,-0.4164110244421564,2019100700
-1.19891705469111,0.1099659810707376,2.0138405112472713,-0.15592258149946148,-0.1375653273927113,-0.3053811583969482,2019100700
-0.8406053603484295,0.8066417291574783,1.283417285338979,0.5932328630366132,-0.06955700434616076,-0.8506614001321406,2019100700
-0.11487047522741127,1.438389340025342,0.03807381957469263,0.47272237046502774,-0.6012575669731478,-1.227747618493921,2019100700
-0.3133781127433558,-0.4633758722510029,-0.5655298091587342,1.4436136678764773,1.614944492624516,-1.0338565327987195,2019101000
-0.24467070560509552,-1.795299525700215,0.0658567014667765,-1.0002670419667008,0.9975845863330485,-0.8436656980270415,2019101000
-0.21138386375379214,-0.3210388895838316,-1.466435658898739,0.07409384212319396,0.6827460307812098,-0.5645640666816035,2019101000
-0.7900358667261376,0.3461153415714401,-1.9879150536199934,0.11377531082607559,0.7590869621848643,-0.9125841770958338,2019101000
-0.5286871330803927,0.07430324312434139,-0.0848607066817195,1.3766262900828774,0.7646273462793918,-0.01459099747942282,2019101000
-0.05769952459216391,-2.348282356203429,0.9475566574493761,-0.39149967218713516,1.3886008547581499,-0.6240910025191566,2019101305
-1.546100141884625,-0.9188128152196007,-0.27615592202439804,-0.4184472233394601,0.9376263605108527,0.4423372649443137,2019101305
-0.20914939848322472,-1.4648080973160114,0.00945769429753406,-0.12522645210327066,1.2884425181527177,-0.9811031365880019,2019101305
-1.8917478484198975,0.13692135467002767,-1.2076398765623884,0.19374817242694875,0.9239310652502627,0.2967407470814796,2019101305
-0.41940619489173253,-1.033891417142681,-0.6651270214773336,-0.4961203138030505,0.821366927173827,-0.504196482545307,2019101305
-0.40149311099422824,-2.0494008775676247,0.65557501293,-0.5267301931754841,1.260274443096267,-0.4369619906968955,2019101300
-1.3710173082815733,-0.5632741178639569,-0.3193650657429621,0.667098951806346,1.3556034958031213,0.03502373344888101,2019101300
-0.3602431189957348,-0.4591504119834988,-0.891707746933805,0.9709898654378907,0.9320710915235947,0.26112289949032375,2019101300
-1.1518119068048982,-0.7086002252845098,0.5844583062244404,-0.24323553385111846,0.6766349003777561,-0.11071774206418548,2019101300
-0.11213188895796854,0.7588851533089084,-1.597606369996839,0.2935261771862169,0.10637300469076917,-0.9906228110435618,2019101300
-3.3109322561037344,0.7828172225092402,-1.6671307689374872,-3.08474234876842,-1.0532563301481153,1.5171949397784668,2019101300
-1.2704553784323767,0.052418793833748006,0.9984173376704316,0.2136086641599358,0.10169905277375,0.4308692227242929,2019101300
-0.12546707382963504,-0.32359637051466916,1.1344331382721868,0.36841543456507747,0.5089204582126341,-1.3199178234481679,2019101300
-0.31270080885902823,0.26335402376201106,1.1658722388848595,-0.8144438700445257,-0.46212288462228146,-1.4997643335925794,2019101303
-0.01794522319855261,-0.9973849817591212,-0.05602662130234134,1.5587080392839983,1.4729904397516855,-0.15265280258506328,2019101303
-0.035348653824498796,-1.8644880807452728,0.34524913334831847,-0.34919462380559024,1.288824655945189,-0.9529607487852626,2019101303
0.24964598189511883,-0.7274609823002025,-0.0398223238510421,-0.18918718109982902,0.3968776209197572,-0.8898164611669787,2019101305
-0.693453631569804,-0.5204743707226672,1.5366753129774573,0.20411680064521523,0.44352815078145347,-0.43659288221638554,2019101305
-0.8529653896820412,0.375272578890042,-0.11913604175136172,-1.1496700051980553,-0.38071976744812275,-0.9127741941243197,2019101305
-0.6370910880591834,1.3336351318595527,0.8279116616765761,1.3928502088237131,-0.028519155567373864,-0.85784880694411,2019101305
-0.12722438987599344,0.6125075165969421,0.9591654984492449,-0.038204729694328886,-0.2942679605503037,-1.6290595192775785,2019101305
0.8043862647892617,0.25017248834069755,0.4735282388889644,-0.9201549743412983,-1.198994968872459,-0.9205217384028186,2019101305
-0.371522150485085,-0.4200145492508063,-0.9940424440320103,0.4209410974586366,1.3154737872323512,-1.5208760538072321,2019101306
0.7709500642096573,0.15412649487092464,-2.2750571236348605,1.1328198638745448,0.12591437835346586,0.5419630081609983,2019101306
0.350592881245918,-1.4064490094387951,0.8703006262378905,0.26444951227240193,0.402449758790851,0.4396481066109105,2019101306
0.5872705007153844,-0.2679304192223756,-0.30230246935560534,-1.6762045187191834,-1.0424796403065049,-0.635295562676822,2019101000
0.398280451051784,-0.19387926836286828,1.4544432898440223,-0.6299211728832453,-0.5256832081758182,-1.3254584925692627,2019101000
-0.6410113147949916,0.639506574040298,-0.47823818569439414,-0.8236187465683347,-0.5768731102139797,-0.5526315128685002,2019101309
-0.3070349986733254,0.9814879571905746,-0.8107684516953425,-0.3643214833487077,-0.3205507861299697,-1.4914693132176382,2019101309
-1.7385521833607394,1.2512612622256158,1.2475594502064387,0.7409337609760912,0.19480495617469967,-0.9097134484930043,2019101309
-1.435354540391704,-0.05172239190665601,1.9087728339443104,-0.828998513613091,-0.7996683670895879,1.1123248935075762,2019101306
0.264806150481129,3.5371206942972644,0.8425981500640822,-1.2051705181323225,1.798313400281997,1.0846134046435256,2019101306
-0.6952967314633066,-1.0774526860956846,-1.1560021850894246,-1.8000739384835867,-0.07406159796947932,0.6304367425280617,2019101307
-1.0939681910108152,-1.0794966122754415,0.7702555286282622,-0.8249088646246322,0.4892872253034837,0.06571321490163104,2019101307
-1.0857392821224028,-0.9743741409419377,-0.6437118357854033,-1.237354998912539,0.9743701329617377,-1.1704142332750214,2019101303
-0.7945415202531187,1.3627303848422512,0.4560284101697796,0.6402735008937076,-0.6262162819843582,-0.05607345595122294,2019101303
0.00964272200735185,-0.5186759475466521,2.4768759590885883,0.32490620916923857,0.09900140049889027,-0.9219917279156542,2019101307
-0.9069634346295523,0.6071931054224569,1.230522438491735,-0.1209095724562125,-0.4141429223941673,-0.49547461425622696,2019101307
-1.402712009468744,0.9831159891319488,0.7335517052769794,-0.5919605806983271,-0.7972306832186533,0.02903357606406445,2019101307
-1.9681476250390968,-1.6282406718559292,0.5838576701592005,-1.1620005747604631,1.171365554114367,0.2673827293483494,2019101308
-0.3004590674199098,0.8765882103353454,-0.370336367953402,0.6634605072968988,-0.31759511501568793,-0.05408753041056382,2019101307
-0.8218139249997201,0.26299344643088807,-1.9947081858087257,-0.10112306093518533,0.5734598301166832,-0.5398285237269865,2019101308
-1.9203626687340345,1.715945172343663,-0.8776713218999009,-0.01980492944528666,-0.2092422263152609,-0.4266018110590723,2019101308
0.4583782715756928,0.019133611668041183,1.6230548482808769,0.5570104498963652,-0.23914352245930046,-0.9277507138181053,2019101308
-0.5084273329290666,1.700124166015938,0.10560281877046579,1.0255532392769402,-0.4416350343509855,-0.8335751240618984,2019101308
-2.6829795477623817,2.025512363652737,-0.23347824027985956,-1.0216401740143357,-1.2289236331010553,0.7869801428944551,2019101308
-0.8951914529919895,1.3641938611454443,-0.03697290495466346,-0.5657331446128485,-1.1908241354112725,0.04469924107353591,2019101308
-1.0879625115701022,-0.9617981123296702,0.14922115463676744,0.8439472250745734,1.5523094563750803,-0.08421818702794728,2019101309
-0.3230934577990657,-0.3799423205660823,-0.7806257118298362,1.263640490778927,1.3906043111424564,-0.7531254043377568,2019101309
-0.3325206453049831,0.02073005975152253,-1.3897263681196264,1.091047167399211,1.1052009802613147,-0.7092394972350157,2019101309
-0.36684139765957346,-1.933945429122525,1.8360089289632695,-0.32383532615089267,1.1688383818531378,-0.8727198483153458,2019101309
-0.02899480070519558,-1.7219013468226003,1.1796050002744825,-0.5661326484651155,0.5106307238431735,-0.06688895790168886,2019101309
-0.5904756855964238,-0.25796748731214736,0.28252158887824597,0.8905123529665224,1.097380218780716,-1.0367428142985147,2019101309
-0.9998252651216164,-0.029626329433032072,-0.3783431419803465,-0.1091368483113477,0.22003518607217604,0.2414189356354326,2019101309
-0.4938306271473178,0.6686564813924366,0.11974792242563367,0.5772689632537443,0.3409759171269965,-1.4553287317074448,2019101400
-0.07224778265656294,0.78517040121947,-0.526371068712551,0.04810052686202301,-0.2484888178401725,-1.1770210608315792,2019101400
-1.2646522882774747,1.163322840124535,-1.0332039561251476,-1.160943110633505,-0.8756709127046527,-0.12829010033205507,2019101400
0.009313540403467548,0.031070967644568053,-1.972256818973051,0.12102767114546631,0.6546405062064198,-1.1418852549702594,2019101303
-0.6959930352873002,-0.5876467679500508,0.584227673912406,0.49386304350494853,1.0502235712796228,-0.8666455884416399,2019101303
-0.626061646785394,0.1593891057700185,-0.10387277689267864,1.2587808455982494,1.0393152227894753,-0.9074009483574071,2019101303
-2.2033691090760055,0.19173528986776553,0.5777597504228005,-1.3420152067536406,-0.4692890009311106,0.8909076092314097,2019101306
-0.4774161573890233,-0.6208601869194881,-0.6627823512458826,-1.9335698020687264,-0.5154664714583261,0.05671217466985109,2019101309
-2.2025544181447088,1.7536123218304733,-2.0853974597610625,-0.18048256246787184,0.02028218170248423,-0.221644768755334,2019101309
1.1424786348629652,-0.4654537694597223,-0.9665737858825615,-0.49055455947438115,-0.1258467940020148,-1.2378560308425097,2019101309
0.226113181605695,-0.7821631278593426,1.2313142307199998,-0.33833680401798394,0.20709338309094738,-1.2215556625069677,2019101309
-0.0541721614191675,1.3245129388508146,0.38068451712538753,1.1017326986602438,-0.4685145870767401,-0.7045965325523796,2019101400
-0.9400030915870081,-0.9344315354646707,1.69879348449394,-0.8082473255481667,0.014420548432691927,0.2536443052889041,2019101700
-0.20471717812635098,-0.6514963491002874,1.125155934915624,-0.4171605276435718,-0.16184699360945268,0.009768657788759101,2019101700
-0.8414759476828367,0.24943791642038934,0.14178654023014894,-0.6608824661922019,-0.5045199256737204,0.19907337073400236,2019101700
0.3189893876731818,-0.4541150848045604,0.6125984006487778,-0.7450103307207286,-0.013451494505364455,-1.678342758729037,2019101700
0.13331579957210568,0.7741818837908307,1.9223024041700307,1.2300577881599477,0.7249369263486773,-0.7863293267847596,2019101700
-1.5011614063329772,0.20318416561653332,1.7379660110387776,-0.6706843573630571,-0.5989558959944821,0.5169106776999784,2019101700
-0.6969696890111019,0.03916007262360002,1.629014376706204,-0.6150924487814577,-0.5534288699574711,-0.2586254879736317,2019101700
-0.5036595786260326,1.0180400286721052,0.21029880506689771,-0.6954890658845695,-1.0607863370024528,-0.4808623809515637,2019101700
0.27566746774401224,0.6542556553997821,0.27034135874691456,-0.9591680439369847,-0.9498779154632077,-1.5546985425790698,2019101700
-2.4931902540638893,-0.09251015043499482,-1.5830146773162574,-1.93929407937163,0.07689796616194687,0.8578540771803259,2019102000
-0.9374911221771696,1.3225961718216235,-1.9980505854078228,0.3084427156675429,-0.15923720267846111,-0.021858737399325097,2019102000
-1.1583650074483538,0.6948112064166131,-1.6723395779067851,-1.00383304744962,-0.5479203688664076,0.4219703648110108,2019102000
-1.6085524299775684,0.6839600923453177,-0.8058893567990114,0.6117946104405375,0.03933795705532717,1.4380323020589019,2019101308
-0.9419018723004584,-0.30409880410514056,-0.4766704371989225,1.728577836024193,1.367295736924871,0.5277581448238844,2019101311
-1.408086946288529,-1.3569337897504647,0.1632285298612744,-0.6817919521977517,1.1305794994906238,-0.010581126357228047,2019101311
-0.48350923586804445,0.4920586406221015,-2.3673137098218455,0.27332632197012,0.3149140889972789,-0.04995606582381101,2019101311
-0.43395538153111696,0.9580719258022554,-0.5069485701089588,0.22849576753323528,-0.1799684645051641,-0.9349033499179713,2019101700
0.33557629659350463,1.3921726846839442,-1.2556775498082495,0.841083891046331,-0.5269094477543428,-0.6681552194503254,2019101700
-1.4797406422549213,0.5932091393923763,-0.6661354185517852,0.3016641330612262,0.6727924617719087,-0.7091003068331748,2019101308
-3.069218991593771,0.6512414331563412,0.6190059344904398,-0.8887420027619345,-0.15596984029000263,1.0339937332808835,2019101308
-0.6754148496886075,0.7988549536224394,-0.34422974777963194,-0.057520876205009376,-0.31904320543106873,-0.43670829428311403,2019102000
-0.43750358899216496,0.5906071518243656,-0.4360508036357169,-0.6799764833744312,-0.49189888590828684,-0.7724242169110495,2019102000
-2.8060417927462957,0.5229588282766011,-1.5306926824649607,-0.3827468207337319,0.695817542846472,0.7400249579155208,2019102002
-1.621364920002985,0.1222402361739916,-1.5203790418498557,-0.5160204710422754,0.928542283273668,-0.9209300908979495,2019102002
-1.179766693040479,-1.2588041676505015,1.1081486653859385,-0.8542319661732712,0.8297477913674278,-0.562497037521641,2019102002
0.851949504852771,-0.5513726061232616,-0.6720555614582001,-0.3907212214734273,0.01486717578856865,-1.0418167545805375,2019102002
0.23880789408427233,0.5847726765642284,0.033722690903853526,1.1063081168576328,0.1857996283280567,-1.100693374967588,2019101311
1.0098156233545177,-0.46945194816828617,0.2343732472557158,-0.7015166602666187,-0.44192516490661155,-1.2451144459385548,2019101311
0.04846212816209524,0.21199014283902193,0.7666687106184763,-1.2113206198654012,-1.1198780026273083,-0.5786757455920957,2019101311
-2.89026685713114,0.9869419924110032,-2.289091665321364,-0.7959164924488947,0.3030194854619675,0.771767562826387,2019101700
-0.7362593618379203,-2.7915120383187806,1.4484456836292152,0.33611590232443006,-0.26637320629493544,-0.41267977706282344,2019101700
-0.5528145275522848,-0.23066012189725418,-0.9860798169263367,-1.6162248558197785,-0.4690644921415793,-0.08087443471240785,2019101700
0.6560334066959697,-0.5420632218819594,-0.9170491227037079,-1.128016211433244,-0.2935609136490599,-0.9343302255893357,2019101700
-2.8600705623649763,1.1403534683618144,-0.6453498428519987,0.5627195314349777,0.7380011704492787,0.34558549064620714,2019102006
-0.05293951373938222,-0.3644212859616634,-0.9169971114485438,1.8379615160924307,0.7508902032786361,1.3826864040310505,2019102001
-0.5146011597561445,-1.1980007057529347,-0.47201890037931127,-0.6147426581582726,0.8008173798077779,-0.27678178072843157,2019102001
-1.699595489371837,0.5835265021467445,-0.9955177713804946,-0.5661740212328362,0.09534275454156484,0.013028656404279188,2019102001
-0.4889395287841578,-0.13265161653626426,-0.902182665537425,-1.0957541780062892,-0.23448015995315075,-0.2514919156709175,2019102001
-1.1090061866337062,-0.5102512309957642,-0.29756943521060963,1.2534596392339634,1.402255964746562,0.2861061989070556,2019101310
-0.4365432329659627,-1.2110855442245263,0.00038641333274860363,0.5269260873670062,1.2812056771133455,-0.190272390185257,2019101310
-2.0370398391538806,0.14158817373639368,0.3130175776269689,0.7764292829439127,0.8880326991137802,0.5502262470211574,2019101310
-0.3444993495281031,-0.9076547697436396,0.5851261413730939,0.18737600099175217,0.5588236483784782,0.07896443890317024,2019101310
-1.045065108449899,0.15248258377581206,-0.2137532542561616,0.5365901554601552,0.7946275443196108,-0.6726664953331757,2019101310
0.5383856458392043,-0.632537475849209,-0.53104948535385,-0.7849036848411827,0.13800183170203817,-1.4104856944941933,2019101310
-0.9157067638997626,0.5193172433443133,1.3772414546230143,0.1582078571512358,-0.5821907405852343,0.4419892552882483,2019101310
0.23589140135232445,-0.32397157577290425,1.932167071276742,0.014193455133693111,-0.32919981731164627,-0.675059482594692,2019102001
0.38591771376700723,-0.4772647078705394,1.7269597052294563,-0.6719419942815021,-0.7289321364146727,-0.4462163598682981,2019102001
-0.6670271905974113,0.4833643101071263,0.8239006734183161,-1.166440127165826,-0.8766589339023674,-0.6998014092910851,2019102001
0.09424764704486645,1.1750225260785239,1.9071520481642363,1.7550196573494334,1.0437877235213917,-0.6213308260448773,2019102005
-0.6492895086278893,1.315628565170442,0.6438180635471423,1.0192052740468263,-0.3628609229090117,-0.39254837356574335,2019102005
-0.35533936732608623,0.7120926051716128,0.3902030352483942,-0.8678756334686055,-1.3075282570224307,0.1914854399609381,2019102005
-1.3668148449310111,1.113830729852865,-0.26668903315266784,0.30946313530859937,-1.2752379603649893,-1.8879595467883723,2019102005
-0.5108699325597131,1.8122029646463425,-0.38261015009891436,0.1612534011225094,-0.7527591490170473,-1.2400439964314682,2019102005
-1.1572673714529527,-0.7141113767700554,-1.2908829641536963,-1.6216046381974412,0.10624213018451002,0.4366678481055141,2019102006
-1.0041443322958943,-0.7403896035430598,1.662090338770674,-0.4930539706541977,0.2632651492512326,-0.19423643141782776,2019102006
-0.29400470085044067,-0.3985607011727439,1.153758725102556,0.22735716949174467,0.1695057765834983,-0.28696155628306774,2019102006
-1.2332745607631483,0.7165582697773369,-1.2475229982814375,0.013552684591989354,-0.17746325520795178,0.7801643700556772,2019101400
0.7883548345454329,0.5525219338671464,0.5799309383564244,0.14706383958199387,-0.7383499121958795,-1.1755456514192602,2019102006
-0.05939254059902191,0.44201996555649625,0.815171612137443,-0.6195938334845544,-0.7846407626763915,-0.9022561758769033,2019102002
-0.1889812812809095,-0.7549188762411512,-0.3191321127924013,1.3277527397902924,1.565483113946616,-0.8148150138940078,2019102003
-0.1849592799313701,-1.6001790377099638,1.085002056602723,-0.7264313211135919,0.6340675079360515,-0.5833262118767868,2019102003
0.10534230464423469,0.2807822784783402,0.36142612937843216,0.7546374576671026,0.24781949628972916,-1.169770147337589,2019102003
-0.5466589069709238,0.4611886426677839,0.1638572061106045,0.11590792305867698,0.04923166895720311,-0.9248539896341743,2019102003
0.3503722284603864,0.15361080221606224,0.8213500660474835,-0.9743015821248693,-0.9881196612123969,-0.9079126712141644,2019102001
-1.0666548571414554,-0.1347392265600868,-0.7600016554857585,1.014495666653081,1.672970205626462,-1.2905215442279985,2019102002
-2.1430664959536765,0.8836459597216707,-0.22945397806626136,-1.1573357778277547,-0.5149646831238593,0.2836355113729951,2019102002
0.23168494705386045,-1.642852678275665,1.2884900984040544,0.14109157844163034,0.8387832902500385,-0.4563948820192379,2019102005
1.4642268568757502,-1.4434984792947283,-0.18481508086547466,-0.4457828130436088,-0.3765013289831462,-0.43800336429738884,2019102007
0.018815616387201087,-0.799639482730534,-0.5521107445345471,-1.7034689729142747,-0.40014148168455643,-0.3068438891938529,2019102007
-1.270765006215754,0.5485631929121038,-1.244656297537871,-0.9219722343742472,0.0865187743316705,-0.8727742325174561,2019102007
-0.6832770031860947,-1.0160536004244267,1.712282837098181,-0.6999040877701899,-0.02226022239509028,0.29897155480270204,2019102010
-0.3037758773370553,-0.10977551194218282,1.1444447129804052,0.8217867961282522,0.6881970655915668,-1.2948800339265802,2019102010
-0.18620764289640787,0.8662342388931505,1.3540012790780132,1.82589935139424,0.049459561066485365,-0.4328989963493497,2019102010
-0.9580804922005834,-0.18430094785828702,0.8347014636014748,-0.44601333279710315,-0.29339412838696494,0.6003515127630902,2019102007
-0.15360480202680837,0.0559127448916063,-1.7234318094350842,0.7357295938448378,0.7281912915353663,-0.39622868233564,2019102007
-0.2767206237308712,-1.0207743939982103,-1.0281555968655318,-1.3204923459008273,0.7035684818794112,-1.4242367504937736,2019102007
-0.3641166124181675,1.4388576465543945,0.39589319397558265,1.0286884862981935,-0.3101788211154828,-1.0150437356225248,2019102007
-0.8630740222369924,0.6757964064042119,0.13619470966710517,0.576914126956812,-0.11008133489618749,0.18774476036198534,2019102009
-0.5244253305505608,1.4690157872298235,-0.9987485836077138,0.47518408693695396,-0.16451059508636445,-1.218214916634077,2019102009
0.1250528128687892,0.6924673085135502,1.1008208768625605,1.5910112204450657,-0.8566784614929895,1.5860853325505615,2019102009
-1.027994149791349,-0.23504859855292887,-0.8791857186317801,0.7508839158773956,1.1770015469954718,-0.19843537441150425,2019102010
-0.4177274766865067,0.05702960709175453,-1.5264093557372276,0.9727090500272773,0.7816263058434499,0.06854759101671823,2019102010
-0.31019119337275586,0.06631898569338682,-0.4559913101119706,0.5812931325504513,0.6093934619728477,-0.8567933994394754,2019102010
-1.3848165572695703,1.5048662920958171,0.5945520876120178,0.6060856245424987,-0.3705891358011745,-0.29026038476377114,2019102400
-0.05215612989160171,-0.36943504771203484,-1.5345636364016373,-0.2744123316799212,0.8507234467598105,-1.5891432460101662,2019102009
-0.22720262091204999,-1.676044448180433,0.10737431975628389,-0.33567346137227005,0.9489574343111157,-0.03526217920698923,2019102005
0.7628962167956869,1.2555437597112,0.07723298153409476,1.0416893301255703,-0.5631081864004418,-1.3866836573329606,2019102011
-0.0652432012944351,-0.3777911618283933,-1.4986516200262239,-0.0975158255902478,0.7312415346373646,-1.0124408984639617,2019102100
0.01139485194366613,0.08122225298066338,-1.303607584583665,-0.785465276933795,-0.3517168311823098,-0.3958741162345237,2019102100
-0.15084936988802375,-0.5292102471779265,0.522016886322495,1.3257130868920282,0.9729163139127813,-0.3014988763792814,2019102702
-1.261276369367498,-0.6230574145110976,0.29307564001218955,-0.5827907498482652,0.22070854011510954,0.7068179546546159,2019102702
-0.7967788226467891,0.33361992636787463,-0.29666738137129095,1.1184994803955113,0.9951379650364726,-0.9946693338871667,2019102702
-1.3842635831275996,0.21748135256894527,0.596227671702315,-0.2281674753549856,-0.30566140142027526,0.8876433974448238,2019102008
-1.6969880762515237,0.9079104927338926,0.22531701812968874,0.2574865067379528,0.3017084942372244,-0.6684717655105652,2019102008
0.3423513247601154,-1.2406846369819873,0.2957648653136838,-0.9202116770171397,0.35136195795313424,-1.1452671552970297,2019102009
-0.29641051252303524,0.18511988797123105,-0.719614568107499,0.10218521839971466,0.720715140527736,-1.9426950089683266,2019102100
-0.10376328691368383,0.6680809423054521,-1.4463032574965555,0.4072940899307993,0.14591112450146038,-0.8439935928262053,2019102009
0.4509126959409586,-0.20848402170196204,-0.9758352892675579,-0.5021997062726571,-0.07990826661915193,-0.905675392533709,2019102009
-0.04067180903023579,0.24141079577726107,-1.2188223920736776,-0.4356309543594034,0.1614398472741681,-1.4861517642839985,2019102009
-0.5039523526751079,-0.18260534092940722,1.3704646852862608,0.9919029302222193,0.6994871007327438,-0.7800203716822989,2019102400
0.5193027968177948,0.8223603498328022,-0.5462023232030575,0.7358276674681612,-0.04258459099665287,-1.5908953485477826,2019102400
-1.518641647558916,-1.7175381105880687,0.5818388567596837,-0.8784507771160373,1.1401489916257093,0.30795383948402255,2019102701
-0.13972312452738492,-1.5242050774096731,0.05446711794891173,0.0375976426524006,1.1229311571053997,-0.3274671839368936,2019102701
-0.9743152896942516,0.9517240387221215,1.4740551066202205,1.629426595887774,-0.10995352058806938,0.5540566904546458,2019102703
-1.6589856236037939,1.6473557555429492,-0.13055241446081722,-1.0245480781370997,-0.9527059008927364,-0.6670805941305527,2019102703
-0.6156039041119071,-0.7659280366160562,-1.0138088348252339,-0.5848200748875055,0.5300656116083747,0.05274056503469574,2019102700
0.9677226077928761,0.4239862304833524,0.9447135839459746,-0.48439530612079046,2.546133638507751,-0.28019558482122525,2019102700
-2.3877519340155353,1.2937885434699847,-0.09993272474728049,0.0955651151429815,-0.05678568137856267,0.39955482503400747,2019102700
-0.15160635866438654,0.4388069078170057,-0.44737127419725603,-0.8894105986109943,-0.5229838002311668,-1.0923797938130708,2019102700
-0.6264275513751247,-0.5617873512323102,0.842724615228002,1.1827599091891805,1.4210440590707984,-1.1038618940801979,2019102011
1.1859870032169406,-0.317163158412459,1.1837255662120503,-0.5551315907334902,2.0389406950943894,0.049018102472475504,2019102011
-1.0032672634472732,1.1920286157920144,-1.70454176768322,0.5500509524907096,-0.03413151413220667,0.19446609393048356,2019102011
-0.6341696248003538,0.52373946905083,-1.4367830668678299,-0.6316420647341151,-0.07546973542061039,-0.7703604370798599,2019102011
-2.231410464987719,-0.21990989694714175,1.0054674845971736,-1.5527464430059286,-0.5057489577208969,1.2863761801775642,2019102011
-0.007712749809879783,-1.246048853459167,-0.2487521128246279,0.17112787422559514,1.272381696903451,-1.0760752791069923,2019102701
-2.0713200378523307,1.9728835560604359,-0.20171118881631467,-0.46324689110625644,-1.0488014359957671,0.37039307252772224,2019102701
0.31928550348391593,1.2993229040757317,-0.5594225769715617,-0.36653000059289736,-1.7360819370367409,0.4488030508872382,2019102701
-0.8955299668072492,-2.0864202920152315,0.907905855295684,-0.5705391183684337,1.316014188581157,-0.021130010392374,2019102702
-2.3089092037380907,0.34482531525085364,-1.0033065241703307,0.8937786150276797,1.1441642072665692,0.812500765284897,2019102702
-0.2647139027877469,-0.3298799672960811,-0.8636227232523415,1.3673549479161764,1.2822528660765034,-0.45934671280140943,2019102702
1.3972816119568914,0.6699880360768158,1.0418168682978806,0.21063522080338468,1.290135932187039,-0.05088232298517849,2019102702
-1.0954186386231082,0.7600351637449121,0.34001029555369405,1.0287919549005122,0.1289808114800771,0.2797653803454963,2019102705
-1.2370819669049404,1.388120674399047,-0.43789239770795885,0.8877043521799659,-0.023566654998630494,-0.13727701233387926,2019102705
0.43259515369355067,1.355987311992165,-0.0843671673621221,0.4199710412686503,-0.5190497701083547,-2.048611033681329,2019102702
-0.40832539594032463,-0.523765249233008,-0.24721116826835113,2.002999257714184,1.7344543246658684,-0.4522488750530915,2019102703
-0.6928112291895784,-1.112442367373482,0.2706954654041737,1.0353295548085575,1.7175483648316878,-0.5515580722095361,2019102009
-0.6276816749975932,-0.30290785758291594,-0.8120103898324428,1.0812797281645559,1.3555440055196013,-0.6371165216130926,2019102009
-0.12742839664542502,-1.4980312312617667,-0.4864364478816538,-1.033788306779865,0.5131189251504258,-0.09515618849775923,2019102009
-0.10686137403243441,-1.5708288755761122,-0.15103973725193648,-0.5463754592583958,0.8869988123027547,-0.41382740365876974,2019102700
-1.4216631885674285,1.6052095539093707,-0.9488842774982716,0.21689885355640517,-0.45021780981670617,0.09322155641386196,2019102100
-1.538886937253783,0.912170910560073,-0.5689956536078475,-1.2632518485308184,-0.5892404610484542,-0.3909826913789315,2019102100
-1.68073038317569,0.2710756093193995,1.780167420563302,-0.6837834562227152,-0.4149085025074599,0.12206094749627519,2019102100
0.705587261032897,-0.07604993670180554,0.9433160170091797,-1.172846765870129,-0.7884434671515027,-1.819277509683496,2019102100
0.1734506438467407,0.5883212371115202,0.3759391575154721,-1.125353036683821,-0.8251635209685794,-1.9012734056578697,2019102100
-0.06425581638632129,-0.5157041345941795,-0.9859544434558046,0.5486435849468473,1.2538360570631502,-1.4236568936344918,2019102703
-0.15568336208265532,0.3973601348951824,0.5838595545369036,-1.5363107516412395,-0.9315123630371339,-1.5086706931079168,2019102706
-0.2668194917255054,-1.6522123005756106,1.3674086811176926,-0.34394223736555846,0.8730592520998497,-0.5784209016773634,2019102707
1.3250041349445265,-0.8337545374473452,-0.4425457124109905,0.22918827902517835,-0.34213962642254314,0.5361537453247572,2019102707
-1.5947592385673557,0.0021817371932984176,0.4450076996242048,-1.7459755500087943,-0.4025578371448684,-0.27019693792585625,2019102709
-0.40816478858757016,1.3386004648741017,-0.9293257377173415,0.736494376467019,-0.5797528733023473,0.2763390762360733,2019102709
-1.5114684220368275,0.07101061458616173,1.9974462327429534,-0.7616425186373127,-0.15926083699473284,-0.6083555345140651,2019102709
-0.2511412271261675,1.0780939028463092,0.8123065838995954,1.246603262945617,-0.43098998219239376,-0.07176639007074263,2019102709
0.8743572005985318,0.06923786458723943,0.8983186922031332,-0.540849370435964,-0.7752715652497587,-1.4300920846658014,2019102709
0.36430329011710527,0.025796503865374822,-0.9705291765070267,0.08765971573649885,0.1547464677817429,-0.9891775637081311,2019102701
-0.9826904382249557,0.4666354248075707,1.820444999841017,0.8596836005499955,-0.10555526487185452,0.19482217500670954,2019102701
-1.804562127496459,0.5371184863680594,-2.000955496560294,-0.38135154214653866,0.5671500320512035,-0.0934475244605412,2019102705
-3.035612416720311,-0.37369575536308075,0.7461670737212012,-0.8545574666432286,0.556116399185781,1.1910806455918794,2019102705
-1.0628125416306011,-1.2787747018447375,0.9498602696561961,-0.8951330847042694,0.4063452795838872,0.4228576933658627,2019102705
-0.897901719911976,0.455749766181494,-0.0351175247837672,-0.6003378709676815,-0.4090995002834146,-0.18401706305970061,2019102705
-0.3055210289855602,0.8366246105274793,1.6058972392456046,2.012132679342366,0.4328901766941483,-1.0565879443550732,2019102708
0.13913140247948244,1.7275000699813128,-0.540338048792839,0.36536099896393553,-0.9319356785948159,-1.1394387227608915,2019102708
-0.9708101140482231,-1.0787636816189174,-0.48719952229781166,-0.8551811699033456,0.8406279522091795,-0.3164486299805948,2019102709
0.40560533998345466,-0.1125027854538902,0.10959928216716658,-0.6788946701366884,-0.2920426044331653,-1.3822352903240351,2019102703
2.103367747839088,3.7120718691663273,1.8138316923231466,-2.4873992892922465,3.1983836028650052,1.5919087770686728,2019102706
-2.068256951450492,0.659547494863932,-0.6326673195671765,0.38922181478622425,0.11397710911264179,1.5172401939276043,2019102709
0.5446893688858054,0.288091899596474,-0.11009724250005305,1.2246624355076499,1.2599526997614732,-0.5850467592019968,2019102706
-0.007708133310597099,-0.3626423124903386,-1.0149132394253033,-1.523643975599028,-0.42682859143266344,-0.5400720670180355,2019102706
-1.5054590546718172,-0.06937375897720192,2.2423569096810865,-0.5025423964756025,-0.15969461333991908,-0.10006053341492831,2019102706
-0.5954026433426507,1.2132282345809462,1.0575063236516775,1.5393917248770272,0.1747485363312325,-1.1135382409591115,2019102706
-0.6210070175351518,1.2551008386955906,0.8390138548862096,1.2519693618988466,-0.14240521118491759,-0.6464292858137249,2019102706
-0.06650515400590717,0.765752548539715,-1.4234982202644448,0.8518798785362035,0.20817187468922976,-0.6131966824358672,2019102707
0.4007713556537837,-0.9771033667075506,-0.30644741951986953,-1.4871253003549851,0.041887984080697584,-1.4425266410476563,2019102707
-0.9332880017754039,0.29751369171883496,-1.820407885035604,0.16946547443995627,0.8734959600198121,-0.9216306908553049,2019102711
-0.9348418991737759,-0.8516465394508458,1.6444945025258713,-0.6692338429949908,0.027724098500213883,0.28230304326890454,2019102707
0.16144919465241192,0.1427057136373496,0.4680193073809007,0.6034189281516147,0.2890690028473568,-1.3615735393230712,2019102707
-0.8980655398544514,0.36145480976192634,1.6107243228867718,0.0222710456059367,-0.25167219704825083,-0.44410295869891936,2019102707
0.3242595485711171,-0.18178265757489692,1.659254254964522,-0.1630768817081964,-0.37008594973655407,-1.078666401492434,2019102707
-2.4080051955454027,2.0350314088231642,-0.31019988601910087,-0.9511799597728561,-1.1328189417388697,0.2842637828420488,2019102707
-1.7342546777678962,-1.249311185694325,-0.04615250416238234,-1.1400280885634964,0.866469472230931,0.3584044077319082,2019102708
-1.329401994105696,-0.20421210254337982,-0.3033388918665429,-0.949772464656198,0.18032658624785436,-0.11796865555817561,2019102708
-1.256544310262515,0.7989724768437234,0.29970633385000356,0.7294797996988598,0.23911404550543303,-0.26533061160960225,2019102708
0.07263640225675944,-1.4667651227306158,-0.13834151399554803,0.05405763950322386,0.9796807301710674,-0.23967854330549912,2019102710
-0.5693482137800578,0.09923216824260556,-1.5102052996531214,0.9146313008965756,0.8564971838677067,-0.08712814096010918,2019102710
-0.48652858239966595,-1.0007457160918334,0.7538208402321217,-0.02973253813786359,0.7880050181810938,-0.5345388994989959,2019102710
0.5462961557061915,-0.7403627987439535,-0.6635447775292327,-1.2878824773161286,-0.222121965377831,-0.9478980437663553,2019102710
-1.0852513160751303,1.0881353971122434,-1.484740403064431,0.5935360691422787,0.13483054032789088,0.022274926165530933,2019102709
-1.8814493091896032,0.0007157968332136514,-1.2378952134250791,-2.7220156813098115,-1.1271015310317891,1.5327995769233205,2019102709
-0.8590961846940997,-0.1248997985599019,1.1935991015436511,0.6031141140655176,0.22308159531651445,0.3520453366374653,2019102709
-0.9886211299750428,2.152446841218542,-0.6091644931294098,0.38420867879239257,-1.061541456328241,-0.002389849951173187,2019102705
0.2573158533546777,-0.19202947550619598,0.3940106926158055,-0.42321402197951924,-0.12090746696203868,-1.2428440640991303,2019102710
-0.6150946048679479,-0.04649413991246757,0.30825817580360176,-1.101497531892383,-0.352452919118857,-0.6574519394652812,2019102711
-0.4187414015678971,0.4934177363001966,-0.44824528785248446,-0.8755156054254581,-0.7024829773178867,-0.34777665288325965,2019102711
-1.3254780794455905,0.23183358176674032,1.8687560064340536,-0.14305947680164566,-0.33477546652232293,0.23504045339492957,2019102711
-1.83755727628632,0.20411408626705838,0.5896529575884617,-0.7319691038162959,-1.6414114584830481,-0.5015264298735612,2019102711
0.23970344543241828,-1.451031407205201,-0.2840651508929162,-0.21009332687287585,1.0642636604251337,-1.0223709417566564,2019102712
-2.737594081062375,0.058978437027996544,-1.3498051718948842,-1.3349884152762557,0.5179501940350677,0.5243228722525372,2019102712
-1.3283587777666774,-0.5474767128548066,0.003576394154925255,-1.0780158578531607,-0.0401103618164881,0.7594649553757696,2019102712
0.6805321730580695,-1.0634793986048983,-0.13944591859561753,-0.8847662612082988,0.022786527130029276,-0.8324911753582303,2019102712
-0.25400705309823596,0.16109613282304805,-2.091222604767166,0.20773088253121047,0.3036428175158534,0.05873697061787119,2019102708
-1.493929633563859,-0.15277342084141127,0.7948323840958769,-0.9753677411398316,-0.5109517645043814,1.0947764491182366,2019102712
0.5714346086323915,0.08540770196882744,1.0010376913827932,-0.5663309344063999,-0.7621997411491785,-1.1665497228402713,2019102712
-1.1754485544411866,-1.6895303080184367,0.6998213621652198,-0.18529896154329367,1.4222721091077022,-0.004618479528622466,2019102800
-1.7532356015646178,-0.3518426701134744,0.3481106658376326,-0.12333665558298076,0.33354695562805364,1.2104346706661577,2019102800
-0.6298644364279036,1.7143580513605567,-0.060403302919875404,0.43816066336160286,-0.5059984653373176,-1.2888391186580066,2019102710
-0.937688517487976,-1.0113713327990568,0.06922430838184265,0.8358197098523071,1.2926365166794551,0.49881789162719903,2019102711
-0.6186664858751899,-1.072679022347329,0.12848976017985428,0.9074892307299731,1.6319807960961248,-0.6212536853219885,2019102711
-1.468459334615796,-0.5643159321790521,0.5824675477566185,-0.2731684603138158,0.8435646762517571,-0.42026068425082097,2019102711
-1.0560233491701696,1.154773413316984,0.6631315515321803,0.08332551878365715,-0.5499361453925735,-0.40241348406944627,2019102800
-0.4678873772469976,-0.3158193890029848,-0.6846169605315329,1.5014554228453367,1.52691086895767,-0.7326089192337177,2019103100
0.04485902571008831,-0.5998045424420336,-1.066647179791078,0.4233872589888336,0.9138280310041441,-0.6801889436243929,2019110300
0.023778079488895532,-0.3386763724733361,-1.4800604045475099,0.09363050998189403,0.8833176974513829,-1.3342089020573764,2019110300
-0.6756583387931975,-1.1830348784427205,1.10784724761186,0.19949323357452547,0.7421351373409059,0.34017802386004625,2019110300
-0.07057561093775654,1.3001986005358988,-0.8899603972513648,0.8609548080991546,-0.24429306364364353,-0.8168822845001333,2019110300
0.344138031476912,0.1498829812176562,-2.0055774260677977,0.7004115739736275,0.8972255038777216,-1.6010867922002607,2019110303
0.06411052675641857,-0.8943630432287202,0.8585042154536275,1.218873725925456,1.0536335380686337,-0.4337883599314945,2019110303
-0.2498536708813646,0.28575658488435124,1.2562874871144005,-0.2695045222930369,-0.5490105460531548,-0.6681276420935849,2019110300
-0.28820765254340225,-1.4836365267277407,0.3311729012822832,0.5416083236150666,1.5007659162281608,-0.5858733055267975,2019110301
0.014210753451657192,-1.1647498034450967,-0.6705424009712164,-0.320019702039255,0.6973367986510787,-0.27724754572521054,2019110301
-1.5934515382247387,-0.6825641529424157,0.10725204992999615,1.0506199240420995,1.6123062020098111,0.24411057278623816,2019110303
-0.4035115478435071,-1.5579270591323608,0.47268271642625426,0.5523198369579038,1.5059983986003427,-0.35574582105939295,2019110303
-0.40134080806505384,-0.8123588309202083,-0.12632348084794162,1.3112927429394694,1.7087335408809485,-0.9026036545254024,2019110303
-1.1703134701998412,-0.33786465748298544,-0.5849543870336599,-1.824351409387874,-0.18802784661203875,-0.2516955765970718,2019110303
-1.4622781754733098,1.2780608064721144,-1.7590309720714998,0.025266748775332984,0.032347404357550465,-0.2355252761834604,2019110303
-1.0526986451918148,0.45715133719582013,1.4290319116177927,-0.25889116652166827,-0.4097355104187975,-0.31995182309829384,2019110305
-0.29396600434427106,1.1044313410694202,0.6775070166369807,0.9725952535659342,-0.5594571982792097,-0.058867997816656255,2019110305
-2.115914287649686,1.1338576827103382,-1.6263879318914585,-0.6870479039038949,-0.28997933524726194,0.6735964495564948,2019110308
-0.9088031791873374,1.0552744048755738,-1.6365612820701827,0.23161554174066565,0.1141214248771575,-0.5480936902717316,2019110308
-2.5156913550275957,0.6522701839222872,0.8589805171688503,0.243944757201824,0.27256318128863993,0.6778209273065563,2019110308
0.1195898867333888,-0.5781590868206107,1.192727664641747,0.13252644288373436,0.26083052557843933,-0.9045477032160517,2019110303
-1.5298671237671364,-0.765364676562281,-0.8725460000976709,-1.0780209874750533,0.22634530665573283,1.3077638230061435,2019103100
0.24528318271558397,-0.4232548018265608,-1.1674566323045728,0.9312790590877952,1.0425973752703683,-0.8408556499399216,2019103100
-0.6379635839417083,-0.25495893260612973,-1.2226276993073535,0.13262468258310917,1.127814376578074,-1.2854721748600675,2019103100
0.950631425973709,0.8516251861076412,0.254402340489076,-0.745468238429507,-0.7869907248824611,-1.1015286157483462,2019110301
-3.1546464678958657,0.4564298288246611,-0.044516983219013456,-0.19203800621616846,0.3682453307526627,1.6111005097125568,2019103100
-0.3753482810852086,-0.7869082004525082,-0.16088787873153407,-1.2486918921111636,-0.04278586771537834,-0.25071999918279403,2019103100
-1.384682127997533,-0.7275102567958701,1.425320171145902,-1.2305263787624807,-0.27069156619798784,0.7347868436080893,2019103100
-1.0590208450649634,1.0705799041983124,-0.5731144922085378,-0.24367494357613778,-0.34290264178496466,-0.5165077577842194,2019103100
0.417266141958745,0.7740181662120164,0.6054506790684003,0.4252286412787197,-0.564537513156071,-1.1457517225195475,2019103100
-0.9047219910711758,1.0097222206872545,-0.6126152257190446,-0.2402554695715967,-0.5144715556012776,-0.1476039829099875,2019110303
-0.8539969383968018,0.557749508160527,-0.9785629958403593,0.2845546322774395,0.36126424634935833,-0.5687464246955307,2019110304
0.4775551653346398,0.14305926983091538,-0.3956088721341724,-0.9930268981767751,-0.5486749084273889,-1.5042068198773046,2019110304
0.4957224773860067,-0.19283745404777297,0.5526106763444419,0.31034623923691645,-0.013644388624453762,-0.8701740748695607,2019110301
-1.4252891430684143,0.8338071515618362,-0.3253938725230366,-0.7602144800424963,-0.44148254433758793,-0.17760547766022824,2019110301
-1.2813712132831612,0.9607148243285344,1.6245549909273203,1.4404628794261627,0.21128674706429051,-0.21331385815732867,2019110301
-0.5749749734319923,-1.7179561790584774,0.3900944608906635,-0.21208808718219718,1.1232223733558617,0.10978944727955028,2019110302
-0.0075353401209700445,0.17111566919540702,-1.700748137781656,1.1514539260333576,1.0534161067468562,-1.0648063839684307,2019110302
-0.3008505755429713,-0.19579463907313358,0.0571267211906941,1.1541516520000323,0.7052239450745312,-0.05343144013860669,2019110302
-0.5944819852347694,-0.6424533731813253,0.06962095067582154,-0.6347066031606723,0.38578788048703283,-0.5583052487811112,2019110302
0.03714774192823444,-0.69907341739167,1.12873062458487,-0.44073514568422495,0.03013066314797656,-0.7607804384705232,2019110302
-1.5389581378073016,1.0841261071084356,-0.5140960208269344,-0.6759178486288568,-0.3125111496931193,-0.611683561229364,2019110302
1.247915042886067,1.5098763504766768,0.7404080466886676,-0.3813433638269148,0.3078352038196285,-0.64661394825024,2019110302
-0.4050589501536067,-0.8796058881567025,-0.7332288726690536,-0.20654635946989114,0.9360780531881833,-0.6610113103662205,2019110308
-0.24786502226330925,-0.46992466884692025,-1.1351314044437362,0.3369286930282853,0.8834772655360671,-0.536425583803238,2019110308
-1.8906091105966134,1.4334649818531093,0.7957054787558958,0.6183096659600942,-0.7158313999021543,1.3428623326626783,2019110304
-0.9525375293014109,0.824140862554137,1.1739191814364343,0.24707469319222664,-0.16918279133359213,-0.9165051347499776,2019110304
0.8569882285848852,2.651037952033593,0.03885043781256405,0.0890687291795704,0.8640604792554795,-1.7459096115177166,2019110304
-1.244549399689645,-1.122475787926882,0.2274298198042098,0.3985259605851988,1.4071771626801808,0.12924469083003362,2019110305
-1.2539295648267939,0.06760833431316537,-1.3985791156177085,0.21127963932358462,0.8767149274656495,-0.20530228212361948,2019110305
0.8478744178475803,-1.3526000906432605,0.7901945132496141,1.022282030823087,0.25340142497337215,1.1661309509117312,2019110305
-1.9068408461115178,-0.18054019844093092,0.15990015772802468,-0.42896753764858514,0.4969556358768088,0.3323316338092794,2019110305
-1.2410985009540028,0.6858248371209968,-1.0190450811189298,0.1162662809970703,0.37223338965137553,-0.5296711470757706,2019110305
-1.8333241296019318,0.1424197514353298,-0.9439071104663148,-1.782921418448392,-0.44899891603895725,0.6577076643595682,2019110305
-1.6540740349801812,0.1427635926525776,-1.0564194070022872,-1.8604962538797012,-0.4963763775780461,0.4776635687840862,2019110305
0.5977776925183724,-0.5402656193378365,-0.7714468513850222,-0.8927267014740291,-0.11517977887940603,-1.0510124391613072,2019110305
0.5311599227829099,0.12822901912774995,-1.2748406982877007,-0.1152300216662002,-0.020273139447349448,-1.101718573720055,2019110305
-0.26297851021538227,-0.08410215699620818,0.13634503442508772,-1.1228619825646808,-0.5752837642322243,-0.44174204395355016,2019110305
-0.5553278309628547,0.22445778968050498,-0.23016131885913305,-1.60220589087726,-0.4771248313199253,-1.3820717718942266,2019110305
-0.0258315627457501,-0.059755634008412856,1.5163666871257018,-0.56478737857609,-0.43691543565416896,-1.1629871694110883,2019110301
-2.013684456418327,0.5702967599677288,0.9717664179143998,-2.1085403542606658,-0.9415767383645932,-0.27618391278242904,2019110301
-2.791933277867481,2.351891438679924,-0.12355760913935072,0.18188928220647194,-0.9384290754141058,1.2449530152167188,2019110303
-0.7226694419418718,1.2143548117574121,0.5034128943704337,0.2575001901623861,-0.5621828990963409,-0.6113511525855048,2019110303
-1.4677409724367725,2.3282977881042752,-0.715252003471741,-0.011241667224925376,-0.9692805081002521,-0.429668437414588,2019110303
-1.6177278802900876,-1.219509949785293,-0.18647478903171524,-1.4235383046498298,0.9760093618264164,-0.4761799013781919,2019110304
-1.6038809829877887,-0.00629132445731032,0.02380379345742006,0.33578318948818026,0.3643406537004715,1.0931336163517356,2019110304
-0.01782231880477673,-0.2958434770961908,2.1165741860255864,0.12893468035261943,-0.0595848550890606,-1.000213599685943,2019110308
1.6188040460502884,-0.20871588763073579,1.1435269296743114,0.5676512564647455,-1.19091794422223,0.6112846627115628,2019110308
0.9961909333582689,0.3907063226921509,0.5820430624029291,0.20585822246157587,-1.168243753093601,0.03337190279050394,2019110308
1.7001370396484314,0.39980842627609997,0.7922032275733276,-1.6734162447378051,-0.7370467573055983,-0.21828300995312772,2019110308
-0.5530546613211572,-1.20749033913628,0.29159095597011947,0.9975051072854363,1.6379679466526529,-0.4236368173291996,2019110309
-0.540642639091895,-1.7053493620922564,0.3109856557568144,-0.3908519576435611,1.142121779928286,-0.22683464115626864,2019110309
-1.0516656632635129,-0.20392322452447856,1.3676951524307144,0.36664632522566815,0.47721992446054895,-0.3133499124236434,2019110310
-1.6059637277415284,0.42215502265640825,0.27591827234411015,-0.8174859916553898,-0.2582414575876265,-0.0035072024874397826,2019110310
-0.8938699594862961,-1.5816883280568539,-0.0924036393312715,-1.3546508846048226,0.7723284129121668,-0.20842501946184594,2019110311
-1.2324422381335207,0.7411755383512324,-2.450978556393004,-0.05357075573550133,0.3243738959306037,0.0541404447451807,2019110311
-0.0953429731641816,-0.34039753081348045,0.45461092521112345,1.732415851960935,1.1679625262905187,-0.6187455755551472,2019110311
-1.7244145633034795,-0.13939536708715822,-1.400557519125402,-0.9060668266566094,0.5250850624973599,0.1325465662955635,2019110310
-1.8832702778909096,0.23566457488241008,0.04461807222170885,0.7504360516308871,0.5935311797622422,1.0143875845554382,2019110310
-0.0490687225590163,0.1289923251343322,-0.2141900650747706,1.718195260844629,0.87090578613548,-0.4943090198134633,2019110310
-0.4877188377840238,0.1419267141269049,1.9633064413686587,0.6233139692816144,0.01454051101000482,-0.5886214085822855,2019110306
-0.7883558223851409,0.5160617102685915,0.569617553856117,-1.6018975398167958,-1.3372948343197921,0.08997981033122543,2019110306
0.02495729319452875,1.1713861717141816,0.004069677359725319,-0.15243607696005504,-0.9575672965075178,-0.8791254937631515,2019110306
-0.6634128958557228,-0.3756165698311668,0.2750325666091656,0.558485170469514,0.8314180003491539,-0.5035552895747148,2019110311
0.12299838746450562,-0.4670346260531154,-0.2808894536513842,0.22394111966785177,0.01009463401068751,0.4978530170285089,2019110311
-0.037334012079042224,0.695574369492111,-1.4483080434302247,0.5341025255216636,0.21376773119413195,-0.9784795088516866,2019110311
-0.34960840629968837,0.853462433532799,0.045587551764030086,-1.370077526072957,-1.3724146302261673,-0.4661515620060841,2019110311
-1.7744184730104986,0.4667148099563838,-0.47471856676802215,0.05094651473890811,0.6553727159794789,-0.47602520475466453,2019111000
0.5951263273032882,-0.26734315533576875,-0.3824674727290319,-0.5604131054138705,0.6656926839287342,-1.4306766947028933,2019111000
-0.0956726080084749,0.5778478540781838,-0.5327433461690378,-0.24009873598675197,-0.8608799892324553,0.41031254700866704,2019111000
0.36204968216087513,-0.3870288467574737,0.2358883216156114,-1.3899604346216372,-0.2928064288766664,-1.8844819804552884,2019111000
0.8585542443642779,-0.2819657549331133,-0.19832708305977886,-1.3395485555814477,-0.7048467476367718,-1.4169345294231714,2019111000
-1.5917113785421346,1.4285796075131925,0.652490366831818,0.6322442407037224,-0.8170072498820465,1.2934522746180623,2019111000
-1.5133159956836162,1.4037561307579922,0.8602509170032602,0.6417584807106415,-0.0885660961203457,-0.7284757669685805,2019111000
0.26844081611273246,0.2735327358987779,1.158656323343366,-0.004478498474874409,-0.47239860569326386,-1.1237082308651736,2019111000
-0.7438095670647265,-1.115395958881153,-0.00770158724345706,0.39922359987879547,1.3428434072825466,-0.28749155035799745,2019111001
-0.3918917263891221,0.7351620224568864,0.7764069224843103,-0.01770678266155281,-0.8300677109122384,-0.0010769470111289315,2019110309
-1.0646135896822166,0.6722986398505433,-2.393475159371297,0.20263011356679841,0.20564665199250393,0.5983321758167696,2019110309
-1.3265446881403702,-0.09517582748674094,-1.821595159195445,-1.4399708525238806,0.3925034063554276,-0.7126034532755948,2019110309
-0.18233877383821834,-0.12400939728680171,1.3104508346707462,1.4091793720435897,0.7525604965778989,-0.839616039330472,2019110309
-1.4842635734526342,0.5450374899373157,0.7180171715948503,0.634983322284973,0.41248351194090027,-0.26199898821662176,2019110309
-1.1791316879478673,0.004297550496368134,-1.2492807890510944,0.4518559876590314,0.9841096539690121,-0.1931589799317443,2019110400
0.06987363780256664,0.17410600245662325,0.535330029224768,0.8059348348020978,0.3037205655290954,-1.075937100662685,2019110400
-1.6746981716266607,1.881469916149284,0.046161172018090564,0.13334467007715994,-0.6287307761640902,-0.34721068136780925,2019110400
-0.19182933280865078,-0.43604603713954837,-0.9736385936603543,0.7730441634147589,1.2014560834490295,-0.9489298456391527,2019111000
-1.512525574284919,-0.09771884854950352,0.6188849756773719,1.2392941999503853,1.223813400611644,-0.06721072909052825,2019111000
0.28068340835304534,-1.5441956172435791,1.211590329089933,0.3425755966043934,0.8357238908888854,-0.3749399724967852,2019111000
-1.214606404502359,-0.5071876340443634,0.6115479506719929,0.13816308539581867,1.1102815628676652,-0.9859588254492362,2019111000
-1.229637521050251,-0.6251919161819478,0.086381254536703,-0.8939651490155652,-0.12999617665520333,1.224914559575435,2019111000
-0.530616292302374,0.27923459524875527,-1.846840120674115,0.35452907730998845,1.092010314699819,-1.7219776209386741,2019111002
-0.19397539762875857,-1.9718972874235137,1.7766080841207277,-0.26762494139188153,0.9933849982788595,-0.4769658572281329,2019111002
-0.5010079938341124,-0.49331090057221477,1.2999740021942139,0.1015806223886005,0.1193601319337184,0.051705888880347044,2019111004
-2.292244633416581,0.8137697222421175,0.27496304688722506,-0.3511136888040253,-0.12896969043354103,0.5344286517657376,2019111004
-1.8391341202708522,1.0576693363412197,1.185496410621186,0.35749035920899747,-0.5649528378768234,1.027142640037147,2019111004
0.8543861382173622,0.07002728026464584,-0.2505164391426089,0.6196987136767714,0.9615575543928147,-0.6287925120606042,2019111001
-0.14991512989866876,0.7291486746215775,0.20586670596159484,-1.2992434810792617,-1.1159418943166277,-1.1419633507069527,2019111001
-0.31893404383125507,-0.13199066996636266,0.38759153929313234,0.7262964318022136,-1.7549594502572001,-1.3195005447370274,2019111004
-2.5207450557028523,0.6980478654746779,-1.71601229214034,-0.034259641385900534,0.8185293343437017,0.29462607382311573,2019111005
-2.296418937695295,0.42198783706351417,-0.34727262872995773,-0.13495256401509456,0.35398681779234176,0.7685815135770235,2019111005
-0.7078562759374447,0.5009972359159653,-1.0107789569678443,0.11294496456399775,0.40975975020551325,-1.016623256477889,2019111005
-0.05480480472325276,0.7243030027320944,0.1852440807560427,1.5703909917636447,0.37030871807917154,-0.8455281009785954,2019111002
-0.8153045128283349,0.4141338554128715,1.7450322499550963,0.6862065684648632,-0.1576422665657215,-0.012976397665263031,2019111002
-0.2758886037306958,0.3543007534630365,1.541599037529446,0.6103612608148709,-0.25164252145955296,-0.4055752052908423,2019111002
-1.2207377041529737,0.6127270354334695,1.2129406297127798,-0.45383080685056726,-0.5506108039638565,-0.19399216573064887,2019111002
-0.8232108815306158,-0.10462216490196313,-0.7183059136213712,1.5480654433262286,1.7235071443278682,-1.066289294982805,2019111003
-0.5627663184525696,-1.3821396609604943,0.9424401042286438,-0.5922240373496096,0.3501717577538105,0.5153207141604783,2019111007
-1.9718590778952338,1.65353546833926,0.2685803283435217,-0.3110447059244945,-0.7561521078160982,0.07043372562810533,2019111003
-1.0665273283834364,-0.3409621442550973,0.16854865534004854,-0.056256333787949926,0.6795438879133798,-0.45519866323490726,2019111004
-0.9613195550777905,-0.7667270417661707,1.7968899060332888,-0.2190459612745148,0.39173236533804867,-0.20713482367191402,2019111008
-3.300356074924797,0.6575944530041746,0.6731267928836286,-0.8967316813938271,-0.26843748108086346,1.5895062648757419,2019111008
-1.19662951733895,0.16041742378001497,0.7859007454346644,-0.004905594209616109,0.15280141598612024,-0.21372021616734455,2019111005
-1.3145985871774093,0.27460825438470826,-0.356110459262192,-2.39419873752133,-0.9605742836564374,-0.2673440010311932,2019111005
0.31223106262991634,-0.500006941005404,2.1529638151294423,0.07264503501661065,-0.24370265078854927,-0.6924791792663268,2019111005
-1.2963706630108396,2.050992838663469,-0.2309533672021952,0.49745637039184437,-0.7321409551083232,-0.2605611365805009,2019111005
0.6809768182349292,0.4038025195650598,0.7398277190930509,-0.15813463571801845,-0.6269390677687733,-1.5507792524780601,2019111005
-2.0976333770402746,2.323181926563671,-0.5059257988237652,-0.34468312276441065,-0.8158860082607152,-0.5329864937356938,2019111005
-0.06606386416476491,1.2279748518835387,-0.36981836008074065,-0.778204349299196,-1.4874078162318307,-0.21183605879574552,2019111005
-2.5440762681186166,1.0991433040993068,-0.9348631161751102,0.22423578548364403,0.37810909933635156,0.573289517528515,2019111006
0.4146726726124654,-0.8295427142548092,-0.021627509299114035,-0.2173320037678334,0.3048187230700129,-0.7359492509571706,2019111006
-0.7073335296930479,-0.2298296736591159,-0.28418717935201077,-0.5136174127116317,0.5766287312676447,-1.3244861163685173,2019111006
0.2857216885075412,-0.3717811625659154,-0.537420090304618,-0.14243077022602274,0.1432434703333753,-0.6456009034209191,2019111006
-1.6010702026176362,-0.5155828749241216,0.7116876394163177,0.15122260269738422,0.8479108422738153,0.20290410372889386,2019111003
-0.5473339561444952,-0.04502649440455096,0.21916392227271292,-1.0955526357806469,-0.56609640988961,-0.15134946591503887,2019111006
-0.22027102734458098,0.4135932738845636,-0.2891536639295579,-0.5318828576882663,-0.560782613376015,-0.4191316169414331,2019111006
1.5300334960649038,4.0346597087730975,1.7330151233133821,-1.838165147001494,3.4066659371177823,1.2766522998042742,2019111006
-1.0206202649705862,0.8678082963271072,1.6785404562759791,1.560353106430947,0.26271000211582063,-0.38211891242444507,2019111009
-0.1544295846228254,0.9493561340337027,1.3607944112667452,2.040797723155501,0.23508669313466635,-0.8056546497181969,2019111009
-0.2163508006087728,1.1077218317038187,1.0169961834414123,1.6845860977037814,-0.012428658729409308,-0.7243489110170428,2019111009
0.6474095257609807,1.806938899606636,1.0396981228064357,1.0202900682453768,0.8882860384777979,-0.9421090304728108,2019111009
-0.5182545050316016,0.7600345880578783,0.15319013646625695,-1.6630709544106579,-1.3155568424242108,-0.6782405090594026,2019111009
-1.9400149323410105,0.5102117095636288,-0.20259687980365496,0.7203067125644399,0.8256215371004815,0.05640332498255029,2019111010
-0.5405108264231733,0.2349767495168303,-0.5669764334427162,0.6100960129539599,0.5587952773181301,-0.6333836518628874,2019111010
-0.7217487838339905,-0.6413267960048592,-0.4844724786054223,-1.9165981378753136,-0.3511435549405405,-0.05611816040750493,2019111004
0.888953409606685,-1.1333137364352541,-0.2767680382973698,-1.2801184496541482,-0.018995077904157363,-1.3778180973495315,2019111005
0.5729195680529613,-0.16413307469921937,-1.1001456690935123,-0.5560225055148473,-0.09373475890407804,-1.1367071378846236,2019111007
-1.0901247827399596,0.35218373165213224,0.9968918369709235,1.0379031257890527,0.722552585912999,-0.7950334371947492,2019111007
-0.29069634596783217,-1.0194800555418162,-0.7722379659852706,-0.5930543989445938,0.7989464249761572,-0.7361324887797314,2019111008
-1.2629792657574737,-0.7526115002747278,0.1923493279208678,-1.4789391116585298,0.2921195684674319,-0.46505986881423655,2019111008
-0.5846418707703526,0.46746244542584126,-1.284784064287198,-0.40074534125378514,0.04440347075346183,-0.7841630902174559,2019111008
-0.3783848275137709,0.22795270430133982,-1.3207929924358348,-0.8990953530880036,-0.24404965208823642,-0.570026881512168,2019111008
-0.37511773434250056,1.025155390963545,-0.3061471768557977,0.9489569298900131,0.11134200731944317,-0.9570830908921052,2019111008
0.8561695488976694,2.0903780626145054,0.16546723412799852,1.085315623600016,-1.2146542186945477,-1.509298355656649,2019111100
-0.4756638197345067,1.9528468044415255,0.3566250066500222,-0.464135910842523,-1.3886872926662275,-1.2941488577428988,2019111100
-1.5079784649024561,-1.0109141375652482,0.1967410318819517,0.333294008706575,1.4524519434207066,0.0848217021997453,2019111400
-1.258491192530676,-1.4835553573840592,0.4618251829945026,-0.2006392555268583,1.345368952497349,0.013705478026522175,2019111009
-1.890970874021638,0.08570718164120181,-0.853530584875274,0.9011688119374444,1.1869230501928894,0.5556761403501834,2019111009
-0.13605014765763002,0.036609066860303935,-1.5859315661584519,1.000057978369404,0.8691369872928918,-0.43507302991919766,2019111009
-0.408562843197051,-0.30967520945238425,-0.004169642852165337,0.5712104385769562,0.4870025623147778,0.0643898692774507,2019111009
-0.4900944215590445,0.16904927331908906,-0.6349830453669318,0.2904512955677295,0.4638086282730103,-0.7585882191683211,2019111009
-0.6923168672668435,0.5440005864117993,-1.379457793421002,-0.24441739151053216,-0.293361070082049,0.35800256356658755,2019111009
-0.5511269867108642,0.31776451841645237,-1.1987868876971126,-0.6163017707505504,0.0014334211897428066,-0.7886843946350046,2019111009
0.12186525968769546,-0.5380038794693842,-0.671932267259001,-1.3134226172999406,0.0033157390917516573,-1.360320546387366,2019111009
0.9543087298570802,-0.8293485809317246,-0.8874526257885837,-1.399204228530514,-0.6633058414167294,-0.2538401518008727,2019111009
-1.5931209962444794,0.8795838444232982,0.10294063877535944,0.3934818942966281,-0.24117592966876183,0.8935853129231432,2019111009
-1.1355932642628328,-0.2463806948264833,2.2156496386944724,-0.5079084954288319,-0.4482793843473953,0.4746023623280541,2019111007
-1.1925986077144648,0.5539418692573584,-0.8605279816976688,0.37163167441539957,0.17063460220614574,0.45878037224413726,2019111700
1.8165673993558962,0.36399408084958673,-0.3877250518652621,-1.464892508135392,1.2855680562948695,-0.6916915913594028,2019111700
-0.5523620040841175,-0.08588831477702716,-0.2640322126861314,0.8899346715418792,-2.321721996340719,-1.8552592167211892,2019111700
-0.630897561102202,-0.3976977594328204,-0.7883875994593103,-1.9001967170378662,-0.2820281015058701,-0.6442943842226511,2019111703
0.3337737375545571,0.24939170463538454,-0.4570004754445359,-0.9667494398804615,-0.5571985161276664,-1.417995770976727,2019111703
-0.1068896933818907,0.017119406104272202,1.4827850721486984,-0.3325745396247518,-0.6023563944890206,-0.42223590697589236,2019111703
-1.4449079740530562,-0.9053841355307614,-0.8610735322724304,-1.6376908042960483,0.4098606016661962,0.17578377882565713,2019111701
-1.5894598297449791,-0.17194470277945953,-1.774267432990988,-1.6628589029170338,0.0944086334963858,0.21566473168811096,2019111701
0.3807662725649552,0.0389433266728699,0.7977277731563417,-1.5648776378829057,-0.867751432739827,-1.877652322272679,2019111701
-0.6522428407160362,1.1868710995470713,-0.24569820267499776,-1.3881792363255587,-1.4204059555246695,-0.4394544215387755,2019111701
-0.08795904807684556,-0.4412724798109158,-1.5818528813347874,-0.5008576926679895,0.5769922888123172,-1.0022552888604046,2019111702
-2.0252995107624723,0.1425736285342164,0.2133127710807367,0.5333275125012713,0.8227125495648577,0.400884246153272,2019111702
-1.974359927852557,0.3162247408403645,-1.949440074913619,-0.9888802676427044,0.23250613653015728,0.519621222979268,2019111705
-1.3069677583866586,0.1179232117244653,-0.3238258826603718,0.10216463129690587,0.35170260594507785,0.32129625342706836,2019111705
0.09569111688202858,-0.5547161077021012,-0.600108234508174,-0.9596296051205939,-0.23564808515314012,-0.20691585129495702,2019111705
-0.6929053467642822,-0.10077330621162002,-1.2281684522717686,-1.8561431464197211,-0.719116301149404,0.284259220882113,2019111705
0.37355811791408977,-0.9513264279661522,1.8140654260211386,0.1786457297315394,0.5172985317982033,-0.521024033748719,2019111705
0.9272763894007936,-0.3879588929116085,0.4734536485322478,-1.336126894997044,-0.0584802900246909,-1.4448798718015845,2019111705
-0.9760573793639925,-0.8519060056826652,0.6603486688388034,-0.3029446531916684,0.6640860184945802,-0.1718870965188017,2019111702
-0.4619753186073927,0.9846320885036408,-1.6152834180432987,0.5698236145112521,0.1796028981805558,-0.7207506230334633,2019111702
-2.4554041110278804,1.3107844127789143,-0.09911546908824934,0.2415553822956135,-0.23941466003890202,1.138497565702184,2019111700
-1.0793518536347686,1.4078851411818474,-0.23078901497836524,-1.3590611011832106,-1.0982702152630308,-1.0651049670571906,2019111010
-0.7894823958105712,-0.7701856815564395,-0.7970076353740249,-0.4294929858764207,0.8503491606981441,-0.4087079898490558,2019111100
0.00012748807857396503,-0.0404295653275857,-1.9584539497494,-0.02953280063451711,0.5532329302595855,-0.9564116891693454,2019111100
-0.469450580481101,-0.6413001571035747,0.7799272042910944,1.1315211080675611,1.1527771094624295,-0.5217300763085612,2019111100
0.7377256138497366,-0.49732595832573806,-1.6087907846334357,0.2308747857348481,0.661996188706708,-1.1835202394948765,2019111400
0.10925769929759754,-0.09113353217816184,-1.888264428316635,0.03227967723956562,0.6795270633353724,-1.2808924754132893,2019111400
-1.5834508941813583,-1.2827345744217935,1.291981255633117,-0.8277580952732075,0.7560636022029118,0.17215532876518938,2019111400
-1.4918012782158725,-0.652114361362288,-0.19386715564236986,0.4481230483050397,1.4842023600557153,-0.33840134584289966,2019111702
-0.12685301012082525,-2.0050429884743615,0.35766022241127277,-0.7340127170570684,1.026746907271593,-0.446623440274444,2019111702
0.4384075575491444,-0.14795906811290815,-0.5935196083202977,0.6304474721330088,0.2703014278526632,-0.4678349995336097,2019111400
-2.31146221864104,0.29368731956787864,-1.5091594909533894,-2.764046845899998,-1.434172451596046,2.432021113200777,2019111400
-0.5840506319236021,-0.2873359499378372,1.0619778230234969,0.08624032840503586,0.04245697532336521,0.07002984643549183,2019111400
-0.17440266043790034,0.11937167222460401,1.697089845471948,0.3394884984564411,-0.2486535243108661,-0.5741454245973822,2019111400
-0.23980407448207872,0.16748418927659484,1.6925765345649881,0.18821139292757724,0.00496186261576424,-1.441913681029405,2019111400
-1.271820270069595,0.4867128741948748,-0.26113746602416543,-1.7285414842214593,-2.218057832996315,-0.4087922657281531,2019111400
-1.952081207652415,1.1693887661483355,-0.2243012937079575,-2.418862072478101,-2.201356836290353,1.893029851442965,2019111702
-0.9027491433771243,-0.7497609721202655,-0.3335783633592462,0.755109627399745,1.1138028419048638,0.5002424076123437,2019111703
-1.5238335646433174,-1.4148489930490955,0.17182219809761737,-1.1007583402423464,1.2024522241070388,-0.5324439456333845,2019111703
-2.009620892135535,0.2708333758414526,0.058121452291797264,0.7020379273553023,0.6559235781157895,0.884657807908082,2019111703
0.36547916992604,-0.8081045345526564,0.04756663289973997,-0.1704859891250993,0.5145777440828003,-1.2152015082944323,2019111703
-0.15721169948088307,-0.9401760899677847,-0.08311409576218451,-1.4640709034594626,0.1397727087324947,-1.0767780496350579,2019111703
0.04649761419560342,-0.5332779279999486,-0.53091409230932,-0.9127835904778597,-0.02588906414035275,-0.6861681086322184,2019111703
-1.5003583751609781,0.13467791529341333,-0.8505689009790007,1.2386602509591504,1.6074274863697524,-0.6702226146444851,2019111704
-0.615361840355898,-0.09661153542785167,-2.0230114868420945,-0.8478031055749008,0.07830708562335066,0.07210503279311022,2019111704
-1.00648869462615,-0.9276572415046814,0.71734832682089,-0.45163776059996136,0.6632609480977677,-0.2264917898282734,2019111704
-0.48823375493941706,-0.011910593016727592,-0.4931737410693981,0.19900046140616778,0.3052411363448109,-0.2132573922526464,2019111704
-1.2152990853742611,0.5238569922721139,-0.7928469852381941,0.15535861116975408,0.4826875155158913,-0.598982754406348,2019111704
-0.25343024122505536,0.9666577064874091,-1.6900002778488707,0.5134753931618672,0.20785098285006987,-1.0889810670603883,2019111704
0.3472309061099745,-0.8992456446828399,0.13777763124322248,-0.1326029655886019,0.3817922818928324,-0.6671578987282281,2019111100
0.5503090018309564,0.22001591204323154,-0.9483371450478885,0.8933115614042624,0.44553399738894595,-1.213730312053179,2019111100
-1.2603122340691486,1.3418859656718845,-1.7883420072989087,0.35103378042176553,0.13921918864350907,-0.42575498136249934,2019111100
-1.009437691405447,-0.16145425505128752,2.1944406315091163,-0.21118033834775007,-0.30397216104930824,0.20653479116060142,2019111100
-0.08858878928562229,0.3320756685969423,1.5100789664823098,0.5558804038371764,-0.12281193124001703,-1.0138839084281528,2019111100
-1.2821217983191011,-0.26850556827220257,-0.631847231040024,-1.8315056121357962,-0.21762394389576944,-0.1404428332505326,2019111701
0.5417752177885167,-0.8822716780226664,0.688648719770646,-0.9063221447272841,-0.35821596958208823,-1.485527355081754,2019111701
-2.626480644992587,1.3397316012924485,0.1569943128327391,0.6812281632770022,0.054200542962512234,1.0673735316802133,2019111704
-1.2984735361324724,-1.2104941687025952,-0.152881075209381,-0.8609296534113317,0.9891108615156942,-0.17410978614458456,2019111705
-0.37287958114763575,-0.3766966902777699,2.035691227270102,-0.6601193318739471,-0.34641751272583177,-0.7153957577697885,2019111705
-0.2818906387802981,-0.5610630060913062,-1.622431878386581,-0.9905995496929036,0.1800263971501901,-0.17234145498915177,2019111708
-2.6096243671805355,-0.6553828150560748,0.9769352385050937,-0.8240732912798492,0.7750832938707256,0.5059914130953375,2019111708
-0.11832009136046955,-1.8304683266592576,0.052353321396688086,-0.9518689176911161,0.9351921879795012,-0.7139359213796853,2019111706
-1.2785898885556524,-1.0759266497695537,0.7784789222489978,-0.8250862827730985,0.26375859929189155,0.8872499609363462,2019111706
-1.6946754321396285,1.1384844114503279,-1.6727202788620044,-0.4491933902793926,-0.07534945032522071,-0.09990026431389303,2019111706
-0.0770659146640833,-0.3272168181852741,0.5602474466181809,-0.5729200234202488,-0.4301327068775733,-0.0316522231255677,2019111100
-1.3429266674253744,-0.932873393512697,-0.4551616847452068,-0.5525476982686204,0.6929683576296859,0.7155994713766222,2019111707
-1.1433814100428263,-0.14768016976723763,-1.319496436795038,-0.24803661835132612,0.91108181085747,-0.7364425451954496,2019111707
-2.654172877211706,0.755560095152991,-0.23245438460103468,0.6443236657848865,0.7873405083619976,0.5758660508592844,2019111707
-1.0123886617050677,0.37268006135349124,-1.2479455255194019,-0.8438186017844316,-0.36833202590746994,0.38803523235125054,2019111707
0.6222522806957221,-0.1003148575899698,-0.9558522936281473,-0.07679574922902058,0.23283806892162845,-1.5483071388370286,2019111707
-1.69594393133752,1.7061352969004289,-1.0998738733791449,-0.1557727687461378,-0.5544827347464494,0.08673865448362164,2019111707
1.397394418582696,0.3330949957880018,-0.17811764052292314,-0.6280583910781445,-0.08509081532116064,-1.1166822269513645,2019111707
-0.14894311411316885,0.5578392608585134,0.5676816247639761,-0.8401528743742631,-1.0596495310256353,-0.4852306096234402,2019111707
-0.5799904172674297,0.6515790099838761,0.6380773247033158,-1.2228469245285871,-0.6360449688638505,-1.743996717764551,2019111707
-0.8969538823112261,1.2458072908892353,-0.6353112523326013,0.4314337377573803,-0.3211367299704767,-0.126418071883015,2019111704
-0.010044955607242534,0.3681507072640315,-0.07888458878482552,-0.24428307656161935,-0.01810023984827293,-1.7077773181215345,2019111704
4.399206086192366,5.744739151825664,2.355965236603007,-3.841459588026754,6.167997493617089,1.4602019129120931,2019111704
0.06773825276862416,0.378737197207855,0.6699396154343649,-1.273672313339898,-0.6656205468180383,-2.1289735276158037,2019111704
0.07759600679633186,-1.8397777109005597,0.2973468826421959,-0.21457392773129952,1.2436202774171294,-0.821422450370887,2019111705
-0.43679091463340586,-1.3148054558527746,-0.12482410645961223,-0.15108184682592254,1.141146297705944,-0.5444653461140093,2019111708
-0.2385229790849439,0.5805350372635151,-1.0648877165157022,0.9157561333857266,0.36988793185080004,-0.529314410403944,2019111708
-0.24173131729098182,-0.38736517019716704,0.36161636654624774,1.2260175854814481,0.9794076430269624,-0.5250616997015416,2019111800
-1.9587291174233776,1.2867137042608712,1.3337041186863852,1.1923189160324854,-0.16439544837698422,0.8529042106202251,2019111706
-0.9370166809041256,1.26291456196082,0.9776448704412829,1.403384304018084,-0.2488152992067836,0.19381542355800974,2019111706
-0.2527138789419989,-1.1968377746988659,-0.5128285297431392,-0.36738593782711965,0.7774401590475176,-0.20279579323463323,2019111710
-2.030942973537752,1.0041344590999086,-0.978195297978076,0.3502483267486304,0.44141748962872074,0.08905019077692591,2019111710
-0.04927273719340829,-0.19037545939760755,-1.1819026415042246,-1.331181524555878,-0.5600665936275689,-0.10728615503865817,2019111710
-0.1644774016459315,-0.2218445955962691,0.8815417988706848,0.1672156433856026,0.20895473052197155,-0.8510003465357622,2019111710
-0.36046470035625167,-0.04058001480660453,0.69144787040609,0.01725465332774722,0.177255952439678,-0.9642146873949929,2019111710
-1.9933283410887863,0.41311399899135137,-0.04065659049485918,-1.8508510809607843,-0.8536338528278038,0.7493238554576105,2019111710
-0.8550145512024896,1.252220510878104,-0.7663439788852427,-0.15391405563780058,-0.05938902939519501,-1.643297071624224,2019111710
-0.09564457771441189,0.7926244468325053,1.444090911842813,1.8349209185138529,0.1796381639002379,-0.7842299988062743,2019111710
0.6409298205660335,1.4247117297128935,-0.31767191205099965,0.4248840488926658,-0.7504042229219995,-1.7466900892690203,2019111710
0.46581483694323145,0.14207381503309255,-0.2959040655879401,-0.7499251277341337,-0.48335475887846624,-1.3548648190094192,2019112100
-0.5880498883019326,0.07515490550998416,1.5406160132556634,-0.4920187419339744,-0.686737274364843,0.08704511422165828,2019111710
-0.28893519925117983,0.5594635563511139,1.0582957804938111,0.11662968642944975,-0.5722469623884824,-0.4199110350316117,2019111710
0.48168899373100427,0.32132223800508286,0.7458420768940589,-0.5385599424906116,-0.8305088878467879,-1.1473215044016167,2019111710
-1.627561802295684,0.8485135126402309,0.27032644178106635,0.42031060149362415,0.13619713318990634,-0.014835812859456796,2019111708
-1.1836090299903528,1.2241352754135642,0.03872723523948853,-1.2892399502219516,-1.1501976488722134,-0.47512022147502486,2019111708
0.2791993775074608,-0.15316542609756914,1.6806675120359362,0.04725128542571307,-0.46849537227554666,-0.527005748392191,2019112100
-0.026230468156425473,0.7229312313807924,0.852380169406049,0.40077896579600386,-0.5337547270125995,-0.6780278315560835,2019112100
-1.0327922961769727,-0.4306328359915667,-0.4078460721336852,-1.3778396803974031,-0.2375504712432503,0.41498793912942156,2019112401
0.09524889060094069,-0.36725686219711884,0.45620745273986907,-1.0983227033130374,-0.14267337877652664,-1.6329337500003347,2019112401
0.89225215602411,0.4199042511521157,-0.42991275961749964,0.3662120316098739,-0.3749644819646606,-1.0753584505318206,2019112401
-0.8463150531503464,0.12151784112567765,-0.21944149911043806,-2.119119258095834,-0.736072778419902,-0.870074063121773,2019112401
-2.4956872083787127,0.2859050393906729,1.8648008719243856,-1.4470802312980986,-0.4204023864352821,0.08828933346632303,2019112401
0.07436027781582308,-0.07824022220289438,1.7255695975744785,0.024472561710937993,-0.27196949911781493,-0.9478014339253655,2019112401
-1.371495393945728,0.29407275160541785,0.49000476831545386,-0.4957379157356265,-0.04950955734989584,-0.26395277588056604,2019111800
-0.7039728371596885,0.7235240032216496,1.680531214743801,1.5902860328936443,0.09578022624181963,-0.07257597023780973,2019111800
-0.4041930007575013,0.13309535139097328,1.8150034940359556,0.3977040841775165,-0.17631910343035845,-0.445993239680843,2019111800
-0.5698137810187601,-1.6351711830446525,0.33579547892259454,-0.07307460462902116,1.1365259234233838,0.13844818525955072,2019111710
-1.1804388836519286,-0.9310436062956947,-0.20018267510265936,3.8525118096522214e-05,1.2339393444104914,-0.23461361960064106,2019111710
-0.29165058730900484,0.38769996734611195,1.1149698230111567,-0.5679812016107191,-0.356005768520669,-1.6574834222970025,2019111800
0.6853271068539719,0.9001755965212815,0.35294171312783645,0.6000613703929527,-0.7194413493643004,-0.9774124332492099,2019111800
-0.284321505814481,-1.4090934701818216,1.3474133305181535,0.3180673451083016,1.0788725574013598,-0.5831809459798619,2019112400
-2.6507769726798323,-0.11401717751653521,0.478546342703665,-0.2852270194224003,0.6508118319804386,0.8790285816808693,2019112403
0.21334785098594544,-0.02477882846867337,-0.026100922543845283,1.9949646864933488,0.970461170910445,-0.5155805949797134,2019112403
-1.619785367673135,0.3710182825224901,-0.29302615549904315,0.3321087268665131,0.8134360293500257,-0.6001763403552901,2019112403
-0.7056297047280867,1.0412138265824775,-1.8155670447909913,0.0975150668115052,-0.13053657800400925,-0.27483148383942335,2019112403
0.8790495696501543,-0.35389211909808843,-0.9972625738048196,-0.555786511353005,-0.08057201326148877,-1.282279019472798,2019112403
-1.7200325564660763,0.3136714291142501,1.055335783850861,0.5173928664174711,0.40964492661774277,0.16959724273818735,2019112403
-0.8443369415724599,0.3984845148728851,0.7940977566294242,1.239071889212976,0.3467592616354893,0.1354817654227065,2019112403
-3.593953901383304,0.6594373037703262,-0.21370139365181492,-0.5365648058507068,0.3560393036726637,1.4507503975725087,2019112400
-1.4400608967505464,1.1110020955589128,-1.4404128420275542,0.48248999110864105,-0.011942737901478791,0.6612857240104378,2019112400
0.5026758438165128,-0.2670408385811675,-0.9800491110209549,-0.7556391593059197,0.009907146007096869,-1.4582403065174618,2019112400
-0.3020632297358994,0.6187716043786816,0.26164011103054313,0.9640129968902893,0.4912702909816119,-1.5257794348821085,2019112400
-0.3922749086495845,-1.0508011272713138,0.6632134409618535,-0.2869067199145071,0.676655419707299,-0.6069472952619774,2019111711
-0.019080130351542473,0.2211188900623385,-0.4041058699644853,1.4372104668654904,0.9383710987765251,-1.1916946302475528,2019111711
0.10796685268928277,-1.1031774107223162,1.8527307368052395,0.05865709782964369,0.44011674035796866,-0.7907145216143697,2019111711
0.5083449101251232,-0.7773952767407096,0.7305932610144423,-1.1392720546654815,-0.2498880178656621,-1.3435232871358638,2019111711
-0.045095077578976905,1.2064660406071301,-0.734073188382077,0.8093732039808711,0.0028309941688058173,-1.461087717609896,2019111711
-0.05701188708430956,0.929805477632696,-0.8144785344091185,-0.2128669596713778,-0.34863754704500816,-1.4452378028203303,2019111711
-1.018818785117581,-0.11285954728920307,2.2005378736175,-0.11341077732223653,-0.19868011534450827,-0.005788990853293415,2019111711
-0.2718637438190344,0.34301629042136544,1.5820951502738638,0.6219082500416783,-0.1635384955802406,-0.6197075090717565,2019111711
-1.6130004591234064,0.6580173683801143,1.226757526402278,-0.7611326406841125,-0.5529452107293614,-0.18357562609088895,2019111711
0.044969916316967666,1.073400136049753,0.7806651472737761,1.1632609495510382,-0.039195326949137514,-1.5794497052311818,2019111711
-2.104847078444712,0.32111428438500467,-1.402317901395987,0.20913669923195935,0.6846463491662108,0.9743610575493676,2019111800
-0.5852194684725219,1.2935418297971935,0.7354208420513214,1.2913459190548184,-0.3349762123722174,-0.1653685067094441,2019112404
-1.1475700898969632,-0.23069066314513414,0.2858492981310837,0.3630253089954846,0.9804050882133212,-0.782396137053754,2019112407
0.08701900173939595,-0.36228017078125274,-0.670839976251867,-0.977002648324047,0.3277858861188953,-1.996387631545541,2019112407
0.7086359068871072,-0.2812930244176245,-1.2706285490400224,-0.7924627460968724,-0.7277213620972183,0.27329515703067,2019112407
-0.3169024960472527,0.8098388714149858,0.06746582523656515,1.3842955004058923,0.134083401356273,-0.24936270003316005,2019112407
-0.1763691043915289,-0.3183826825635451,0.13103892166455666,-1.712721404573837,-0.8099384986331191,-0.35823987277912794,2019112407
-2.091349441871906,1.1771668153979855,-0.8488656982178319,-1.6811381152662468,-0.8158446470835523,-0.012719713494121735,2019112407
-0.7374966730273094,-0.9051450628145542,-0.005913406155974668,0.8527723795904364,1.7476486406730714,-1.0839905068711246,2019112402
0.12969112986568654,-0.8147841628638653,-0.6319420635419137,0.934610718712798,1.1088930070416327,-0.3738829441142955,2019112402
-0.9954539894685256,-0.0654534010394883,0.5200662816316991,1.777118926512044,1.1856529690038673,0.08166550678057838,2019112402
-2.3619200143884447,-0.5431265401694246,0.5476174468181175,-1.1979146386604858,0.5059021079933264,0.3228505290874513,2019112402
-1.9551326049909765,0.9830331785244832,-0.9862973260201291,0.3792872013139812,0.4039820506165923,0.16688805676533958,2019112402
-0.1452171429356122,-0.25957789862370656,-0.5553013882371359,-0.37318965711597873,0.17057556306406751,-0.6593217973436112,2019112402
0.8592996590600754,2.1217810379575894,0.5402314298802536,-1.5479900127272779,0.8190820177605183,-1.3750637761341598,2019111800
-0.597513410525493,-0.36427297438642603,-1.1451028253749285,0.36489609754782354,0.7500075373742193,0.1312439520216691,2019112100
-0.028310497094039797,-0.7877770955920235,-1.048464464084481,-0.3995790538690071,0.9741085922999736,-1.5691431110833882,2019112100
0.03405762664448394,-1.0495170794782713,1.4834267957337783,-0.732460691372363,0.1178621586354142,-0.9142597379740826,2019112402
0.3999284445858404,1.2825158694243655,0.12884531495399335,0.7556141103739495,-0.4898170469573439,-1.5644534661446439,2019112402
1.0997327097375684,3.79948310675631,0.43352436189877236,-0.8064368445924993,2.2499045064515313,-0.941112025332877,2019112402
-0.033016802054734985,-0.8766411853537872,-0.22452916912064178,1.488051412438769,1.4420463298537383,-0.2983777599189099,2019112403
-0.6805011321850046,-1.0528720802282976,-0.11932584265835378,0.15101240920838846,1.574038292011507,-1.3871958130244444,2019112403
-0.589811035018585,-1.503788706382946,-0.28991773322341813,-1.2017028273080177,0.6844561129997966,-0.22917633952646144,2019112403
-0.49730108756842767,0.7051293357841913,-0.36194694960311746,-0.26256220496268706,-0.29162019115836724,-0.8595434316195105,2019112403
-0.05080747833205887,0.6693258633350945,-0.5618622303557192,-0.2020968703151645,-0.5557709450418284,-0.5391454539063847,2019112403
0.8445477974561476,0.10480269707607906,-0.40672509280965313,-0.6954046891983469,-0.5338620219911747,-1.5405693148465358,2019112403
-0.5034830975121082,1.293715136848716,0.39040895764017164,0.5698528682103207,-0.6439976462397163,-0.3473702948732439,2019112400
-1.5248142603190153,2.0720871771483735,-0.049246928467368875,0.6218772204658877,-0.4750044725564472,-0.5597692983422805,2019112400
-1.2233716493816027,-1.2043527620377918,1.1050777147563138,-0.4257633714220258,0.519867961068711,0.8068484831187019,2019112401
-1.0706960226156768,0.49283034433311246,1.1586155214335323,-0.952897452433666,-0.4840409639320903,-1.0330977792582974,2019112401
-0.584245176537247,0.0038432071953935316,2.2435040300639013,0.6255551644055208,0.2754910611073803,-1.0017950963411335,2019112403
-1.0451377422169588,0.8030354127739882,0.7619100918008271,-0.9358379738607148,-0.5575825930018817,-1.2439970452870477,2019112403
-1.7625952764413138,0.13495738716490258,-1.181834674162697,0.5264919886728373,0.8348703208083599,0.8167950445906167,2019112404
-1.9033392292178488,0.3679183316934867,-1.7154273412990622,-0.08184297434113633,0.39185621656160907,1.10008978488081,2019112404
-1.0191730734812008,0.2567648918948592,-1.5784973732650525,0.540407568961182,1.0243836783042979,-0.7025930768749671,2019112404
-0.325096541291772,-0.9503324540104541,1.295454848114551,-0.14960143424267205,1.2207044916728944,0.3794009911550714,2019112404
-0.7273805140128066,-0.7398752281600869,1.7820776301098795,0.07328940932768167,0.47753166004055414,-0.37232283440499153,2019112404
-0.7613306460655738,1.143580267351262,-0.5666348766392157,0.23012713774308355,-0.09254870459773154,-1.0294097274401828,2019112402
0.47498309506408326,-0.69649036124735,2.3927079119531003,-0.25867391766922804,-0.310375542641464,-0.039463422646397094,2019112402
-0.955365587342295,0.2686457202950769,-0.5737555381656009,0.2384562791391374,0.47224131443127837,-0.43568502465519426,2019112405
-0.6804596763295229,-0.9494523259732313,1.902473677335999,-0.2284895919677895,0.4173735906513474,-0.37865266058955965,2019112405
-0.4496651702046718,-0.20738620157850743,2.167816244829878,0.26164843049712727,-0.2836950662739696,0.16541615681324537,2019112405
-1.3634079061912208,0.6330064532862768,1.7268514628690157,0.557610029079306,0.03348980046535225,-0.34190063403622506,2019112405
0.4455745216465333,0.6830382504577911,0.5524686618549716,1.3066753751951676,-0.6814972273890255,-1.2768008140094036,2019112405
-1.4060190817487683,0.14347830186430027,1.427352997263662,-1.478399980006261,-0.9251653496874684,0.3331003677691592,2019112407
-1.375404384858668,-1.5312489853337492,1.452681264562927,-0.8302249413670263,0.5857722987883491,0.7109214945357196,2019112410
-1.8543602646319255,1.5120272904852279,0.4900729622765701,-0.1354643153058295,-0.59031985492962,-0.10741784239848226,2019112407
-0.30277732944323926,1.2116108811788662,0.39328775722906917,0.4291494394339203,-0.532355075845668,-0.9574875197775737,2019112407
-0.3794424115632522,-0.9111822569132959,0.12198376218455631,1.67784205098181,1.8011133305698526,-0.5806864801106894,2019112409
-0.42696709786658843,-1.3797754927208488,0.001994798339632219,0.18082649353599572,0.9692140097569114,0.41984873964344677,2019112409
-0.3258344708292408,0.4359916658021805,-0.6026454772935712,-1.1988950515550698,-0.9986346374630498,0.0071752980320777685,2019112411
-0.8072716388743539,0.2971837346826285,-2.055104409885178,-0.059879139407522784,0.48147133447940527,-0.29884600373309134,2019112409
-0.12791942467146147,-0.8105106024414991,1.6297510834439901,0.2580377574588739,0.3233120898042045,-0.3236094713933573,2019112409
-0.8894409302801243,-0.33920978993300266,1.346581384512863,0.05415581058735982,0.4118293726991601,-0.5498072230756162,2019112409
-0.2981440167011496,0.04622122208979436,0.6424977627943596,-0.21510381955433716,-1.1093990740978987,-2.0374625164504194,2019112408
-0.6707299556983899,-1.3416572694588587,-0.11001183053620282,-0.44341721742811896,1.0553470030034386,-0.37927733538093195,2019112405
-1.275050986930336,0.11521758727742698,-1.2927770669630925,0.5521509707917395,1.047327122719372,-0.26828406326962884,2019112405
-1.3648724403235437,0.9785847466726314,-0.08647142707473424,0.5173910770280816,-0.29161279056900385,0.7949961268701141,2019112409
0.45270265878066274,-0.046404775090423726,0.41010548196655994,0.2846682626627307,0.06458801694036452,-1.2550730304302833,2019112409
0.1324489159280373,1.0541555904215203,-0.4614738886892672,1.2455472503807208,0.10844393171276577,-1.1976271149992699,2019112409
-1.7122910526516086,1.6475532374388648,-1.3870688441491774,-0.8799686598462964,-1.0469582176711003,0.5890749136785265,2019112409
-0.5753585097200535,-0.901872872671994,-0.12300979906095122,0.9405470610219931,1.4926852411322244,-0.4731999511194877,2019112410
-1.058079199923034,-1.3173018521266373,-0.275704435607134,-1.2897135029014168,0.9262567668980545,-0.6943950136899242,2019112410
-0.9804784367351643,-0.20591838801155402,-1.7192037041010422,-1.049807344882794,0.3712288663937302,-0.41415038157602646,2019112410
-2.883344163973656,0.046624144203074314,-0.1129461223811934,-1.3690540099788198,0.08238991100802494,1.0937668047026963,2019112410
-0.38366424284929057,-0.4722888370865654,-0.19468609855472413,-0.43612183785732,0.26443501353296617,-0.44095360928620675,2019112410
-0.7421737379285234,0.3507029435480298,-1.9700197282216279,0.18779283566247001,0.8308280386355015,-1.073920309334296,2019112800
-0.9481667504219156,0.6172298745486884,0.8830967708928087,1.84234566482063,0.7701005274657183,-0.4022309686430156,2019112800
-0.7114598316298606,0.057701020335353986,0.6176836593040792,-0.020983206505682563,-0.14101583739353815,0.13081519510823308,2019112800
-0.7399207123846401,-1.1888366130949992,-0.6665309004833615,-1.525199425464382,0.813036213592639,-1.2261541175042057,2019112408
-0.45936933083566045,-0.0035572517861665364,0.04842571484151582,1.3875152215741804,0.9953884546631661,-0.606000259046733,2019112408
0.1878890826252423,-0.30371641181152664,-0.8402305651912432,-0.8770229199301788,0.01826942995289869,-1.2224524217884223,2019112408
0.11536387074945753,-0.05226670988373759,-1.1791190811828312,-0.8626662816128884,-0.23872624817404484,-0.7490136404584677,2019112408
-0.9480024337058446,0.8826087473672483,0.4264867573779409,1.510721551442,0.6390076883629354,-0.8161726679656133,2019112408
0.2245779436934488,-0.09354572152563294,0.6621228077128338,0.4997630470277415,0.18505456754430716,-0.9793873664128778,2019112408
-1.5017860778020624,1.4914403852927751,0.6019582255737225,0.4599179392414006,-0.4134887831524272,-0.20766637939723234,2019112800
0.03390782824983262,1.1494630284161376,0.5017764544318554,0.9170825081005198,-0.4483375701025656,-0.8713582300919002,2019112800
-0.757909130135409,-1.165961576238883,0.18561078374062356,0.7876575797385648,1.3681916606755915,0.22351623339166848,2019112411
-2.3430311275683335,0.24551969854767244,-0.7656098341531762,1.011281256515643,1.384867338177304,0.478973465281482,2019112411
-0.9475854647954489,-0.4669323833317985,-0.27116308451608384,-1.259501563025469,0.08602420317461458,-0.36279914912231254,2019112411
-0.459861503019845,-0.6401638649507905,-0.5252821079692503,-1.6692414175441606,-0.3745207757008007,0.0178678270862935,2019112411
-0.319525264716121,0.9043254353779141,-1.4668023471357157,0.6644096956940667,0.4696266033442579,-1.4475500615097647,2019112411
-0.9334820631895121,0.30750976970370375,0.7129012812545302,0.7089215865443699,0.12465340911777036,0.2801532910517449,2019112411
-0.5564561837644648,0.2276835230932023,-1.5538229431438022,0.9860648276123992,1.1826787176417868,-1.0616278363211225,2019112802
-0.9455580546990183,-0.5189431765008841,0.8717361613018482,0.9591552250471466,1.4779722490852214,-1.228835531349429,2019112802
-1.271961800221571,-0.6758281651139341,-0.015367060581698653,1.1288923987670054,1.5953499081512656,0.007418427173688771,2019112500
-1.186899796707817,-0.23178751970561248,-1.226584762437538,-0.21983321966994568,0.7907748283382114,-0.2143448909587168,2019112500
-0.7212244616300558,0.922379034483922,0.1106766414608481,1.2294215027240212,0.3337390760876242,-0.6644979853046997,2019112500
0.5269697464223303,0.3100396719724981,1.5516959636408485,0.7385755655105013,-0.04883034358586838,-0.8369691306082241,2019112500
-0.6402152833498207,0.3636059684996153,0.8926984146903844,-1.3388852707632384,-0.9110349735533427,-0.703418452825124,2019112500
0.4863208934134201,0.559041318675982,0.46264432303123687,-0.42895916525500233,-0.9401379433144913,-1.0234052037615675,2019112500
3.0198849518639777,6.310658147565011,0.8610374058826525,-2.807284629436277,4.929192486024391,1.1962124512790884,2019112500
-0.42706902309127653,-0.8223461826196883,-0.40742120950959015,0.6848664128648241,1.3215501036610977,-0.6125911773443923,2019112800
0.09731947095682691,-0.8059994446688882,-0.4326271922349628,-1.5420195696429877,-0.06797279735394783,-1.0837267165620772,2019112410
-1.3844493700772553,0.7654857074614253,-1.5842407036098072,-1.0247444067927043,-0.2508119901586541,-0.23890357983254934,2019112410
-2.9429395779026635,0.788027828745661,0.6604021872012644,-0.25300987858438834,0.05836707271178499,0.9430226400778073,2019112410
-0.8099526143367123,-0.5181368413843066,-0.6681696758080706,-2.0709519144120545,-0.44135026161841573,-0.06645294083236053,2019120101
-0.8408008985092653,0.7556530534927242,0.08647982406804058,0.550578092647122,0.11080815317309274,-0.5744311529851329,2019120101
-0.019264937328066094,0.6590240822054488,-0.043559451871206176,0.9317596147266879,0.037678337484470394,-0.7186602778030668,2019120101
-0.4777806366301731,-0.029463313044861317,-0.15905930249983283,-2.003621817569935,-0.7431574519639536,-0.9359995569545142,2019120101
0.0047584591860045135,-0.9441998991346497,-0.6095455260819196,0.36508385888821987,1.0793581557112133,-0.710272197589538,2019112801
-0.3261135861660025,-1.6621720119934849,1.9185891155975412,-0.5457978997006754,1.5336859783420425,-0.8836294998039986,2019112801
-0.46059223301336405,0.04093204470942205,0.04723818456687751,1.6603139243176772,0.8806160826954984,-0.0015434344040379856,2019112801
0.13627681233028202,-0.3206908791618605,-1.1750408938411572,1.2084705483101768,0.9863329318982822,-0.33927838573160174,2019120102
-1.0856023483158423,0.22927146470820023,-1.5764925873313833,0.4135991333703179,0.9565270716116264,-0.5681071608494859,2019120102
-2.168152740401063,-0.6887148867075942,1.044806457384779,-0.3765486682569416,1.0339608387582362,-0.09312160546120381,2019120102
-1.8198869545333716,-0.13184961652223157,0.7440392349555257,-1.4948651064789766,-0.5154592542809153,0.7936105947681389,2019120102
-0.5862227057027866,1.6792414407140634,-1.2799415515368666,0.4579764285816987,-0.34199625724673954,-0.9598126999685466,2019120102
-0.415020500130032,-0.8389074944504074,2.6567113324285567,-0.4824165882664658,-0.35752921612257316,0.19108059692603174,2019120102
-1.9282769657381291,-0.1516946176666974,2.2505682044564908,-1.297541304813905,-0.23288378020593728,-0.3213451650490165,2019120102
0.1663785577203518,-0.12601584012815797,1.791175022638239,0.2516345564478868,-0.35326130404378625,-0.48144756884219053,2019120102
0.02467568213115558,1.4300401679995043,-0.09961857474266708,0.49615915191530696,-0.9404405226353416,-0.4296749751743504,2019120102
-0.9793187118778321,0.5584250906088499,1.5694370807945013,0.5028139173627717,-0.21041353423146825,-0.10114904407853235,2019120100
1.0265078106432635,1.1814727287156328,0.5466465557389111,0.3487362636012687,-0.1355799493275118,-1.1505132479680797,2019120100
-2.5894162708694664,0.09694140662422887,-1.0601016761515618,-0.3327069830563688,0.8246668967257595,0.7552689534641738,2019120101
-2.548783652265254,-1.1131696093273271,1.209746670493962,-1.3697309628885561,0.3543676510564634,1.4705442387377432,2019120101
-0.23609347242713613,-0.6833294112029032,0.4187112637958385,0.46810580635376514,0.768884797570674,-0.5480561324955335,2019120101
-1.6492907609435763,0.47603530549292983,-0.4894094771127489,0.3721433417579892,0.47820794565826374,0.25816139653538683,2019120101
-1.6015524729796837,0.42876295165539546,-0.5341194116105639,0.1071568994979192,0.47991933240520024,-0.08027121366745164,2019120101
-1.1559401251547892,0.3387111803081358,1.0553098989068759,-1.8105047329719293,-0.6880724802741975,-1.2796550353745497,2019120104
-1.3856933959317528,2.062799746062564,0.1535596074784793,-1.7173043348671788,-0.47366059104239744,0.4460808994998621,2019120104
2.058885480682816,-0.2591011430322048,-0.8422350687644177,1.2802314729457656,-0.08439270527267935,0.41571946833040774,2019120106
-1.301495512841468,1.0171371395368896,1.4220744272052308,1.3827279332921252,-0.22923338233227114,0.8573476607472432,2019120106
-0.18503738099890715,0.5979297900350753,1.2376839166755582,0.6267626816523179,-0.18252706802488253,-0.9937514291059883,2019120106
0.605191556447889,0.605026276147643,0.07783221595601736,-1.0448703945905602,-1.2569283166979217,-1.1517065594994054,2019120106
0.02613971948988295,0.913377958214157,0.524472481045412,0.2453933007715431,-0.6416723957333663,-0.8925441411188727,2019112801
-1.695937959398487,-1.4615077487742107,0.43445007685923476,-0.6366168893229582,1.1745954334891509,0.3986861928021488,2019112802
-1.6221786823592965,-0.2981473813107532,-0.48932800919629466,-1.962568997615172,-0.19678318027925826,0.06939909614903567,2019120103
-0.2672054547742989,-0.6996991945372982,-0.6033955338691883,-1.833038824774176,-0.43908625706537713,-0.16398479025620774,2019120103
-0.12970845893618038,0.16889956542492582,-1.3882958653204296,-0.8138460937636417,-0.4569384746746434,-0.09643502443654133,2019120103
-0.04886678852271814,-0.22608558346981367,0.17362270465001958,-1.3497879831397874,-0.48082921366366366,-1.0536677906248997,2019120103
0.29865241502930384,1.2596622345268456,-1.0572894422608745,0.6742408405639906,-0.25953797075525264,-1.3920070403155211,2019120103
-1.1627887077984846,0.6894609531675114,1.6337476374707882,0.8171717963727707,-0.044440476920057585,-0.10476999253694502,2019120103
-0.9851964093201174,-0.13399479673237616,-0.342756741069674,-0.46815812285355013,0.3176195382143562,-0.3648464107742821,2019120104
0.2172213365434178,-0.13161592367979755,-0.8358124935517878,-0.11652714268192488,-0.025648181914255833,-0.3862944258718792,2019120104
-1.3969917796266584,0.6355919496852704,-1.1685476575716023,-0.6313663915533676,0.2189408623889184,-0.825407531200436,2019120104
-0.5172001042678618,0.537165375853872,-1.4441892048295346,-0.4854743794330167,-0.03257008806935773,-0.8529544424463986,2019120104
-1.271851406388287,0.8262925969788597,0.6427134323274839,1.577781286134222,0.6159920860656036,-0.21781473947128366,2019120104
0.566116794141329,0.21619760729016035,0.860802079397655,1.1266221810584516,0.6369178231841561,-0.537980640916528,2019120104
0.5102503510225527,3.3036521909726178,0.17185138863478885,-1.3240898665682674,0.9992305265630876,0.6219403641940262,2019112802
-0.5600733292033149,-1.5384822587224154,-0.11920614958538993,-0.7507983118386619,0.6934414169641667,0.3346276157656567,2019120100
0.5147555446893354,-1.0375747336651293,-0.9133794351341508,-0.07099202994016152,0.8397026649050785,-1.0917811347280504,2019120100
-0.35498369714707234,1.115459110765069,-0.9246464020808329,-0.0380738121152371,-0.5818647103600649,-0.4828853145755659,2019120100
-1.6347684683050672,1.3845935751053329,0.5433625375448806,-0.13270289903679253,-0.619231686241471,-0.11579102531064617,2019120101
1.2366047231819162,3.170047601896019,0.41776158440835925,-0.9227030283769246,1.2476383770164583,0.6219078348708771,2019120101
-0.8550494091734048,0.47310500431371194,0.8872844663350273,1.4577049897176177,0.733551404803714,-0.7174304061669119,2019112802
-1.6515717518093167,1.0014766877016594,0.24083728297877754,0.8771014370613401,0.14390482675252625,0.379105751536363,2019112802
-0.6775278280490196,-0.45957862818617506,0.31746267982520804,0.7598503464971869,0.39046409460740594,1.0754012304289935,2019120103
0.35748301895790546,0.5797689583711354,-1.5480268774423045,0.44774211713258383,0.049374412463879865,-0.952764483558418,2019120107
-0.01562518966400368,-0.8307098145136013,-0.38472494152884024,-1.6766402657172788,-0.02276841882588818,-1.2152650149764528,2019120110
-0.8553409220589149,-0.8491934391451064,1.4556954424487503,-0.9063907173258962,-0.2512395418194617,0.6390635159512617,2019120107
0.31336832370647244,0.7355519325280548,0.42606254288665346,-0.0849043539441485,-0.9542574075196709,-0.5719113284451705,2019120107
-0.32954328564304314,-1.7938388222828192,0.15036685862866098,-0.840862421215571,1.0036421391020431,-0.5589335202501651,2019120108
-0.9174362573702604,-0.3036110676234521,-1.6210828287562342,-0.7531980299368024,0.07764158331122238,0.815283657737777,2019120108
-1.4664882741628849,0.7568449635779252,1.3823573449633344,0.08426959289183897,-0.2943606377621044,-0.10016302398011853,2019120104
-1.0755137228218072,0.35084862300733893,-0.5761039749217084,-2.1499186881980537,-1.327773598021203,0.6640754624697723,2019112802
0.7629079533858236,-1.1256317957589004,0.6919442034248041,-0.28955923822967256,0.7920243443240241,-0.5080520835749103,2019120107
-1.8187864599758485,-0.7067965012817581,-0.23814220794209212,-0.04690564709610607,1.1582228766598792,0.36268697226450664,2019120106
-1.3811907455145809,-0.49686167807032466,-0.8182593730897305,-0.12962093051073265,0.7316013974305015,0.631713294420325,2019120106
-0.2647599965815303,0.02219770525943913,-1.478820621650515,1.096992063510947,0.8915574894905617,-0.20313702368477338,2019120106
-0.42922155662401296,0.6383616963719939,-0.3807303161225586,-0.1659433745599839,-0.6419336138770536,0.22145286770991685,2019120108
-0.8376768538295849,0.7437228076657548,-0.28973861477083573,-0.48429952473303034,-0.13410949559392252,-1.2245953279991273,2019120108
-0.6778062343876321,-0.1778244262616251,-0.272063480597288,-0.0014516682688749474,0.3260114977488558,-0.09053077263716541,2019120108
0.3423513247601154,-1.2406846369819873,0.2957648653136838,-0.9202116770171397,0.35136195795313424,-1.1452671552970297,2019120108
-0.2662500771399387,1.0084189878864345,0.6771814011722396,0.4366774729340586,-0.34239093401458376,-1.2418356917725755,2019120108
0.9074999309324969,0.956494144608917,0.6860120523031553,0.486815865373363,-0.23090647915582427,-1.1160902638725274,2019120108
-1.2872898912463515,1.6748630669106495,-0.4797660217800331,-1.2046590918250237,-1.3242513812795607,-0.3588259186093022,2019120108
-0.3124126434442754,-1.2105781109320737,0.2939781153647271,1.2467291919882797,1.7151732314424144,-0.5897290889457867,2019120109
-0.716796071943476,-0.7793567163048956,-0.4288912245772014,0.6344235060690826,1.057831370453031,0.3192940511533522,2019120109
0.921778025980945,-0.8406638323273491,0.025085282511853945,0.8724088551447702,-0.01616189869649869,0.9548476791011064,2019120109
-0.4580686816180188,0.3558910800878895,-0.502979393385839,1.1833576015219194,0.7894951397485928,-0.7771509166084161,2019120109
0.6411383089537116,-0.14564431730001462,-0.9054415179487345,0.06666909581641674,0.09228366721572927,-0.9465630968448625,2019120109
0.06884193847684916,-0.6253764774597987,-0.6355286106892976,-1.526453624689511,-0.08172888742640753,-1.2276431521289042,2019120109
-0.5908118669271366,0.08438507266151007,-0.20713967678083536,-1.7379773175743611,-0.887525921215352,-0.22028998896528001,2019120109
-1.0174785885925752,-0.6813817128886743,2.7620236695093987,-0.7031805955624649,0.030058321853766067,-0.6457546347621921,2019120109
2.6427584298168267,5.487356662639952,1.4861502233306183,-4.28723891891975,4.7250092533284045,1.3604495208725476,2019120109
-1.5745525676048675,-0.5580673720033534,-1.1491548716578195,-1.2605781626931745,0.2564455824971161,0.7753313883445553,2019120110
0.35604493916010777,-1.1544088955520513,-1.253072851824641,-1.2900391982929997,0.2467763245961837,-0.7098933034604541,2019120110
-1.061001159955459,-0.6784901057169067,0.7997584587816007,0.443793967461423,0.94687288261891,-0.10785578859235792,2019120110
-0.9583988776479497,0.05501825346081951,1.9536224107456979,-0.24570246389308242,-0.13038973230665052,-0.6485699079779114,2019120110
0.27859888422312573,0.17372385510786761,1.5066683729220962,0.6051725800101077,-0.31469866645543704,-0.6524490555825749,2019120110
-2.8547747979337106,1.7638922879976278,0.9204403144403304,0.5779408993353072,-0.25972350859080684,0.748144811888062,2019120500
-0.7337348639057052,-1.053545878481752,-0.24151007097195573,-0.0007573692077813217,1.2293911280101888,-0.5843670303267489,2019120800
-1.8764556246431439,0.2472887099366057,-0.5122973986522353,-0.5506373146455218,0.10708532968767963,0.6431460162353871,2019120800
0.5911339024730969,0.289381943344535,-1.168834399747026,0.7326976340169459,0.19623685656546747,-0.881107272933274,2019120800
0.4413603849987354,1.6008854444382392,-0.4153458063523839,0.6930539709954348,-0.9368472691278381,-0.893781822603775,2019120110
-1.3789562802440134,-1.6406308858025045,0.6576339801065426,-0.3289412247371971,1.3372978848020094,0.21517422451392665,2019120111
-0.8019028945133895,-0.5407057674676486,-0.5871774503192349,-2.0478579359584392,-0.2651422098597909,-0.49471754839418935,2019120108
-0.2704933193964547,-0.7820639051298965,1.4186647526402267,-0.1755522908204051,-0.03674130506319823,0.2260934891185678,2019120108
0.22146102352856917,1.160655461826103,1.9218208621417965,0.6041936946940306,1.1039508959057007,-0.7258347843234843,2019120108
0.07054676485396166,-0.8033361077469897,-0.2663341777183806,1.7204416695385731,1.5021339970304783,-0.3791632435184291,2019120200
-0.5575301383487115,0.5041552514100728,-2.162502744701346,0.7401706131451691,0.4705113474365429,0.19683602525301755,2019120111
-0.38098050803762024,-1.0565405490067281,0.9164303958280968,0.4502108518968435,0.7595548831333355,0.10710292178153574,2019120111
-0.5492080618995999,-0.20497678511683365,0.1949404810867365,1.1595763269666377,0.7814428357130047,0.0478705285649517,2019120200
-0.20604569345304008,0.20850513100559673,-0.1513926541378629,1.7694340619662483,1.1391727357438488,-1.0764408375850998,2019120200
0.20139199094684423,0.7976150224294125,-0.030165338534469337,1.6493215242240546,0.2106953417161641,-0.7049432888047487,2019120801
-0.0649047652529662,-0.4996289628613717,0.7777184098385597,-0.9385442518096914,0.02375221853982191,-1.5212970008719209,2019120801
-0.2045277546505448,-0.20599500027456957,-0.001551609778330359,-1.606481525329393,-0.9603645206535123,0.07273751743322995,2019120801
0.17308424248341459,-0.30393913628980096,0.13330471548048156,-1.4923587762878783,-0.46976914881963716,-1.423706756418844,2019120801
0.9450277955675132,0.40355693751428173,-0.591526935979564,-0.09876489519348458,-0.42997923485390294,-1.5622288007190346,2019120801
-1.206444028270036,-0.5982920024210016,2.659440063374269,-0.8055789372287061,-0.14690439808920466,-0.18497941072574783,2019120801
0.18829325191975282,0.9500465893539956,0.5582583459084736,0.5202367860351961,-0.4303336361394203,-1.3497023216212782,2019120801
-0.576162520865185,-0.7232674595995044,-0.07548968044857393,-1.2599236265991312,0.24184403132166576,-0.8856479884968828,2019120802
-0.4848127436478083,-0.7013653896790961,-0.45227054494378494,-1.58824710810831,-0.49871222797802484,0.5668156975360074,2019120802
-0.9892076794853445,1.2001592325443011,-0.189407031100581,1.123229856301023,0.1679772254136126,-0.39953110749402493,2019120500
-0.3134661156330298,0.15378051574989549,0.25925127913021656,-0.21588326527648904,-0.20356780383176964,-0.5372383464985488,2019120500
-0.9024405034318396,0.6553647548775174,-0.15363015165490013,-0.45422876167995935,-0.15383397256315903,-0.94257593287278,2019120500
-0.19478216812320234,-0.39371958636392645,-0.6739230257268229,-1.3433555437626377,0.1702455149657528,-1.6698634885740016,2019120802
0.6640682541702739,-0.4269446725635872,0.20229267917276098,-1.0010062336167376,-0.5573205568928474,-0.9686736918589383,2019120200
-0.06889185723344342,-0.12684187205549957,1.893076766158868,0.08016272532481872,-0.15756050128286703,-0.9568479476848366,2019120200
0.5868008915247859,0.8577955591141846,0.277842479861326,0.16768062874986003,-0.8362551561772195,-1.0450646896340665,2019120200
-1.0549513167080993,-0.6053555622758345,0.5254538623086844,0.03226600914803881,0.7453165774672401,-0.1905989647801951,2019120500
-0.32210800287808855,-0.21034157728104697,-0.5363966561390122,-0.4409470311017974,0.2579249207590336,-0.8409434846499098,2019120806
-0.1692731862430285,0.2454629489932423,-1.1999884454375984,-0.1867617059534924,-0.2124121199592544,-0.009170543831155424,2019120111
-0.02056942508096214,-0.4243007853463793,-0.6695310803985459,-1.2209398946506587,0.1795941930628427,-1.7014698441651073,2019120111
-1.9642874358711053,0.6971424483985235,0.6810530179893283,0.6030056133021189,0.25330215625328745,0.4900730747418437,2019120111
-0.3066578582607265,0.571471235072991,0.5114604998024205,1.5936813828210095,0.481356188373558,-0.6253513911541714,2019120111
-0.6477789456739886,1.417294180908545,-0.9382309939525783,0.4628016218261762,-0.3354861644728069,-0.5598228246048434,2019120800
-0.5139079043368562,1.5144905385232348,-1.0996409204285842,0.5048810192378088,-0.3446031166029547,-0.7631000928592673,2019120800
-0.6597017970271848,-1.0553462539116722,0.19039912999568628,1.1293643870906898,1.6216753994364443,-0.28372533600266,2019120801
-1.724851668446729,-0.6886166275411245,-0.399060494223808,-0.394753763163717,1.183543210134018,-0.28461524927765985,2019120801
-0.6204834854617661,-1.107367028915204,-0.8558216007547724,-1.3724287863160436,0.4996352876686765,-0.4253686915341059,2019120801
-1.2699885285910901,0.3262651034842854,-2.0797788400064277,-0.5055363980587397,0.3231762951419164,0.060188755713064125,2019120801
-0.4096247704203424,-0.5525996594170155,-0.4501120892406951,-1.5534872982927976,0.20349435604050703,-1.5730828242879917,2019120801
-0.24406316906074557,-1.3752120655886524,0.9313946690152078,-0.6112284507629112,0.8261859691184134,-1.1796446885678944,2019120805
-1.2360704038120764,0.2888407631624557,1.0368134252136756,0.9611827606969975,0.46735746040520976,0.05064074240241761,2019120805
-0.2814008283846401,-0.5873481749548314,1.5041458352305626,0.2914108424897339,0.5567504597566606,-1.0246160302858593,2019120805
-0.558563552078403,0.19482431505140105,0.7201720261717048,0.6906338068799485,0.24564465760890858,-0.3615702894436911,2019120805
-0.35067815474702296,-0.29596876303988756,0.8516441402962791,-0.3901061694766638,0.12486682256640265,-1.0242449460055232,2019120805
-0.0761772638299557,-0.3368672707580266,0.34024183211333353,-1.123461464286809,-0.644992562096765,-0.14305413729340535,2019120805
-1.9706902413463139,0.07265768860422936,0.5951373093156973,-1.5161502965742772,-0.37871892012051567,0.3058320787730412,2019120803
-0.8137627284296695,0.3014092739971689,1.8165306672411825,0.5040818000123343,-0.1795398265459873,-0.04253939652877314,2019120803
-0.638554339588922,0.2186563836091869,-2.2176066273683177,-0.35421971097178356,0.14788423532211364,0.1339438131706598,2019120804
-0.7837583352981917,1.3973377780014238,-1.0438408915664672,-0.16583487561682403,-0.3078610998218613,-1.2560693391948472,2019120807
-0.43600178370225323,0.4354475698032195,1.3438947212170882,0.09951163184312242,-0.28633945294968804,-0.8849766334494021,2019120807
-2.84658267700335,1.397412968817561,0.89163327436734,-0.5736331220150006,-0.6369740795428521,0.7612819440270986,2019120804
0.28284883986345916,3.359938679890984,1.3062927160199258,-1.747180878186714,1.9333049683970032,1.8956284098958365,2019120804
-0.0365342927095739,0.16159089044229372,0.7885736078841804,-1.3909199662107354,-1.1838501395620142,-0.4710400457795955,2019120804
-2.2014269860531237,-1.1822737893869564,0.39248097215246347,-0.42994419035543224,1.2345921791238819,0.7270149526163344,2019120805
-0.2404628180930903,-0.9550160556472682,-0.2112300389366118,0.9325969639481929,1.458540927448191,-0.7117006184990563,2019120805
-1.5009240240484565,0.7884157075158874,-2.515645360219051,-0.10588102690293316,-0.03992734282748459,1.226103932353311,2019120805
-0.4827494956073301,-0.08435983903315927,1.578015049059278,-0.6900832860921963,-0.8552467888200027,0.37449397957343766,2019120805
-2.191468648666419,0.5450985745942908,-2.033731954723597,-0.7979699262324047,0.37141955370158625,0.3434251009740276,2019120806
-2.8628673989610958,0.37046812894894826,-0.7394770876682275,0.92838000115001,1.330152957797679,0.9641170529165807,2019120803
-0.8655590062981059,-0.4570339636984132,-0.7417116016663261,0.37713217226568674,1.3712135327172417,-1.105044073502711,2019120803
-0.05364527401006426,-0.03289531393384555,-1.48855716101063,0.8340504037710337,1.219380007799112,-1.6031846390327125,2019120803
-0.3644369199877102,0.19451960059755322,0.7684566503387656,0.9320456310993656,0.4359109276194013,-0.793686775500135,2019120806
3.9206098372952325,5.835958407406512,1.1524225391907117,-3.271081338104781,5.099792550998974,0.5380265698116555,2019120806
-0.4907414404385527,-0.12238927099892453,1.3971579288070273,1.1540103912290103,0.8889987025588905,-1.1796262412641272,2019120810
-0.5392720719233189,-0.057299185129842244,0.9368763138496905,0.5245073901464883,0.15799317173453403,-0.03218028807595001,2019120810
-0.4038526997011015,0.5030654159871518,0.34927179893869065,1.0404371016987881,0.08304228409721424,-0.05241525796330435,2019120808
0.5666356328845926,0.981882036466466,-0.7572057696994451,0.7804324869869887,-0.09377612008124088,-1.656973918126196,2019120808
-2.868124566099002,-0.9836266348589406,1.0801703316845026,-1.5320744180571892,0.15169330358772753,2.0157219899077456,2019120809
-0.7431242834804384,-0.291370870399946,0.3052437418029811,0.8569032737738201,0.8507791031856707,-0.1901643738178381,2019120809
-0.5195276207287758,0.4442789325391512,1.4921976685497915,0.3251215169472204,-0.09547983850932483,-1.0276048023508446,2019120811
-0.18533770294655327,0.27039472604434034,0.9949685042061042,-0.9775832195390366,-0.6693454484913196,-1.3043399931486848,2019120811
0.4219198145041978,-1.1521038597154756,-0.8138788784739768,-0.33494658371251124,0.8591250136949068,-1.2260322157929553,2019120809
-1.4829970042418794,0.28490032053803577,-0.12329735476760445,-2.0091842316661017,-0.7636571164470795,-0.12523999215575937,2019120806
-0.41432360031963295,1.0759184902171905,-1.7559759775282386,0.7051023683210471,-0.00825856285196583,-0.21193536683269182,2019120809
0.44193705412591944,-0.366683354411076,-0.8034445351606013,-0.7140214070260412,0.07828669491717265,-1.390353215172029,2019120809
0.2325678455257909,0.2767114495839702,1.0128151094441342,1.2007775424852194,0.8558641985395578,-0.7268403202152781,2019120809
1.137020691937506,0.5112789978796125,1.282066632781676,-0.6673526074152596,1.3569734951197405,-0.016948545814145403,2019120809
0.08555700905885366,-1.1909437680468906,2.846230846049001,-0.10185369222914177,-0.16655518679067347,-0.7964445748713532,2019120809
-1.001217108379634,0.6572485166019374,1.3211298377620033,0.13626460932043108,-0.30279332392037256,-0.4230662184932454,2019120809
-0.42413761447712345,0.48829298041516656,1.3067951745670365,0.1954138284969454,-0.2816299127949099,-0.8572221563529114,2019120809
-2.0380593740817448,-0.6475980708219776,-0.22112089619895497,0.041006870925824265,1.0504647760237966,0.9459539809558559,2019120810
-0.11827306899170076,-1.041056584736815,-0.9645549577354403,-0.9665219155730145,0.6901332836461114,-1.0923688014360797,2019120810
-1.5316588524089618,0.8142961976112634,-2.3780743314803745,-0.15817926477009722,0.5622196778584296,-0.4713433229893885,2019120810
-0.5826490374544044,-0.3752177654155726,-1.621026070760037,-0.9130832902749705,0.43976973905828154,-0.6682622238602106,2019120808
-1.7258198456969744,0.20656932189971186,0.4165013237285057,1.5030127595608924,1.1912283061792264,0.21261223356255093,2019120808
-1.501314538624327,0.05820069090539359,0.2902813972363864,0.9667797241901768,1.0355606455274962,-0.121295167298365,2019120808
-0.8753594956813678,1.0775316744145473,-1.4956644726991841,0.6033931121458618,0.3478806866687734,-0.773315864539713,2019120811
-1.5343732604936546,0.532433445856892,0.21961450444237185,-0.5516640735113495,-0.17708130082743295,-0.1093343805329206,2019120811
-1.3552623758282396,0.44752089026273756,-0.10638530975781892,-1.1553116798712195,-0.7607906112050156,0.6014737821812641,2019120811
-0.3693569772199186,-0.36043830870603016,1.4456591578202753,0.815065000145922,0.606603132486187,-0.6807578547819627,2019121200
-0.07467259997792212,0.3419488456479692,0.7565493003154323,1.7217577010614364,0.5800865027517106,-0.7012276596298933,2019121200
0.42560259398327954,-0.24388526211559688,0.7353124943131792,0.4497335525423085,0.16002720599042192,-1.0146107655380228,2019121200
-0.09774140898818133,-0.2728826886877751,0.31312773386032133,-1.2122680342060859,-0.4077401245988098,-0.9580262221829758,2019121200
3.5344233820986672,4.517620533814247,1.0546722813826714,-3.2989562617300456,5.292121175538453,0.4000519099913265,2019121200
-0.06235319713761662,-0.4221603302759374,2.366886214991754,0.3686755528040958,-0.03506167209282788,-0.5438105092457486,2019121200
-0.7294259876089576,-0.12101016968115966,2.000814743905625,-0.34071060864955893,-0.2645936093233014,-0.4446193088761805,2019121200
-2.166767797657064,0.6505638984541132,-0.5568842950656488,0.14390987697522784,0.46346546143451584,0.38163920128870527,2019121500
0.7252580927781498,-1.05725778615939,-0.3820523204465173,-1.3728371664652723,-0.20843627751783764,-0.8910969179836157,2019121500
-1.628977037909463,0.8651143391102923,-1.4136364580846141,-0.7594427097937945,0.12021054801076587,-0.749531262724714,2019121500
0.48944337829375667,0.5981557328444886,1.60804402492114,1.0814126662474584,0.2481228936065804,-0.7015336287318519,2019121502
-0.5340043163470968,-0.9874409260277647,-0.1146082818653356,0.8093458389522435,1.3663207058439713,-0.23583447465963128,2019121503
0.03456081906837396,-1.7267414729404889,0.003959430496275641,-0.4273207081375816,0.8555505238471548,-0.138372669677567,2019121503
-2.0266193676379824,-0.9741476800148899,-0.5635411152146415,-1.8064408007081716,0.4983262460084368,0.4860234160452742,2019121503
0.3582398571233112,-1.370207605810704,-0.8900704027476213,-1.1037472943314974,0.417841059854844,-0.6576173870196368,2019121503
-3.076619762550449,0.6577351875068754,-1.22565914429276,0.575351855540989,0.8979059464747011,1.5598984480801412,2019120900
-0.8945416533241499,-1.0828438503030546,-0.2115031456641986,-0.20939559011846648,1.2028544300876114,-0.5545691965026622,2019120900
-0.1858386763279132,-1.1626194709789697,-0.8677550770892841,-1.2207968444902473,0.6970771527652302,-1.2006739271715132,2019120900
0.583203256373256,-1.501555124913734,-0.7324919245640742,-1.023233624482685,0.661835316093674,-1.3074832203910343,2019120813
-0.9255934553574995,0.04266217644102882,0.7646656119381301,-0.346257565264809,0.3503749292484516,-1.3495521388424463,2019120813
-0.6187754757989121,0.07667751421624724,-0.33202458110845495,-1.880067471135414,-1.2446515648873797,0.6084847490618869,2019120813
-0.3784369710203783,0.1752214683378455,-0.2490660509572568,-1.5344485168914415,-0.5644741890148913,-1.200450084587928,2019120813
-0.8998362950362871,0.9566485398254385,1.5530425461753867,1.7793290099322534,0.13411113786322687,-0.00869383313266432,2019120813
-0.48803679143000034,1.351651413524982,0.2608893768269095,0.24762415270351934,-0.4845438379613931,-1.2857384253012287,2019120813
0.339956920231733,3.538494913854549,1.2326258831076708,-4.0779302540762465,2.3034326325467522,0.9328177629036681,2019120813
0.18202773427870358,-1.0728390209048442,-0.06052733588197939,-1.369800077015488,0.057062488979840266,-0.9545171950163558,2019120900
-1.1142493186497298,0.8811960650576783,-1.2679653299244005,0.11078303001708875,0.5083803793819051,-1.3069379802258698,2019120900
0.5982488776685088,0.6285411423894658,-1.4830344581515162,1.0359701689318916,0.19660938695734226,-0.9417602772106289,2019120900
-0.2069827998694776,-0.09265852589427982,2.006284952775189,0.2748663714918754,-0.029847953380397172,-0.9372357234643073,2019121501
-0.5804889853270767,0.4210389810881521,0.8734941934386979,-1.1689655492730207,-0.8345843569479271,-0.8370001079670957,2019121501
0.5125257608902564,0.1902794333559006,0.8551359309105451,-0.6994580968612162,-0.7767809016184509,-1.36507085171657,2019121501
-0.6931082172405261,0.9039861512413319,0.49401432543518814,-0.5569372284631479,-0.9699862858947071,-0.18103928337170658,2019121200
-0.3838322474896589,-0.47958483639599075,-0.6040211359694827,1.3052582430588053,1.458983860052532,-0.685238312992324,2019121500
0.0655364421563627,0.8295185753364155,-0.07316997625217764,1.3596889938775192,0.30835009607081054,-1.2240933254303759,2019121503
-0.044175702073679976,0.8113414744815791,-0.4897631622567891,0.342125843687444,-0.2876356435992373,-0.760750584640327,2019121503
-0.47793229217479516,-0.11346203410637808,2.123502711258848,0.2159531464772034,-0.037848618863270546,-0.6486516671928155,2019121503
-1.102879532786354,0.616502489663759,0.9855288772462277,-0.8582045624160294,-0.7225710118317957,-0.3879880852650253,2019121503
0.062169332308522014,1.6211354505039646,-0.5883231838063374,0.021786827240119662,-1.2860019229056903,-0.3921188942561774,2019121503
-0.938216881643807,0.2850521663359804,-1.7917806410432124,0.5213911222476125,0.5339496302248985,0.47185226334748953,2019121504
-1.399822048845112,0.399164434584968,-0.05192080054219152,1.3518820444249433,0.9946132671492768,-0.07726008937432537,2019121504
0.4326271609673043,-0.49004384319735395,-0.8522469258331308,-1.203585845902489,-0.09315057073336244,-1.3819761273354911,2019120900
-2.6527698059957805,0.7286630333248786,0.8147883491765038,0.22711092959878484,0.2554455636756187,0.7631277153236239,2019120900
-0.39416581674084444,-0.7655502265310606,1.4088714552839143,-0.2786086902221502,-0.0710469425017071,0.3095917553686162,2019120900
0.1800027509430052,-1.1572580273875877,0.254273373335355,-0.9467251294752959,0.34672282001082244,-1.085906322609433,2019120813
-0.3814288490037378,-0.47456863034078217,-0.35089892288875296,-0.9204580143709125,0.23437721998514288,-0.9797158701323633,2019120813
-0.3758890908293259,0.5107729744324145,0.47415670326631026,1.1825272552598411,0.44016792776924174,-0.881189995990471,2019120900
-0.7619288767741922,-0.1001866558293915,0.5681853785512014,-0.6276764561178779,-0.3927881894074543,0.29962415429972317,2019120900
-0.4853973710359337,-0.1699957510773889,0.7138444078660842,-0.552272206496831,0.14772110110925873,-1.3006039408702357,2019120900
-0.11648872406343076,-0.31338074856532044,-0.7130273583105441,-1.1206449115179506,0.24281166181320257,-1.776594927502992,2019121200
-0.6280885601082291,0.38248381533809644,-0.057540188554939725,-0.668891139279378,-0.3262983589887508,-0.715392161092107,2019121505
0.06023653656039051,0.8325610989101807,0.9568733222073441,0.9855875435907706,-0.21495083870282444,-1.0359274000825265,2019121505
-0.5983428824579587,2.236256418793589,-0.8273959540126223,0.4439573796910347,-0.9706692473382373,-0.7352336944709841,2019121505
-0.34525583366590995,-1.5597246616764842,0.32708044510756884,0.3170303269986889,1.3276172638306891,-0.23906360748742164,2019121506
0.16872001795529898,-1.3123062866931148,-0.5514552495984179,-0.37786145700811435,0.7853704223179246,-0.5784951592902122,2019121506
-1.1089186883825881,0.49267942793111463,-1.8336929877537869,0.5681785608769706,0.9560745316066886,-0.6833648584363126,2019121506
-0.2762187139095654,-0.23744174582370645,-1.2754275630018905,0.6914986050782264,0.9397508651673082,-0.503245541405689,2019121502
-1.114537972973118,0.3928733200260016,-2.0631924104613835,-0.1875816268957336,0.5431090646486064,-0.3960651639058318,2019121502
-1.5731000472594412,0.06801750843914808,0.33887953802285736,0.9492878388516335,1.161100110418937,-0.41326533706769314,2019121502
-1.7200913114313088,0.48436894991272705,-1.3858141147911252,-1.6409208686562666,-0.5552664439660989,0.5524007414157223,2019121502
0.3925396874160592,0.31734644994604383,-1.3905312835661332,0.050060919183289636,-0.015493197080104952,-0.9868487868394769,2019121502
0.25456972705162456,-0.430585946505754,0.14892021959707463,-1.4819625176838809,-0.8372705913638113,-0.344518978856436,2019121502
-0.38094131475785514,0.6175354096344284,1.629410521518192,1.4864337391660214,0.05692637240300825,-0.33883111471386923,2019121500
0.2812001826584092,0.8926205188559795,0.4038581564673867,0.19685733990558454,-0.7264852962845835,-0.9947503707059407,2019121500
-0.697906838960726,-0.8015859703757131,-0.8643183572178923,-0.6320088925269038,0.8356975980164058,-0.6943444285094419,2019121501
-0.12019470175413016,-0.3703315704437634,-0.6832125840435144,-1.0415179664537908,0.018037703985956593,-0.9875687979428923,2019121501
-1.0481696642812783,0.9101318951698953,-1.6420455184055935,-0.2272200763472071,-0.21969740024707607,0.11957975047754918,2019121501
0.4342001668107346,-0.8171586217668624,0.8727989662387617,-1.011431730586897,-0.1643204491300988,-1.2738276740234113,2019121501
0.4968927392835074,-0.46114190290584817,0.4362933139419869,-0.8887904305050057,-0.2456310177158217,-1.4310265076261997,2019121501
4.332791968768462,5.197899667551766,0.5523083346199625,-2.8567892958038796,6.843783379778678,1.5207155443982217,2019121504
-0.5020068957555274,0.78734916242142,1.651220179516392,1.916053064540077,0.20265201052777826,-0.2628056754168486,2019120900
-1.154642680661908,0.6750593065429645,0.9897426989996249,-0.6047651093827668,-0.8123864244580445,0.16457682871872747,2019120900
0.46337210286182207,1.6177706045359281,0.2946267628968285,0.9369934039019088,0.02927979535660839,-1.5855487272368538,2019120900
0.5116841324248976,0.989341627851096,0.0582332662832642,-0.1635696538765541,-0.8069799507326487,-1.6321018176051267,2019120900
1.20498689713281,0.49955205794339486,0.146698814069614,-0.5823793083363041,-1.0815156597474118,-1.5960481069626289,2019120900
-0.6688878493520783,-1.1268467868838261,0.20420199921933732,0.9788039153107067,1.52026782348961,-0.09825177020174608,2019121200
0.25903780679156496,-0.28716182225442255,1.5115643134047916,-0.7497528238746537,-0.7894723435963509,-0.4806885738556056,2019121504
-2.396710937679435,-0.7438383854259263,-0.8463039868793707,-1.9268822766136382,0.061006320397961035,1.6494606449955682,2019121505
0.26829791823209936,0.44635921259651046,0.07922375474952105,0.8792046981340601,0.05472555288502529,-0.8910823756042222,2019121505
2.3896637865528536,2.6437662509109554,-0.16335052214211804,0.17842540494649442,0.22363266403028417,0.8244172951609235,2019121509
-1.6013964821262119,1.4077221247936769,-0.45007285445887896,0.5354238680753771,-0.13507757722690095,0.11231352553275642,2019121506
-0.9423329355958443,1.342659807286677,-0.6842088822726349,0.5510879706003224,-0.2828762205615358,-0.14965124456195697,2019121506
-0.6064066238291057,-0.034449719437045306,1.7191040094710037,-0.6060708816618449,-0.42325026712371855,-0.6099564904305563,2019121506
-0.8643797925924727,1.0530285804891044,0.7424184802409093,0.13106558532373774,-0.4696714612416588,-0.649960665208486,2019121506
0.13473409149167082,0.4417152511026483,0.8634562363045039,-0.3781820092651373,-0.5943744926658987,-1.3343726619333476,2019121506
0.20133422952880276,1.3104803760258745,-0.0928515688651135,0.07297739554029324,-0.7015471006029161,-1.6701949800508467,2019121506
-0.7548003118323461,1.5618421094505452,0.44783114286022246,1.2785310471784483,-0.45395394593701077,-0.009845850478288938,2019121507
0.20988990112532774,-0.7888852315067825,1.006724519846148,-0.7235287280216782,-0.21535241013000264,-0.5421229253476865,2019121504
0.1325982175490931,-1.3159084338718816,-0.6690553815430155,-0.6949807522871503,0.6483091963183649,-0.5665010279196356,2019121507
-0.4439827082937704,-0.9164128687893867,-0.8901375870834308,-0.8080113467192309,0.8256851732769789,-1.0393416998574248,2019121507
-1.2495388003254018,0.777500328273823,-2.3046803949939707,0.29884756495946135,0.5830901170636387,-0.22297364018174304,2019121507
-0.5674843424356697,-0.05862749245398393,-1.8542339036756914,-0.5867167769064099,0.6163503212087811,-1.1571798356993945,2019121509
-0.13255039577889208,0.0932597313655649,0.2808426597765107,-0.13657890206386297,-0.20281313564742345,-0.5697489629731646,2019121509
-0.4885916876941475,1.1553791057759062,-0.48714369804442825,0.7849235284981553,0.033613780312277526,-0.9933638266464321,2019121509
0.39021950327055344,-0.8312881264863833,-1.373264649164702,-0.48120387278253735,0.35283219474448474,-0.4199703953430957,2019121513
-0.01994460300092012,-0.7305975958357143,0.7779083908915776,1.4150709057119872,1.1215605469737717,-0.4811589661728883,2019122200
-1.8630101237119845,-0.7405609583406771,0.6349923761030524,-1.0224720846321946,0.5245290619750399,0.1725225081211519,2019122200
-0.5631620191384845,-0.5763525899320616,-0.20738432181111258,-1.0365549366189397,0.17175309566465358,-0.6151024696394772,2019122200
-0.22224301637247754,-2.049057036350377,0.5430627163940278,-0.6043050286067932,1.212896981557178,-0.6170060862723772,2019121511
-0.6018501093981015,0.4622235148923586,-0.5643709966962027,1.209635059818233,0.7809715320483154,-0.6909398677078383,2019121507
0.09934317168994097,0.7389766034505759,0.4847674976488467,-0.258243549438907,-0.8591391103087734,-0.807233448177431,2019121513
-1.7620944458059502,-1.2051587883254635,-0.10843214859382166,-0.9431142750280848,0.5793735182626043,1.364275623723451,2019121600
-1.2661745109906728,-0.568726057899396,0.6234673995406572,0.1432725056235841,0.8137665285897823,-0.03559656365067474,2019121600
-0.6478856515829752,-0.3429094546933836,-0.7303664359321342,-1.395843233078536,-0.41958434980392767,0.323636745068844,2019121600
-0.545374058677286,-0.1831649645344088,2.282907851801185,0.3006821846564349,0.03912493995954903,-0.5798603149638728,2019121600
-0.787480113912895,0.3365850170467321,1.6564296366184976,0.3022239510973554,-0.3368484717321878,0.04910112259723668,2019121600
-1.0783676734514154,1.246871962776834,0.767746069912158,0.6969955529953086,-0.49409632210651877,0.13906155942723963,2019121600
0.46122070519199987,0.2658573621263944,1.1431481573396083,0.17072806139157462,-0.4669343973541396,-1.1284643702432986,2019121600
-0.8140672350752083,0.06087316711657623,-0.48136163031356904,0.018507063163486985,0.3707633362719777,-0.33732676863836775,2019121508
0.34811955694410207,-0.9088960972555923,-0.08222798326162509,-0.6831444064551621,0.1669324266736406,-0.7785598128960656,2019121508
0.5276709020884841,0.5604722224303536,-1.5841310448584454,0.5586107770177554,-0.029380935318342478,-0.7702385353686096,2019121508
-0.4296837685269977,-0.0909820400891301,1.2908642399581216,1.2030665732400991,0.6839492217008812,-0.6726195068303751,2019121508
-0.7287645281818205,-0.9376645988438311,1.7516622050300052,-0.7321850181916156,0.412272756444943,-0.9693068320946586,2019121508
-0.9161365367276038,-1.0856521502273593,-0.540381759453287,-0.6723397677019363,0.5075025493159806,0.7663561911158523,2019121511
-0.18900974337636234,-1.9401009670744431,0.5253716408817207,-0.17126622922819662,1.1870537058656352,-0.17207687210112477,2019121512
-2.0751005499932473,-0.25607565187519354,-0.5830310542688404,0.1911349359402157,1.20387018779228,0.25761097935686356,2019121512
-1.0347124957258607,-0.23850545414832913,-1.0472674117178356,0.6069263979446522,0.7192933977734227,0.8704176227260483,2019121512
-0.1761316571348025,-0.5324727223441689,-0.11200260375162904,-0.28093258543660904,0.4375132637179714,-0.8748786171096702,2019121512
-0.2284575303635072,0.21447600350467452,0.8740665479526541,1.5606821285423655,0.4082858629684556,-0.09744026091013155,2019121512
-2.270188466685128,0.4044323441495831,0.564353282125935,-0.9721635767335113,-0.12374636432051361,0.2297988296272731,2019121512
-1.0756342083198112,1.304048282019349,-0.8131154573129243,-0.1322068019688381,-0.35194919170264627,-0.6326697162545557,2019121512
-1.8060958886619773,1.2867206463513918,1.1600997079936117,1.0388591913930911,-0.3840964919167322,1.0742745063935906,2019121512
1.782071593427945,0.08921021200544262,0.26948627568369327,-1.7506307829765018,0.19671178362699931,-0.9565372568835042,2019122200
-0.4489003602042658,-0.2688966099653842,1.8852053704288492,-0.6278969774658975,-0.5685846111968621,-0.12308223531896857,2019122200
-2.377123759940948,0.23933760074150653,0.8571662097701898,-0.8476841506460916,-0.07897576213764018,0.6065555323120343,2019121513
3.229736268316582,3.7323291245749135,-0.09329676200619225,-0.9232041647439769,3.1364453102928134,0.686253464105411,2019121513
-0.54296139788882,-1.541410607647728,-0.11462205321638562,-0.9161478287015278,0.901027354965925,-0.4562070355614622,2019122200
-0.7419610648429524,-1.3066520605750207,-0.5026124490340651,-1.2891932817562866,0.636394385488828,-0.28959450884324006,2019122200
-0.2130248140278337,-1.0504572860540657,0.5507011444258811,-0.3644815553458165,0.6292779581682102,-0.7869913908374593,2019122206
-1.4110387024171382,0.808841484690027,-0.857730393910428,0.6834055553048274,0.5910481168409994,-0.35800413933682657,2019122206
-0.432021734981791,-0.6843162623196519,-0.4630024635378109,-1.8661552310795722,-0.08742482173247397,-0.9880033889052493,2019122206
-0.07412893167168269,-0.121756630809812,-1.2421333383331188,1.3562696038211233,1.1166523391569672,-0.5163787686203516,2019122205
-0.20492202212291827,0.12119443830404927,-2.0721397490941627,0.008949704624108315,0.4901562659341583,-0.7070559862632861,2019122205
0.09006033324008246,0.7697425846012325,0.5267036975586734,1.170340993345948,2.1799124070799842,0.08079970364800879,2019122205
-0.3386510941544031,-1.290317810486336,0.8008089235059902,-0.6317970071093315,0.6079033404053487,-0.6141813823300554,2019121511
-2.4768444153523848,1.42662895066329,-0.06362430744508119,0.49175277947280127,0.06786746716275406,0.5006219587769897,2019121511
-0.2094379100606162,0.8199995301659881,0.003551669487063829,1.28922877963604,0.2122454047086249,-0.7213769653779698,2019121511
-1.9961822917183945,1.3091373387608467,1.3031934543390067,0.996063160232578,-0.01995657691311949,0.22430995241507778,2019121511
-1.998517399611066,1.5497788149574665,-1.8143113058076323,-0.007427593956401448,0.22818901154340238,-0.5366950354579316,2019122205
-1.1843906208878947,0.39194290747356175,0.4507790701530501,-0.3018887399078237,0.28602065452127423,-1.2700588268326853,2019122205
-1.0394099859153216,0.9213050354959473,0.9031325166365668,-0.028142622823642514,-0.5408895954748919,-0.2862515255991098,2019122205
-0.016267584179268973,-2.0299127811895556,0.40336553614299875,-0.45405981156564984,0.9415706325876559,0.04658064102171202,2019122206
-1.4160146125192703,1.7981391807114993,0.6656944991155371,-1.003809007320589,-1.741798574084303,0.26703122891734804,2019122208
0.3890092543993384,1.1857522850930182,0.929389190705918,-0.3742475276855034,-1.4260834486890612,-1.0889878462663136,2019122208
0.8222239419963353,0.8325211493536738,0.43439351598741777,-1.589296424875294,-2.692806964592498,0.7425691291687396,2019122208
0.591166406520446,-1.3855652954459916,-0.7474823240623636,-0.5998744499592051,0.6484705200728406,-0.8884999615492528,2019122209
-0.35674065916583175,-0.5504834582380032,-0.7000032634746172,-1.866529061831788,-0.24779286627982755,-0.8149079602567869,2019122206
-1.3132075297483805,1.2193743663854517,0.365843794252273,-0.641764424213848,-0.9129172914553514,-0.13178230107276284,2019122200
0.6349380848993538,0.02783633988744477,0.8971190630831638,-1.0628721578823037,-0.7377044780718525,-1.8684566376919096,2019122200
-0.1101521486148592,-1.2355807073685194,-0.9384623650275176,-1.5307619370213608,0.5896120240494012,-1.2999325391474759,2019122209
0.47224039525460926,-1.5073816945203742,1.1948946328115373,0.790580859214339,0.7264157272603422,0.22476071276778503,2019122209
-1.1748480611568517,-2.016419589223873,0.87382050127906,-0.7432202561276883,1.2684754032875927,0.12082482766176139,2019122207
-0.8240744256050081,0.08515076367794719,-1.1683978302956102,1.240909999885598,1.2709423116057832,-0.47797682184789864,2019122207
-0.629157876754174,0.2034581168443804,-2.072821611708663,-0.26492046816520065,0.5088943487521068,-0.7216811410694878,2019122207
-0.31330179891695886,0.41915938856845547,-0.19735873438465149,-0.5475073786551191,-0.3346606429345526,-0.9511800458211466,2019122207
-0.8907862479429687,0.9659928816254171,0.8399142509674138,-0.006080532857747741,-0.38239250575915895,-0.9186976622988721,2019122207
-0.7295676028870063,-1.4087407346201477,-0.3108132237893638,-1.1638783797848966,0.7640365311788314,-0.35709759440679817,2019122208
-0.7010848065231934,0.44708616472549023,0.6265905880450348,1.1833817255990953,0.23235026380054147,0.14452827918217762,2019122205
-0.5825963971742016,-0.1514026130530859,-1.5035211780829434,0.013254676723455252,0.7865287401173173,-0.711866615746267,2019122208
-0.03708455103541927,-0.4901788441173688,-1.3660610885833366,-0.2037557048346919,0.881667556657758,-1.4434182886763198,2019122208
0.5237099104149332,1.4555496220413684,1.239593448594119,1.3015904762350505,-0.8254494148175466,-1.07693411313809,2019122208
0.08241142298772675,1.211764182590719,1.3636874796886835,0.05353546107241337,-0.7051812641461408,-2.172316827388769,2019122208
-0.8057763800708617,-0.4338686722565244,0.22253412068870748,0.06363389321683445,0.73096714296491,-0.6240037175020237,2019122209
-0.1925565254888294,-0.9949924101753773,0.1533950639803318,-1.0737695592280025,0.26570346767556163,-0.8058485249957774,2019122209
0.06707772978143273,0.5457100775217203,-1.190903393121763,0.8865794222300022,0.26011807195816405,-0.5796287293320695,2019122209
-1.8078392609343026,0.9436476435833256,1.5785886693133386,0.8133389100579209,-0.111562934757926,0.49343486021171257,2019122211
-1.4384622873737851,1.1350937093955544,0.803767353020923,0.10793202531203032,-0.724202840107111,0.5723171413277699,2019122211
-0.12918699529436775,0.8986296974865651,0.570491311396548,0.2664424967050013,-0.7915754755363555,-0.25919374353560076,2019122211
-0.15813250033476078,-1.8576248547191894,0.11545022148715844,-1.0027924640738959,1.0396591632874883,-0.9808643967030518,2019122212
0.048042257156390954,0.1879731890114907,-1.8230537316739404,0.9708226912003032,0.9717330077692586,-1.161352213293864,2019122212
0.3681260653815115,-0.6123694597590574,-1.6292775193124678,-0.5994231480193811,0.4671520267072147,-1.1396849175726176,2019122212
-1.2297124095280672,-0.19515384612445075,-0.7246641636120104,1.1031248184238918,1.2101891421169146,0.34598728669628714,2019122210
-2.3401920492877437,-0.5128161658201085,-1.0711103025994095,-1.7317169853148273,0.11122236726020722,1.3979085096162407,2019122210
-0.3029412921317112,-1.6558144477543777,1.2498085491730948,-0.6610615326445943,0.7359980261002899,-0.5664267703067867,2019122210
0.14069225179001965,-0.4010819072730155,0.07009830728946667,1.0143422751209783,0.6873721786067069,-0.4318435888447151,2019122210
-2.4571326109511875,0.8300239346091339,-0.7189760841561557,-0.08788089840244839,0.4730865921223163,0.16373677822807983,2019122210
-0.6507927392663817,0.15821481631463247,-0.6932531179310325,0.23374823792141217,0.04099946091934032,0.5162548288741842,2019122210
-0.7587307729788711,0.5499036002224184,-1.2265707497192946,-0.1841570232693,0.10508448236007258,-0.5754602566619738,2019122210
-0.09771999015274341,0.16532266082851757,-1.222914848248392,-0.6602089509757814,-0.011708805123303525,-1.1393420662446225,2019122210
-0.30712904341086283,-0.5973355266543111,1.2230481065689143,-0.33501548758491123,0.16956702253680972,-0.7346035531048494,2019122213
-1.2177323791691763,-0.1877436721665726,0.7192982686312739,-1.1777062296418486,-0.30007470117452806,-0.012396735576864914,2019122213
0.3470614682560649,-0.4279440115424513,0.6492063071045396,-0.4509850138953076,-0.052598320264429295,-1.2620722825377848,2019122213
-0.32529906341339476,-0.11345509201585748,1.9498983005660744,0.06249342183780918,-0.2575496624030184,-0.42728137141944966,2019122213
-0.2950023201692712,-0.57845767981583,0.2728095033235904,0.3349786438989489,0.7543036371014017,-0.7465772613718323,2019122208
0.06724766440893779,0.2454923607803243,-0.5131002348274089,1.495946273731696,0.7208431382478067,-0.6587419404843293,2019122208
-1.5561515040860319,0.9411997011732385,-0.8320325296235722,0.8305465530802698,0.8640246066041466,-0.9123814800119724,2019122208
-0.9727493785089831,1.1292210960629463,-1.6655588006781814,0.29847886382913785,0.15626640404406406,-0.5981770791636547,2019122208
-0.5108010859297605,-0.8138149772569386,1.6374707380251048,-0.14703363740018482,0.21568563733389973,-0.10086914973970261,2019122208
-2.0251049661488274,-0.14860552859901444,-0.968213435959667,-0.0059873234992137364,0.5896784637808429,1.472709188929897,2019122214
-0.9429083998942348,-1.722780389694383,1.6929432375495692,-0.5945220190975029,1.002844805212184,-0.37286934665914134,2019122214
-0.3664555074479462,-0.29596599015409025,0.2741326680099518,-1.7555174357343504,-0.44579858362950653,-1.2082044267576408,2019122214
-0.8497169907183111,3.131218990346359,0.43611963663477654,-0.6604804886954139,0.5431503209714439,2.021550964801268,2019122214
-0.25665216917752753,-1.3241120672082796,-0.4573420175004319,-0.7791981231237921,0.8789089809476633,-0.8359113558573287,2019122300
-0.8630969178191581,0.17660630323829649,-2.058009335785254,-0.5572558387673973,0.42309505404960135,-0.5564931303364103,2019122300
0.005260715169948752,-0.9717427437480605,0.020982656112324794,-1.098553483904842,0.2144415363785072,-0.9590424043582783,2019122300
-0.12521896036080205,0.7505290391925498,-1.5616943536214252,0.4704226832758904,-0.013108907431676699,-0.41392046349735734,2019122300
-0.07721215430637511,-0.7071829607663213,-0.5073300245746876,-1.755109153045934,0.0593484564968958,-1.6270141867501562,2019122300
-0.4564956757745883,0.028776301518380964,1.2220664986860532,1.375511716837511,0.7183252613518565,-0.6690024632963362,2019122300
-1.791662571021314,1.1313635033872935,-0.0012513523666539109,0.6371831464613976,-0.10614698225529856,0.744239407130884,2019122300
0.2943170501574267,-0.6259868950584234,2.464367958252411,0.38827079667617204,-0.046855885791657524,-0.6374904801749804,2019122300
-1.8537071310673876,1.4089531616422775,0.7815769940675037,0.23295235710820172,-0.3973575596906942,-0.025578927094154696,2019122300
-0.8685945727535359,0.44772777830606536,0.6393980780347749,1.017854790587763,0.21440757579070774,0.17523037388977386,2019122209
-0.05516978073799815,1.1446159602077286,-0.5002647046535783,1.2093541730674475,0.11628327344116339,-1.1642122376411443,2019122209
0.00965852293135583,0.4851259915295967,-0.1935797948293471,-0.06402567248078081,-0.09678518541802891,-1.4381360601476387,2019122209
-0.8419060095660712,0.44719339728342244,1.8348223935663337,0.7973904830888748,0.13633631056841256,-0.6795107425704577,2019122209
-1.1034264572155008,2.3086963377096454,-0.7030715467208208,0.34103881687966336,-0.8577695858719818,-0.6792589752812235,2019122209
-0.4811848670246459,1.5536942599443861,-0.3294034591379795,-0.3141800504065602,-1.090532846111713,-0.6326356492532935,2019122209
-1.332564735291546,-1.6952738989585747,0.5491312554379089,-0.6601329313502352,1.1542072098775773,0.3041019609894071,2019122210
-1.2455892821319652,1.5647524049900934,0.38654880628321037,0.5388484717018106,-0.5731021595154346,-0.0670815672233856,2019122300
-1.764387955097143,1.912032814639899,-0.41481633301959475,-0.6132871417411095,-1.4400713933518279,0.9606671431753205,2019122300
0.43177770341294175,1.193682568016555,0.08073881436181236,0.3831784822332491,-0.5809192262444979,-1.7165082496630586,2019122300
0.3781738824046175,0.5588312698709145,-1.1500249069164068,1.2741589317505173,0.49328398931990947,-1.0943392207550524,2019122211
-0.3589541374023511,0.06108560093149876,-0.8906011870936302,-0.539148998892903,0.20463071087588286,-1.1314891384340933,2019122211
-1.7818233851318828,1.0997899075164972,0.2764498102006286,1.156160290655412,0.18822288893046185,0.6406047566342975,2019122211
-1.1179306213820839,0.033962221107422516,0.913089924849516,-0.09178622374382633,0.2782704786650945,-0.5928056957207599,2019122211
0.3426716323296582,0.0036534089748540373,-0.07679859104949938,-0.823568821818312,-0.3947277907817499,-1.3666241154194194,2019122211
-0.18731103954923972,0.06762303912609877,-0.9511895622108103,-0.21013991139039545,-0.08559504466606344,-0.13127832270418513,2019122212
0.49782698713782303,-0.9939539444331135,-0.3577462363203582,-1.4599537901613249,-0.09612996048145259,-1.1246105159488569,2019122212
-0.22258416823007182,0.01193543876913598,0.4196517989064641,-0.1161877638659089,-0.2100591329459507,-0.31367552317628866,2019122212
-0.06966371049386427,-0.8123082049856222,1.4841488121253048,0.022748247499658973,0.14493095503455078,-0.20692725782138596,2019122214
-0.5458502793265096,1.165989770564123,-0.6498240391024481,0.621606760855178,-0.3991374095683529,0.02359725983217768,2019122212
1.2428227906464802,2.0120496794042646,2.031446601133508,-1.9462277832731059,1.8125521570895342,0.9363533766794816,2019122212
0.6115188774588759,-0.7450827968137975,2.0251599574358994,-0.4100804558507547,-0.7582777440717099,0.05370545831867463,2019122212
-0.6742077484349078,-0.24943628194939788,2.3274135364129416,0.058612302701513644,-0.00848424754648182,-0.5250207866938248,2019122212
-2.5960083570744845,1.8000856705178934,0.770011215595275,0.450277993405189,-0.11976245131477817,-0.1430875472591054,2019122210
1.9813434707808744,-0.528084060038618,-1.2685829611965196,0.02914777227105466,-0.7839356105510635,0.3171706214492751,2019122213
-0.4559990298371178,-1.2243409168618427,0.24029213916963083,1.0246766174790964,1.4999500020905028,-0.10572069223040031,2019122213
-0.39823775041942155,-0.2920889281844999,-1.7878373492640782,-0.851644643153104,0.40569582758671474,-0.819647581455692,2019122213
-2.402512602485756,-0.5421691008397577,0.7424429635415777,-0.546361580912337,0.4289564690894131,1.4123691821503412,2019122213
0.3548281516674338,-1.5044322722174264,1.0693846238656137,0.21473527252580876,0.7501563221533223,-0.44463558560923755,2019122213
-3.086198756211945,-0.007550562423943465,0.13637052735106303,-1.144279600758692,0.1903779819412582,1.395398424049573,2019122213
0.1484011737833471,-0.9647048143515286,0.4275903937198967,0.10371843285833329,0.5778843787053779,-0.5796585831622658,2019122213
-1.0410994353048597,-0.6585098565463525,0.20693097153224288,-1.0341759049046593,0.5799089446667934,-1.0557997044586134,2019122213
-0.15698819599818994,0.12491076013126898,-0.919912222321039,-0.21338196724647052,0.3115024951618414,-1.3217188436131324,2019122213
-2.277390011556672,0.20383190065573684,0.7825707155433002,-0.8751709155785917,-0.3136917424918465,1.137699700308238,2019122210
0.15895907587940108,-0.7057111460536813,-0.1925172165120222,-0.5372127153159062,0.196669328382304,-0.71558193667443,2019122208
-0.8764716499981885,0.022095276888246192,-0.4388607316354818,-0.09675438320056987,0.3910107554586185,-0.41697315639380095,2019121506
-0.03085404197624222,-0.22836814960982785,0.5949213526023182,-0.4687128933956933,0.059778398984422144,-1.4084705707189387,2019121504
-0.47651582535657905,-0.33903132498582794,-1.597850758912319,-0.8872864715656947,0.7994318398740582,-1.7808648787807442,2019120500
-0.7403744692530877,-0.3108972729095228,1.416279265751338,0.5058958019406863,0.5036862201706603,-0.43026305603181736,2019120200
0.26144549705314934,0.07323244977811394,-0.519715243441261,1.1500240980491516,0.6343800969029643,-0.8701575566903408,2019120200
0.016109619803858572,-0.013801543937741665,-2.194216639294929,0.042782744678384874,-0.2165281322722095,1.1702044346186922,2019120802
0.22405519744905195,0.6372811880494481,-0.06446896990299927,1.1263254243033707,0.018185586482175786,-0.6715245065222495,2019120109
-1.1156081746608615,-0.38805940684624074,2.204642684752343,-0.9762463202233551,-0.5440911037893275,0.2947931017131486,2019120101
0.33376910748121563,-1.086281831880798,0.4717117762501987,0.43717888285310225,0.1338006713900106,0.9936375365798079,2019120101
-1.4752000929329367,-1.34814597008873,-0.4280352315320661,-1.55115466786684,-0.06284372071056006,2.1779633468720108,2019112408
0.0242688048854801,0.32426087759374733,0.17696225663339088,0.7997814927863441,-0.38392362167991567,0.6389298513516495,2019112405
0.3015875194327148,0.5210475607257962,1.0449826228439338,0.8288254969735873,-0.6878147291642648,0.16846884970968887,2019112402
-1.526461317413126,-0.05398950948766609,-0.8336445010090866,1.0051192632365362,1.0917343507695256,0.7038829502983567,2019112100
0.7342914960112302,-1.411923807046738,-0.4917568442228298,0.4153286629718736,0.5456112032649182,0.5588325959008021,2019111100
0.5830944170604908,0.6297608208367492,-0.8815745800273153,-0.04417722938096819,-1.0873635781368465,0.4179890348878494,2019111700
1.7519064388517605,-0.7738856573069415,0.08735114084463882,-0.8575810675902052,-0.9791228107656862,-0.45745443733437063,2019111007
1.9175290998978525,1.1247130554088804,0.2623649054638344,-0.8664592333883017,1.0238075908870545,-0.24169591580517935,2019111007
0.30411889991706376,-0.04865762061445007,-1.235123359931007,-0.6990067109732467,-0.3213660657142329,-0.5396374760556785,2019111005
0.8009409189928476,-1.3244031445871594,-1.1561535342203184,-0.56388981854995,-0.2606564996353212,1.2990545866571983,2019111004
-1.6364801873312378,1.7975358732624318,-0.20593903803555919,-0.5599449820859573,-1.058059192550848,-0.007114815294876133,2019111000
1.6516616118473462,-0.1683407286870322,-1.1171568106118344,1.1024493188964566,-0.3897287457404727,0.5407256349227881,2019110311
2.126705733493391,-1.8461954901313093,-1.212033870636487,-0.8558514558607432,-0.38901227485058487,0.406609182299788,2019110306
0.17385801215691343,-0.3782535149578541,0.9732519154876991,0.6249591068640412,-0.12519779314628407,0.45061115850482,2019102800
1.1721898007049587,-0.20167216535653587,0.7949990422106292,-1.2417152889206653,-1.0783762507731955,-1.5015923146208996,2019102800
0.7516032156693379,-0.5940925538607108,0.5189749111900229,-0.7401258050007071,-2.1216336934294433,-0.35698865204387703,2019102800
-0.6190751503620057,0.9021857758114115,0.9259235264028303,0.5731845278353236,-0.5777020144684518,0.11960241095238239,2019102710
-1.816845627420511,1.1709224244270098,1.2866637827901597,0.5182231287314037,0.12223880932724988,-0.8029820095640138,2019102710
0.984087408328295,-0.4794392998677658,-0.04672448140593275,-1.3279429903412638,-0.8291086021264621,-0.9551019687575447,2019102706
1.7311816460091185,-0.39057406089314944,-0.28912856199129056,-0.35739471913984794,-1.2658462343421384,0.4877637743798173,2019102705
-1.9421814874215713,-0.322355475758666,2.451586202555839,-1.1574373577596329,-0.41423514846452636,0.5874599665154584,2019102701
0.7879391346635628,-0.010760972617881535,0.2079365062433643,0.9195924592141308,-0.6920715459021526,1.1736132085913618,2019102400
0.5428122561496044,-1.0448001014002983,-1.027653786446427,0.03596448305316297,0.3342536800112205,0.3924380777172442,2019102400
1.1463184106013435,-1.4483454219995278,-0.2761085134172286,-0.1460599412480354,0.9962489381971734,-0.1520223729267973,2019102400
0.48066206938048683,-0.40396525508237313,-1.3576353736970592,1.254686053475231,0.45062410307835654,0.8795899431211434,2019102007
-2.297232203278011,0.17268413597776186,1.873010238079274,-1.2905162873930032,-0.7450041816282034,1.0848831056621921,2019102006
0.3697987202998547,-0.3785243395909908,-0.6410838886015507,0.21357240932167892,-0.5105288557823131,1.4940627834425033,2019102005
1.8656679896867034,-0.9717309461127799,-1.0144617120147374,1.3253531733772206,0.5422667698924738,0.677341387097126,2019101400
-0.6501629330853994,-1.4144549137732036,0.22538488009351465,0.04399563009335016,1.4292268901557676,-0.6979485505419425,2019101400
0.42175322163835155,-0.29909352369529996,-1.5035371341693073,1.1215588910204148,0.4360429426090845,0.6810688142448444,2019101304
-1.2015495745711584,-0.39454048552356835,1.4631032529161738,-0.12188622516305964,0.3234936208529056,-0.10079129544917219,2019100608
0.8291234069830731,0.6561556863150981,-0.624016259949433,0.4698679127337472,-0.2709500466616108,-1.4575446234420137,2019100601
-0.18690736702832478,1.1503021238926285,-0.7419324852667646,0.8961349913799912,-0.5605325748907631,0.41549937242477536,2019100601
0.9689799779540064,-1.4799788428248086,-0.9400622523153053,-0.3689501782210511,-0.11978120609026208,1.1730949292895534,2019092912
0.35843504125654807,1.282827525968734,-0.09304371990584082,0.36074256151513834,-0.8997843605075844,-0.9109666843148337,2019092910
0.6846962293520077,-1.441774460382521,0.2770888369070781,-0.6379900281439902,-0.3609886989706021,1.0101607822166807,2019092904
2.717424036358815,0.8021012831766909,1.9265838055315605,-0.8794972825900625,3.7446142099046846,1.7503086135296995,2019090900
0.40134077810431074,-0.1076430415722743,-1.474564069366768,1.347287618259603,1.0647970634300425,-0.959060965137854,2019090809
